Datetime,open,high,low,close,volume
2026-08-01 00:00:00+00:00,62832.51953125,62908.48046875,62824.78125,62888.19140625,65466368
2026-08-01 00:15:00+00:00,62883.19921875,62940.76953125,62870.3203125,62902.19921875,261720064
2026-08-01 00:30:00+00:00,62904.71875,62937.140625,62872.87890625,62937.140625,47818752
2026-08-01 00:45:00+00:00,62937.140625,62962.3203125,62869.44140625,62875.75,0
2026-08-01 01:00:00+00:00,62875.73828125,62901.8984375,62875.73828125,62901.8984375,0
2026-08-01 01:15:00+00:00,62904.23828125,62929.8203125,62854.4296875,62880.98046875,0
2026-08-01 01:30:00+00:00,62886.4296875,62914.37109375,62861.421875,62909.51171875,0
2026-08-01 01:45:00+00:00,62909.51171875,62914.16015625,62880.6015625,62903.0390625,0
2026-08-01 02:00:00+00:00,62903.0390625,62958.87890625,62903.0390625,62952.3984375,0
2026-08-01 02:15:00+00:00,62954.3984375,63010.46875,62954.3984375,62998.8203125,0
2026-08-01 02:30:00+00:00,62998.80859375,63026.62890625,62996.0,63009.3515625,0
2026-08-01 02:45:00+00:00,63009.33984375,63035.5703125,62987.0,63001.73828125,41064448
2026-08-01 03:00:00+00:00,63003.3984375,63011.26953125,62920.390625,62921.05078125,0
2026-08-01 03:15:00+00:00,62921.05078125,62986.44140625,62917.58984375,62951.53125,0
2026-08-01 03:30:00+00:00,62951.53125,62966.5,62915.44140625,62934.921875,0
2026-08-01 03:45:00+00:00,62934.9296875,62953.46875,62920.0,62938.5390625,60796928
2026-08-01 04:00:00+00:00,62937.51171875,62954.51953125,62931.37109375,62954.51953125,643072
2026-08-01 04:15:00+00:00,62954.51953125,62984.98828125,62953.171875,62978.2890625,64985088
2026-08-01 04:30:00+00:00,62980.62109375,63004.859375,62976.05078125,63004.8515625,16355328
2026-08-01 04:45:00+00:00,63004.859375,63037.5703125,63001.76171875,63035.7109375,0
2026-08-01 05:00:00+00:00,63030.44921875,63071.69140625,62990.671875,63062.078125,32960512
2026-08-01 05:15:00+00:00,63058.6484375,63058.6484375,63008.55859375,63033.03125,17453056
2026-08-01 05:30:00+00:00,63024.25,63041.921875,62944.55859375,62953.328125,55443456
2026-08-01 05:45:00+00:00,62955.4296875,62982.37890625,62938.7890625,62965.76953125,0
2026-08-01 06:00:00+00:00,62971.62109375,62984.91015625,62932.921875,62967.4296875,142825472
2026-08-01 06:15:00+00:00,62967.4296875,63017.28125,62950.0,63003.890625,10158080
2026-08-01 06:30:00+00:00,63003.890625,63014.9609375,62991.78125,62997.921875,0
2026-08-01 06:45:00+00:00,62997.921875,63022.390625,62992.4609375,63013.19921875,0
2026-08-01 07:00:00+00:00,63016.171875,63053.0,63013.21875,63045.3984375,0
2026-08-01 07:15:00+00:00,63045.3984375,63048.96875,63004.51171875,63007.48046875,0
2026-08-01 07:30:00+00:00,63007.48046875,63007.48046875,62970.01953125,62987.1015625,0
2026-08-01 07:45:00+00:00,62987.1015625,62996.98046875,62979.9296875,62988.58984375,0
2026-08-01 08:00:00+00:00,62991.48828125,63039.73828125,62991.48828125,63039.73828125,0
2026-08-01 08:15:00+00:00,63039.73046875,63042.78125,63028.87890625,63030.609375,0
2026-08-01 08:30:00+00:00,63030.609375,63051.75,63030.609375,63041.12109375,0
2026-08-01 08:45:00+00:00,63041.109375,63093.0,63028.01171875,63061.33984375,0
2026-08-01 09:00:00+00:00,63061.48828125,63080.53125,63047.94140625,63056.87109375,18698240
2026-08-01 09:15:00+00:00,63056.87109375,63068.94921875,63038.01171875,63048.33984375,0
2026-08-01 09:30:00+00:00,63048.3515625,63057.7890625,63041.44140625,63052.91015625,0
2026-08-01 09:45:00+00:00,63052.8984375,63052.8984375,62980.12890625,62993.2890625,9160704
2026-08-01 10:00:00+00:00,62990.828125,63044.44140625,62925.01171875,62947.8984375,14761984
2026-08-01 10:15:00+00:00,62947.91015625,63005.44140625,62934.80859375,62982.83984375,0
2026-08-01 10:30:00+00:00,62989.83984375,63015.23046875,62960.41015625,62995.28125,0
2026-08-01 10:45:00+00:00,63003.3984375,63006.51171875,62974.83984375,62999.44140625,40632320
2026-08-01 11:00:00+00:00,62991.25,62999.46875,62978.7890625,62999.46875,0
2026-08-01 11:15:00+00:00,62999.4609375,63027.71875,62973.46875,63023.48828125,9230336
2026-08-01 11:30:00+00:00,63023.48828125,63032.69921875,63003.609375,63009.58984375,0
2026-08-01 11:45:00+00:00,63009.58984375,63019.23046875,63007.3515625,63016.46875,0
2026-08-01 12:00:00+00:00,63016.46875,63058.37109375,63016.46875,63031.44921875,0
2026-08-01 12:15:00+00:00,63031.4609375,63043.7109375,63027.0,63027.0,0
2026-08-01 12:30:00+00:00,63026.98828125,63033.48828125,63013.33984375,63028.890625,0
2026-08-01 12:45:00+00:00,63028.890625,63044.30078125,63028.890625,63039.62109375,122515456
2026-08-01 13:00:00+00:00,63034.5703125,63044.6015625,63027.80859375,63035.26171875,0
2026-08-01 13:15:00+00:00,63027.01171875,63034.0703125,63015.21875,63020.0,0
2026-08-01 13:30:00+00:00,63020.0,63032.05078125,63007.05078125,63013.28125,0
2026-08-01 13:45:00+00:00,63013.28125,63014.6484375,62986.421875,63005.12109375,0
2026-08-01 14:00:00+00:00,63009.44921875,63068.9609375,63002.1796875,63017.359375,0
2026-08-01 14:15:00+00:00,63017.37109375,63055.62890625,63016.109375,63052.28125,0
2026-08-01 14:30:00+00:00,63052.26953125,63057.51953125,63024.33984375,63044.19921875,0
2026-08-01 14:45:00+00:00,63051.421875,63066.23828125,63008.28125,63066.23828125,0
2026-08-01 15:00:00+00:00,63066.1796875,63066.19140625,63045.578125,63047.8515625,0
2026-08-01 15:15:00+00:00,63045.1484375,63047.26171875,62995.26171875,62999.08984375,0
2026-08-01 15:30:00+00:00,63001.91015625,63003.62109375,62985.6015625,62985.609375,0
2026-08-01 15:45:00+00:00,62985.8203125,62990.671875,62938.8203125,62938.8203125,0
2026-08-01 16:00:00+00:00,62941.3984375,62947.328125,62873.73046875,62882.01171875,0
2026-08-01 16:15:00+00:00,62882.01171875,62898.9609375,62859.1484375,62885.83984375,0
2026-08-01 16:30:00+00:00,62885.30859375,62959.23046875,62874.44140625,62905.83984375,0
2026-08-01 16:45:00+00:00,62905.83984375,62905.83984375,62821.2890625,62879.1484375,7102464
2026-08-01 17:00:00+00:00,62875.44140625,62934.80078125,62815.9609375,62835.98828125,0
2026-08-01 17:15:00+00:00,62835.98828125,62835.98828125,62744.01171875,62779.48046875,20559872
2026-08-01 17:30:00+00:00,62783.4296875,62788.94921875,62687.12890625,62760.359375,3039232
2026-08-01 17:45:00+00:00,62760.359375,62760.359375,62604.5703125,62652.578125,0
2026-08-01 18:00:00+00:00,62638.66015625,62678.41015625,62570.1484375,62648.19140625,0
2026-08-01 18:15:00+00:00,62638.96875,62638.96875,62450.7890625,62508.23828125,509491200
2026-08-01 18:30:00+00:00,62502.05859375,62506.890625,62222.62890625,62315.609375,282903552
2026-08-01 18:45:00+00:00,62291.828125,62526.1484375,62222.6015625,62523.7890625,109624320
2026-08-01 19:00:00+00:00,62509.83984375,62568.921875,62473.83984375,62487.609375,157293568
2026-08-01 19:15:00+00:00,62488.55859375,62558.03125,62432.5703125,62492.05859375,312714240
2026-08-01 19:30:00+00:00,62490.5,62532.3203125,62398.9296875,62414.80859375,0
2026-08-01 19:45:00+00:00,62414.80859375,62486.91015625,62413.94140625,62471.53125,8654848
2026-08-01 20:00:00+00:00,62455.078125,62513.6484375,62432.55859375,62501.30078125,0
2026-08-01 20:15:00+00:00,62501.2890625,62580.48828125,62495.8984375,62560.5,56430592
2026-08-01 20:30:00+00:00,62548.26953125,62565.8203125,62502.01171875,62539.83984375,14760960
2026-08-01 20:45:00+00:00,62535.76953125,62615.2890625,62525.53125,62604.921875,16735232
2026-08-01 21:00:00+00:00,62603.48828125,62747.46875,62603.48828125,62690.55078125,44486656
2026-08-01 21:15:00+00:00,62690.5390625,62743.48828125,62690.5390625,62741.30078125,21000192
2026-08-01 21:30:00+00:00,62741.30859375,62803.12109375,62711.2109375,62740.3515625,40556544
2026-08-01 21:45:00+00:00,62745.609375,62771.30859375,62731.8515625,62761.359375,2128896
2026-08-01 22:00:00+00:00,62760.1484375,62810.51953125,62735.2890625,62800.48828125,0
2026-08-01 22:15:00+00:00,62800.48828125,62808.73046875,62769.609375,62800.859375,926720
2026-08-01 22:30:00+00:00,62800.8515625,62800.859375,62767.9296875,62789.609375,0
2026-08-01 22:45:00+00:00,62789.62109375,62795.21875,62761.921875,62765.359375,25183232
2026-08-01 23:00:00+00:00,62765.359375,62799.33984375,62746.5,62750.94921875,0
2026-08-01 23:15:00+00:00,62750.94140625,62752.19140625,62709.3515625,62715.078125,46745600
2026-08-01 23:30:00+00:00,62715.08984375,62776.55078125,62715.078125,62769.5390625,11573248
2026-08-01 23:45:00+00:00,62775.48828125,62783.0390625,62755.921875,62764.19921875,56880128
2026-08-02 00:00:00+00:00,62764.19921875,62909.2109375,62764.19921875,62869.44140625,74417152
2026-08-02 00:15:00+00:00,62869.44140625,62875.33984375,62818.51171875,62822.96875,7965696
2026-08-02 00:30:00+00:00,62822.96875,62851.03125,62787.359375,62787.359375,37640192
2026-08-02 00:45:00+00:00,62791.19140625,62803.05859375,62743.87890625,62775.0,65197056
2026-08-02 01:00:00+00:00,62782.51171875,62955.73046875,62782.05859375,62939.78125,16532480
2026-08-02 01:15:00+00:00,62960.87890625,63004.01953125,62906.359375,62915.30859375,111900672
2026-08-02 01:30:00+00:00,62915.30859375,62955.55859375,62906.58984375,62950.1484375,0
2026-08-02 01:45:00+00:00,62950.1484375,62950.1484375,62917.609375,62921.05078125,27491328
2026-08-02 02:00:00+00:00,62921.05078125,63459.1484375,62895.0,63391.94140625,347010048
2026-08-02 02:15:00+00:00,63392.62890625,63480.0,63326.96875,63340.73046875,276643840
2026-08-02 02:30:00+00:00,63347.609375,63395.5703125,63262.8515625,63320.48046875,376247296
2026-08-02 02:45:00+00:00,63321.05859375,63418.078125,63274.3203125,63381.98828125,44521472
2026-08-02 03:00:00+00:00,63390.5,63390.671875,63318.609375,63349.46875,124834816
2026-08-02 03:15:00+00:00,63349.46875,63471.87890625,63306.5,63375.8203125,130233344
2026-08-02 03:30:00+00:00,63380.890625,63432.5703125,63380.890625,63432.5703125,42676224
2026-08-02 03:45:00+00:00,63433.6015625,63443.26953125,63367.91015625,63392.87109375,52413440
2026-08-02 04:00:00+00:00,63407.96875,63491.94140625,63407.96875,63479.1796875,80697344
2026-08-02 04:15:00+00:00,63471.5390625,63493.109375,63448.2109375,63474.890625,92953600
2026-08-02 04:30:00+00:00,63474.890625,63489.28125,63454.23828125,63459.921875,61927424
2026-08-02 04:45:00+00:00,63459.921875,63540.25,63459.921875,63519.609375,51872768
2026-08-02 05:00:00+00:00,63516.19921875,63561.75,63394.83984375,63417.19921875,8350720
2026-08-02 05:15:00+00:00,63417.19921875,63430.01171875,63388.87890625,63419.3515625,30689280
2026-08-02 05:30:00+00:00,63426.87109375,63426.87109375,63351.01953125,63361.08984375,10727424
2026-08-02 05:45:00+00:00,63360.1015625,63399.37890625,63359.80078125,63396.19921875,69600256
2026-08-02 06:00:00+00:00,63396.19140625,63419.83984375,63375.62109375,63375.62109375,0
2026-08-02 06:15:00+00:00,63375.12890625,63431.69921875,63368.80078125,63431.69921875,9631744
2026-08-02 06:30:00+00:00,63421.44921875,63437.6796875,63392.3203125,63430.73828125,33682432
2026-08-02 06:45:00+00:00,63425.37890625,63433.0,63409.73828125,63409.73828125,0
2026-08-02 07:00:00+00:00,63411.01171875,63428.6796875,63408.87890625,63426.30078125,18630656
2026-08-02 07:15:00+00:00,63426.30078125,63426.30859375,63411.30859375,63423.28125,46782464
2026-08-02 07:30:00+00:00,63423.28125,63473.78125,63419.46875,63468.0,152879104
2026-08-02 07:45:00+00:00,63468.0,63468.0,63411.16015625,63447.62109375,126859264
2026-08-02 08:00:00+00:00,63441.359375,63464.98828125,63423.2890625,63423.2890625,142842880
2026-08-02 08:15:00+00:00,63423.2890625,63424.8515625,63324.0,63324.0,198995968
2026-08-02 08:30:00+00:00,63324.0,63329.6796875,63148.4296875,63158.48046875,132926464
2026-08-02 08:45:00+00:00,63155.51953125,63174.0,63105.6015625,63130.0390625,175513600
2026-08-02 09:00:00+00:00,63130.0390625,63215.9609375,63017.19921875,63198.140625,43234304
2026-08-02 09:15:00+00:00,63198.140625,63237.53125,63167.19921875,63168.73046875,540019712
2026-08-02 09:30:00+00:00,63165.2890625,63251.28125,63165.2890625,63200.890625,23822336
2026-08-02 09:45:00+00:00,63200.890625,63212.73046875,63185.9296875,63205.2109375,151177216
2026-08-02 10:00:00+00:00,63201.01171875,63201.01171875,63137.76953125,63138.19921875,16863232
2026-08-02 10:15:00+00:00,63138.19921875,63207.2109375,63051.78125,63073.859375,60239872
2026-08-02 10:30:00+00:00,63084.78125,63145.5,63083.12890625,63140.53125,45248512
2026-08-02 10:45:00+00:00,63140.53125,63142.76953125,63129.0,63142.76953125,0
2026-08-02 11:00:00+00:00,63142.76171875,63142.76171875,63068.9609375,63094.6015625,24205312
2026-08-02 11:15:00+00:00,63096.48046875,63135.7890625,63049.76953125,63093.05078125,88938496
2026-08-02 11:30:00+00:00,63101.4609375,63115.7109375,63031.12890625,63054.01171875,18900992
2026-08-02 11:45:00+00:00,63054.01953125,63102.7890625,62923.46875,62962.5,150682624
2026-08-02 12:00:00+00:00,62965.8515625,63106.80078125,62965.8515625,63106.51953125,43559936
2026-08-02 12:15:00+00:00,63106.51953125,63162.8984375,63082.73046875,63117.12109375,27239424
2026-08-02 12:30:00+00:00,63113.6796875,63140.41015625,63036.140625,63081.83984375,76365824
2026-08-02 12:45:00+00:00,63081.8515625,63093.41015625,63045.890625,63062.08984375,12883968
2026-08-02 13:00:00+00:00,63050.01171875,63082.44140625,63024.25,63037.37890625,64326656
2026-08-02 13:15:00+00:00,63039.5,63047.98828125,62988.26953125,63013.921875,30583808
2026-08-02 13:30:00+00:00,63013.921875,63042.71875,62933.76953125,63031.109375,86955008
2026-08-02 13:45:00+00:00,63031.12109375,63067.01171875,63024.23828125,63054.0,14024704
2026-08-02 14:00:00+00:00,63053.98828125,63053.98828125,62991.51171875,63022.5390625,11333632
2026-08-02 14:15:00+00:00,63022.53125,63085.23828125,63022.53125,63060.390625,152311808
2026-08-02 14:30:00+00:00,63062.05078125,63099.359375,63031.12109375,63092.6796875,173907968
2026-08-02 14:45:00+00:00,63087.421875,63091.12890625,62993.28125,63002.30078125,14213120
2026-08-02 15:00:00+00:00,63002.30859375,63066.23828125,62986.140625,63058.6484375,73222144
2026-08-02 15:15:00+00:00,63058.640625,63066.51171875,63035.0,63060.7890625,83688448
2026-08-02 15:30:00+00:00,63059.3515625,63100.0,63059.3515625,63082.71875,47354880
2026-08-02 15:45:00+00:00,63082.71875,63082.71875,63040.0,63041.4296875,31713280
2026-08-02 16:00:00+00:00,63046.08984375,63072.91015625,63000.01171875,63033.28125,0
2026-08-02 16:15:00+00:00,63033.28125,63063.26953125,63008.109375,63047.26953125,0
2026-08-02 16:30:00+00:00,63047.26953125,63189.83984375,63035.83984375,63151.5390625,100545536
2026-08-02 16:45:00+00:00,63153.1796875,63160.921875,63104.859375,63104.859375,48485376
2026-08-02 17:00:00+00:00,63104.859375,63155.96875,63081.46875,63137.25,0
2026-08-02 17:15:00+00:00,63126.0,63251.37890625,63120.8515625,63215.640625,3800064
2026-08-02 17:30:00+00:00,63227.19921875,63254.98046875,63218.4609375,63254.26953125,13240320
2026-08-02 17:45:00+00:00,63260.69140625,63265.109375,63228.01171875,63228.01171875,0
2026-08-02 18:00:00+00:00,63229.51171875,63255.9609375,63217.73828125,63238.16015625,15184896
2026-08-02 18:15:00+00:00,63238.16015625,63250.05078125,63216.4296875,63220.48828125,0
2026-08-02 18:30:00+00:00,63220.5,63529.1796875,63216.890625,63406.078125,0
2026-08-02 18:45:00+00:00,63421.12109375,63437.0390625,63299.44140625,63307.6015625,124752896
2026-08-02 19:00:00+00:00,63302.171875,63320.12890625,63269.8984375,63282.6484375,0
2026-08-02 19:15:00+00:00,63282.2109375,63301.2890625,63253.51171875,63253.51171875,7891968
2026-08-02 19:30:00+00:00,63253.5,63321.5390625,63248.55078125,63321.53125,1342464
2026-08-02 19:45:00+00:00,63328.5,63401.12890625,63326.87890625,63380.1796875,92110848
2026-08-02 20:00:00+00:00,63387.75,63399.23046875,63343.87109375,63389.01171875,11894784
2026-08-02 20:15:00+00:00,63388.98046875,63419.0390625,63325.73046875,63338.28125,14349312
2026-08-02 20:30:00+00:00,63338.28125,63379.98828125,63338.26953125,63359.4609375,0
2026-08-02 20:45:00+00:00,63359.4609375,63430.16015625,63344.16015625,63423.328125,79452160
2026-08-02 21:00:00+00:00,63425.87890625,63498.328125,63405.0,63450.80078125,0
2026-08-02 21:15:00+00:00,63450.7890625,63478.0703125,63433.6015625,63472.48828125,59679744
2026-08-02 21:30:00+00:00,63472.48046875,63684.71875,63437.05078125,63625.51171875,31415296
2026-08-02 21:45:00+00:00,63622.640625,63695.05078125,63477.41015625,63503.80859375,217905152
2026-08-02 22:00:00+00:00,63589.05078125,63730.48046875,63578.078125,63622.80859375,259203072
2026-08-02 22:15:00+00:00,63622.80078125,63722.55859375,63500.96875,63526.26953125,66258944
2026-08-02 22:30:00+00:00,63526.26953125,63535.1484375,63301.6796875,63443.66015625,255443968
2026-08-02 22:45:00+00:00,63446.48046875,63496.19140625,63344.421875,63351.05078125,103209984
2026-08-02 23:00:00+00:00,63329.62109375,63381.0703125,63269.0,63288.109375,104467456
2026-08-02 23:15:00+00:00,63288.12109375,63481.48828125,63267.03125,63467.8515625,178406400
2026-08-02 23:30:00+00:00,63464.5703125,63528.76171875,63423.28125,63454.23046875,81099776
2026-08-02 23:45:00+00:00,63430.05859375,63502.359375,63416.26953125,63499.48828125,50411520
2026-08-03 00:00:00+00:00,63503.98046875,63512.71875,63306.76171875,63343.23828125,2882560
2026-08-03 00:15:00+00:00,63343.05078125,63362.98046875,63178.3984375,63185.9296875,92327936
2026-08-03 00:30:00+00:00,63183.7109375,63346.5,63133.5703125,63256.44921875,89113600
2026-08-03 00:45:00+00:00,63256.4609375,63279.75,63199.19921875,63245.98046875,37045248
2026-08-03 01:00:00+00:00,63237.0,63280.0703125,63112.62890625,63142.390625,60919808
2026-08-03 01:15:00+00:00,63142.390625,63180.01171875,63034.5703125,63091.8203125,96674816
2026-08-03 01:30:00+00:00,63086.171875,63172.16015625,63079.5,63143.96875,89785344
2026-08-03 01:45:00+00:00,63144.30859375,63152.98828125,63081.8515625,63130.87890625,131191808
2026-08-03 02:00:00+00:00,63127.44921875,63151.51953125,63055.2109375,63120.4296875,429056
2026-08-03 02:15:00+00:00,63120.4296875,63200.19921875,63015.19140625,63041.109375,0
2026-08-03 02:30:00+00:00,63041.109375,63131.5390625,63034.55859375,63094.1015625,0
2026-08-03 02:45:00+00:00,63088.01953125,63114.98828125,63031.2109375,63081.3203125,0
2026-08-03 03:00:00+00:00,63058.640625,63089.16015625,63014.83984375,63034.640625,14729216
2026-08-03 03:15:00+00:00,63027.69140625,63055.0,62983.01171875,62998.80078125,647256064
2026-08-03 03:30:00+00:00,62998.80078125,63009.41015625,62956.6796875,62983.80859375,15911936
2026-08-03 03:45:00+00:00,62983.80859375,62983.80859375,62714.109375,62780.0,217870336
2026-08-03 04:00:00+00:00,62781.0,62853.94140625,62727.390625,62784.9609375,96887808
2026-08-03 04:15:00+00:00,62784.94921875,62891.6015625,62784.94921875,62886.4296875,34896896
2026-08-03 04:30:00+00:00,62886.4296875,62915.96875,62877.30078125,62887.921875,16982016
2026-08-03 04:45:00+00:00,62888.390625,62888.390625,62695.91015625,62707.78125,31985664
2026-08-03 05:00:00+00:00,62714.62890625,62780.0,62665.30859375,62766.25,89393152
2026-08-03 05:15:00+00:00,62766.25,62789.30078125,62711.2109375,62732.94921875,110063616
2026-08-03 05:30:00+00:00,62724.96875,62764.3515625,62685.0,62726.25,91255808
2026-08-03 05:45:00+00:00,62719.16015625,62779.98046875,62713.3984375,62743.53125,619439104
2026-08-03 06:00:00+00:00,62744.98828125,62784.91015625,62738.73046875,62759.359375,97825792
2026-08-03 06:15:00+00:00,62752.48046875,62763.3203125,62673.37109375,62708.078125,181979136
2026-08-03 06:30:00+00:00,62708.08984375,62749.03125,62555.01171875,62555.01171875,167063552
2026-08-03 06:45:00+00:00,62553.73046875,62606.3984375,62529.44921875,62542.5,139134976
2026-08-03 07:00:00+00:00,62542.62890625,62591.6796875,62510.140625,62518.55859375,189748224
2026-08-03 07:15:00+00:00,62510.1484375,62589.75,62470.0,62552.19140625,548604928
2026-08-03 07:30:00+00:00,62552.19921875,62614.75,62512.19921875,62564.8515625,25264128
2026-08-03 07:45:00+00:00,62564.8515625,62593.76171875,62480.96875,62530.71875,114580480
2026-08-03 08:00:00+00:00,62537.58984375,62562.03125,62429.73046875,62484.1484375,52285440
2026-08-03 08:15:00+00:00,62483.23828125,62484.140625,62240.8984375,62257.03125,76598272
2026-08-03 08:30:00+00:00,62235.109375,62357.98828125,62210.1484375,62357.078125,189796352
2026-08-03 08:45:00+00:00,62349.21875,62457.58984375,62349.21875,62457.578125,58902528
2026-08-03 09:00:00+00:00,62476.80078125,62494.390625,62439.140625,62485.328125,99481600
2026-08-03 09:15:00+00:00,62485.328125,62582.53125,62485.3203125,62569.3203125,114554880
2026-08-03 09:30:00+00:00,62558.640625,62607.859375,62538.828125,62602.51953125,145258496
2026-08-03 09:45:00+00:00,62601.6796875,62778.421875,62601.6796875,62749.359375,552953856
2026-08-03 10:00:00+00:00,62748.109375,62777.58984375,62678.41015625,62703.328125,192786432
2026-08-03 10:15:00+00:00,62703.328125,62748.7890625,62650.01171875,62655.7890625,73668608
2026-08-03 10:30:00+00:00,62651.03125,62655.53125,62583.078125,62623.87109375,73709568
2026-08-03 10:45:00+00:00,62623.87890625,62694.83984375,62535.55078125,62656.0,76658688
2026-08-03 11:00:00+00:00,62658.0703125,62662.2890625,62505.609375,62564.4609375,158150656
2026-08-03 11:15:00+00:00,62564.4609375,62691.87109375,62555.0,62620.80859375,25604096
2026-08-03 11:30:00+00:00,62617.6015625,62697.55859375,62583.33984375,62611.19921875,100272128
2026-08-03 11:45:00+00:00,62611.19921875,62620.7890625,62457.26171875,62476.98828125,0
2026-08-03 12:00:00+00:00,62480.0390625,62528.98828125,62365.01171875,62471.75,137803776
2026-08-03 12:15:00+00:00,62471.75,62601.6015625,62461.6484375,62547.62109375,107552768
2026-08-03 12:30:00+00:00,62547.62109375,62671.98828125,62528.859375,62671.98828125,79421440
2026-08-03 12:45:00+00:00,62700.7890625,62709.46875,62604.80859375,62620.55078125,105213952
2026-08-03 13:00:00+00:00,62617.328125,62695.62890625,62614.51171875,62695.62890625,44216320
2026-08-03 13:15:00+00:00,62699.4296875,62912.01171875,62643.0390625,62692.96875,110970880
2026-08-03 13:30:00+00:00,62686.0,62859.01953125,62476.1015625,62847.98828125,447574016
2026-08-03 13:45:00+00:00,62853.37109375,63310.1796875,62732.80078125,63292.80078125,349868032
2026-08-03 14:00:00+00:00,63243.44140625,63375.19921875,63073.51171875,63244.4609375,682532864
2026-08-03 14:15:00+00:00,63251.2109375,63713.28125,63091.2109375,63700.94140625,309846016
2026-08-03 14:30:00+00:00,63698.98828125,63824.890625,63568.01171875,63707.0,1100589056
2026-08-03 14:45:00+00:00,63714.19921875,63899.078125,63580.80078125,63891.19921875,611313664
2026-08-03 15:00:00+00:00,63913.6015625,63913.6015625,63694.3984375,63757.94140625,911030272
2026-08-03 15:15:00+00:00,63756.33984375,63789.94921875,63608.75,63641.96875,380952576
2026-08-03 15:30:00+00:00,63635.2109375,63846.6796875,63635.2109375,63719.51171875,264996864
2026-08-03 15:45:00+00:00,63732.109375,63765.01171875,63579.171875,63627.73046875,468267008
2026-08-03 16:00:00+00:00,63628.578125,63840.671875,63591.1484375,63737.6015625,364683264
2026-08-03 16:15:00+00:00,63741.41015625,63883.5703125,63735.05859375,63844.62890625,316856320
2026-08-03 16:30:00+00:00,63833.58984375,63833.58984375,63644.80078125,63696.62890625,112617472
2026-08-03 16:45:00+00:00,63705.37109375,63817.890625,63676.80078125,63707.23828125,501551104
2026-08-03 17:00:00+00:00,63707.53125,63799.87890625,63650.0,63791.1015625,136413184
2026-08-03 17:15:00+00:00,63784.390625,63994.859375,63749.55859375,63760.03125,151744512
2026-08-03 17:30:00+00:00,63762.55859375,63869.3515625,63728.73046875,63834.51953125,285773824
2026-08-03 17:45:00+00:00,63836.94140625,63902.6796875,63807.48046875,63852.75,10735616
2026-08-03 18:00:00+00:00,63852.76171875,63933.1015625,63809.8984375,63915.23046875,139634688
2026-08-03 18:15:00+00:00,63911.76953125,63932.71875,63747.87109375,63792.76953125,282867712
2026-08-03 18:30:00+00:00,63798.1484375,63871.48828125,63752.16015625,63794.28125,52830208
2026-08-03 18:45:00+00:00,63794.2890625,63866.5,63702.1015625,63811.73828125,138909696
2026-08-03 19:00:00+00:00,63820.21875,63878.44140625,63787.51171875,63863.6484375,87087104
2026-08-03 19:15:00+00:00,63873.78125,63952.3515625,63865.7109375,63916.5,86726656
2026-08-03 19:30:00+00:00,63924.0,64018.8984375,63810.23046875,63897.6015625,327116800
2026-08-03 19:45:00+00:00,63897.609375,63925.390625,63812.5703125,63812.5703125,155975680
2026-08-03 20:00:00+00:00,63824.62109375,63897.3203125,63756.03125,63840.28125,297392128
2026-08-03 20:15:00+00:00,63840.28125,63974.0390625,63834.7890625,63899.98046875,177764352
2026-08-03 20:30:00+00:00,63896.44921875,63896.44921875,63851.0390625,63859.08984375,130254848
2026-08-03 20:45:00+00:00,63868.75,63868.76171875,63709.80078125,63732.8984375,41046016
2026-08-03 21:00:00+00:00,63732.8984375,63735.0,63656.4296875,63660.01171875,317849600
2026-08-03 21:15:00+00:00,63660.01171875,63724.328125,63628.73046875,63666.0,215562240
2026-08-03 21:30:00+00:00,63665.98046875,63673.55078125,63604.5703125,63615.390625,26179584
2026-08-03 21:45:00+00:00,63613.0703125,63615.05078125,63497.08984375,63540.41015625,0
2026-08-03 22:00:00+00:00,63528.828125,63551.78125,63341.640625,63438.98046875,84858880
2026-08-03 22:15:00+00:00,63442.8984375,63616.0,63436.94140625,63470.62890625,105082880
2026-08-03 22:30:00+00:00,63468.01171875,63498.359375,63432.62109375,63449.76953125,280717312
2026-08-03 22:45:00+00:00,63457.05078125,63578.44921875,63448.828125,63553.44921875,0
2026-08-03 23:00:00+00:00,63550.109375,63552.69921875,63467.80859375,63481.44140625,39092224
2026-08-03 23:15:00+00:00,63480.37890625,63560.1796875,63474.44921875,63516.609375,6094848
2026-08-03 23:30:00+00:00,63516.01171875,63516.01171875,63402.01171875,63443.3984375,15708160
2026-08-03 23:45:00+00:00,63421.05078125,63466.51171875,63421.05078125,63466.51171875,132755456
2026-08-04 00:00:00+00:00,63475.55078125,63526.73046875,63409.76171875,63417.71875,22495232
2026-08-04 00:15:00+00:00,63412.05078125,63438.73828125,63330.0,63391.01171875,32174080
2026-08-04 00:30:00+00:00,63378.5703125,63387.55078125,63282.44921875,63332.5,112218112
2026-08-04 00:45:00+00:00,63342.6015625,63413.109375,63268.01171875,63291.5,133246976
2026-08-04 01:00:00+00:00,63299.421875,63422.328125,63299.421875,63406.2109375,269205504
2026-08-04 01:15:00+00:00,63405.66015625,63515.46875,63352.26953125,63464.66015625,133724160
2026-08-04 01:30:00+00:00,63465.62890625,63842.9609375,63463.0390625,63740.58984375,182951936
2026-08-04 01:45:00+00:00,63752.05859375,63818.58984375,63675.8515625,63782.2890625,176418816
2026-08-04 02:00:00+00:00,63806.41015625,63807.44921875,63693.37890625,63698.26171875,13660160
2026-08-04 02:15:00+00:00,63698.26171875,63744.44140625,63621.25,63630.0,271212544
2026-08-04 02:30:00+00:00,63628.98828125,63883.05859375,63621.25,63833.0,207282176
2026-08-04 02:45:00+00:00,63833.01171875,63864.5390625,63740.6015625,63758.98828125,104851456
2026-08-04 03:00:00+00:00,63758.98828125,63775.12890625,63623.91015625,63623.91015625,19298304
2026-08-04 03:15:00+00:00,63622.96875,63729.0390625,63595.0390625,63717.859375,1601536
2026-08-04 03:30:00+00:00,63733.75,63800.94140625,63733.75,63766.03125,166156288
2026-08-04 03:45:00+00:00,63781.05078125,63781.05078125,63729.05078125,63729.05078125,28051456
2026-08-04 04:00:00+00:00,63727.75,63772.171875,63696.73828125,63746.171875,1122304
2026-08-04 04:15:00+00:00,63746.171875,63821.44140625,63737.0390625,63775.2890625,71409664
2026-08-04 04:30:00+00:00,63782.80859375,63998.23046875,63776.94140625,63998.21875,97570816
2026-08-04 04:45:00+00:00,63998.23046875,64164.0,63975.44921875,63975.44921875,490911744
2026-08-04 05:00:00+00:00,63979.19921875,63993.078125,63780.890625,63780.890625,49432576
2026-08-04 05:15:00+00:00,63780.890625,63837.96875,63752.1484375,63762.62109375,23920640
2026-08-04 05:30:00+00:00,63762.62109375,63807.8984375,63752.16015625,63802.890625,155164672
2026-08-04 05:45:00+00:00,63802.890625,63802.890625,63736.75,63768.8515625,24150016
2026-08-04 06:00:00+00:00,63752.1484375,63788.98828125,63717.51171875,63744.44921875,106250240
2026-08-04 06:15:00+00:00,63744.44921875,63805.41015625,63697.6015625,63700.78125,78495744
2026-08-04 06:30:00+00:00,63696.0,63714.53125,63630.01171875,63636.16015625,121344000
2026-08-04 06:45:00+00:00,63636.16015625,63639.1484375,63592.69921875,63607.16015625,51329024
2026-08-04 07:00:00+00:00,63607.16015625,63607.16015625,63519.0,63526.859375,83693568
2026-08-04 07:15:00+00:00,63526.7109375,63577.0,63437.01171875,63576.98828125,117295104
2026-08-04 07:30:00+00:00,63573.8203125,63680.98828125,63566.58984375,63594.96875,16488448
2026-08-04 07:45:00+00:00,63594.96875,63687.28125,63594.96875,63617.41015625,400119808
2026-08-04 08:00:00+00:00,63621.0,63683.828125,63565.8984375,63580.19921875,28870656
2026-08-04 08:15:00+00:00,63578.609375,63600.03125,63521.1484375,63556.23046875,0
2026-08-04 08:30:00+00:00,63552.3203125,63554.8984375,63500.0,63554.8984375,31377408
2026-08-04 08:45:00+00:00,63559.8984375,63559.8984375,63508.328125,63514.76953125,41859072
2026-08-04 09:00:00+00:00,63508.5,63524.0703125,63469.98046875,63493.96875,24772608
2026-08-04 09:15:00+00:00,63493.98046875,63532.1484375,63450.76953125,63510.9609375,18810880
2026-08-04 09:30:00+00:00,63506.0390625,63529.96875,63463.51171875,63502.6484375,16820224
2026-08-04 09:45:00+00:00,63495.3515625,63536.8203125,63476.08984375,63534.578125,0
2026-08-04 10:00:00+00:00,63504.62109375,63504.62109375,63441.01171875,63441.01171875,109299712
2026-08-04 10:15:00+00:00,63434.30078125,63506.890625,63382.671875,63396.8515625,105867264
2026-08-04 10:30:00+00:00,63414.05078125,63593.6015625,63391.05859375,63593.6015625,13256704
2026-08-04 10:45:00+00:00,63603.3515625,63774.359375,63603.3515625,63694.1484375,245051392
2026-08-04 11:00:00+00:00,63701.140625,63736.37109375,63647.359375,63676.75,84015104
2026-08-04 11:15:00+00:00,63672.62109375,63790.03125,63644.7890625,63714.1484375,127049728
2026-08-04 11:30:00+00:00,63714.140625,63818.51953125,63650.44140625,63818.51953125,108320768
2026-08-04 11:45:00+00:00,63797.41015625,63884.5703125,63770.8984375,63853.3203125,78761984
2026-08-04 12:00:00+00:00,63834.2890625,63834.2890625,63742.51171875,63743.140625,122220544
2026-08-04 12:15:00+00:00,63743.140625,63778.3203125,63714.01171875,63762.5703125,71565312
2026-08-04 12:30:00+00:00,63781.05078125,63965.0,63747.98046875,63894.26953125,104290304
2026-08-04 12:45:00+00:00,63908.44140625,63910.171875,63838.80078125,63840.640625,1160906752
2026-08-04 13:00:00+00:00,63837.4609375,63946.48046875,63793.578125,63876.51171875,52350976
2026-08-04 13:15:00+00:00,63874.1015625,63950.19921875,63791.6796875,63815.48828125,42790912
2026-08-04 13:30:00+00:00,63742.8984375,64032.94140625,63742.8984375,63950.01953125,269658112
2026-08-04 13:45:00+00:00,63941.01171875,63947.58984375,63589.8515625,63616.578125,0
2026-08-04 14:00:00+00:00,63614.48828125,63851.62890625,63546.33984375,63713.1796875,0
2026-08-04 14:15:00+00:00,63733.55859375,63844.46875,63565.0,63825.28125,0
2026-08-04 14:30:00+00:00,63833.1484375,64112.01171875,63785.01171875,64052.421875,0
2026-08-04 14:45:00+00:00,64071.98046875,64125.890625,63992.6015625,64065.0,0
2026-08-04 15:00:00+00:00,64087.19921875,64159.01953125,63941.359375,64012.62109375,10467328
2026-08-04 15:15:00+00:00,64010.76953125,64013.2890625,63867.8984375,63896.328125,0
2026-08-04 15:30:00+00:00,63896.578125,64071.9296875,63750.01171875,64057.1015625,147085312
2026-08-04 15:45:00+00:00,64065.69921875,64181.8515625,64035.51953125,64064.7109375,198100992
2026-08-04 16:00:00+00:00,64076.9296875,64079.9609375,63916.66015625,63984.62890625,18962432
2026-08-04 16:15:00+00:00,63984.640625,64064.1484375,63953.48828125,63972.921875,39690240
2026-08-04 16:30:00+00:00,63978.83984375,64004.19921875,63842.3984375,63891.6484375,68378624
2026-08-04 16:45:00+00:00,63890.37109375,63961.23046875,63855.0,63899.7109375,149544960
2026-08-04 17:00:00+00:00,63899.7109375,64120.8515625,63899.7109375,64017.2890625,34316288
2026-08-04 17:15:00+00:00,64020.51953125,64128.0703125,63977.80859375,64113.1484375,236331008
2026-08-04 17:30:00+00:00,64111.8203125,64126.98046875,64047.359375,64047.359375,46974976
2026-08-04 17:45:00+00:00,64048.1796875,64056.0,63852.51953125,63922.37109375,7723008
2026-08-04 18:00:00+00:00,63917.140625,64175.078125,63917.140625,64175.078125,12976128
2026-08-04 18:15:00+00:00,64168.30078125,64360.1484375,64149.19921875,64319.26953125,459696128
2026-08-04 18:30:00+00:00,64320.98046875,64360.0703125,64168.78125,64252.69921875,150919168
2026-08-04 18:45:00+00:00,64252.7109375,64282.80078125,64232.73046875,64261.41015625,100683776
2026-08-04 19:00:00+00:00,64263.05078125,64329.171875,64240.0,64305.55078125,113741824
2026-08-04 19:15:00+00:00,64315.01953125,64325.26953125,64214.3984375,64239.96875,141082624
2026-08-04 19:30:00+00:00,64239.96875,64358.3984375,64208.0,64335.171875,58664960
2026-08-04 19:45:00+00:00,64335.171875,64344.5703125,64182.671875,64182.671875,70223872
2026-08-04 20:00:00+00:00,64208.921875,64208.921875,64071.53125,64135.19921875,0
2026-08-04 20:15:00+00:00,64113.6484375,64113.6484375,63965.75,64079.96875,171659264
2026-08-04 20:30:00+00:00,64079.98046875,64366.8515625,64079.98046875,64342.41015625,227385344
2026-08-04 20:45:00+00:00,64340.03125,64340.03125,64256.01171875,64299.078125,74223616
2026-08-04 21:00:00+00:00,64299.078125,64299.078125,64156.80859375,64169.6015625,0
2026-08-04 21:15:00+00:00,64186.55859375,64239.98828125,64145.12890625,64204.75,46041088
2026-08-04 21:30:00+00:00,64202.75,64223.98046875,64156.0,64196.109375,56387584
2026-08-04 21:45:00+00:00,64182.41015625,64213.8203125,64128.328125,64148.51171875,22198272
2026-08-04 22:00:00+00:00,64142.30078125,64180.0,64083.4296875,64179.98828125,62836736
2026-08-04 22:15:00+00:00,64171.80078125,64217.5390625,64122.58984375,64205.859375,0
2026-08-04 22:30:00+00:00,64211.19921875,64243.671875,64159.87109375,64166.05078125,98383872
2026-08-04 22:45:00+00:00,64166.05859375,64221.8203125,64121.55859375,64221.8203125,100622336
2026-08-04 23:00:00+00:00,64222.0,64424.1796875,64163.19921875,64371.21875,0
2026-08-04 23:15:00+00:00,64372.26953125,64473.6015625,64123.171875,64123.171875,201682944
2026-08-04 23:30:00+00:00,64115.19921875,64214.859375,64091.1484375,64159.12890625,213850112
2026-08-04 23:45:00+00:00,64159.12890625,64173.328125,64042.03125,64050.51171875,36732928
2026-08-05 00:00:00+00:00,64041.6015625,64057.05078125,63963.0,63984.0,74104832
2026-08-05 00:15:00+00:00,63974.3984375,64020.48828125,63955.19921875,64020.48828125,136898560
2026-08-05 00:30:00+00:00,64021.3984375,64140.890625,63973.390625,64015.8984375,153698304
2026-08-05 00:45:00+00:00,64015.8984375,64015.8984375,63928.3984375,63947.37109375,46153728
2026-08-05 01:00:00+00:00,63946.98828125,63977.30078125,63897.6015625,63956.6484375,127002624
2026-08-05 01:15:00+00:00,63955.2109375,64067.19140625,63900.98828125,64063.890625,5801984
2026-08-05 01:30:00+00:00,64063.890625,64247.5703125,64063.890625,64129.6015625,896591872
2026-08-05 01:45:00+00:00,64128.30859375,64297.390625,64128.30859375,64284.7890625,2656256
2026-08-05 02:00:00+00:00,64291.19140625,64456.6484375,64287.44921875,64412.7890625,116846592
2026-08-05 02:15:00+00:00,64409.8984375,64431.21875,64279.16015625,64363.609375,90724352
2026-08-05 02:30:00+00:00,64371.6796875,64439.16015625,64358.3984375,64383.98828125,184879104
2026-08-05 02:45:00+00:00,64387.19140625,64396.7890625,64311.41015625,64315.94921875,17303552
2026-08-05 03:00:00+00:00,64315.94921875,64396.78125,64304.5,64304.5,52510720
2026-08-05 03:15:00+00:00,64306.3515625,64313.58984375,64014.05078125,64014.05078125,164827136
2026-08-05 03:30:00+00:00,64007.421875,64122.23828125,64007.421875,64088.73828125,193730560
2026-08-05 03:45:00+00:00,64086.55859375,64139.01171875,64083.55078125,64128.0,118317056
2026-08-05 04:00:00+00:00,64128.0,64144.55859375,64073.6015625,64073.6015625,86253568
2026-08-05 04:15:00+00:00,64064.0,64147.19140625,64035.2109375,64108.1796875,24322048
2026-08-05 04:30:00+00:00,64110.2109375,64165.76953125,64103.3203125,64122.921875,97632256
2026-08-05 04:45:00+00:00,64122.921875,64139.01171875,64056.0,64113.96875,0
2026-08-05 05:00:00+00:00,64111.0,64274.62109375,64102.94140625,64256.859375,0
2026-08-05 05:15:00+00:00,64252.80078125,64470.140625,64243.2109375,64375.0,195035136
2026-08-05 05:30:00+00:00,64375.0,64375.0,64285.3515625,64306.87890625,317333504
2026-08-05 05:45:00+00:00,64308.05078125,64316.80078125,64254.8515625,64275.21875,28188672
2026-08-05 06:00:00+00:00,64276.9609375,64308.51953125,64247.390625,64270.94921875,233445376
2026-08-05 06:15:00+00:00,64262.41015625,64286.44140625,64227.2109375,64253.80859375,62771200
2026-08-05 06:30:00+00:00,64249.609375,64319.3984375,64236.80078125,64236.80859375,158197760
2026-08-05 06:45:00+00:00,64236.80859375,64236.80859375,64173.0,64199.30859375,232243200
2026-08-05 07:00:00+00:00,64199.30078125,64220.5390625,64102.421875,64125.19140625,10319872
2026-08-05 07:15:00+00:00,64120.0,64120.0,64000.0,64020.23828125,173690880
2026-08-05 07:30:00+00:00,64016.46875,64029.640625,63946.078125,63946.078125,0
2026-08-05 07:45:00+00:00,63946.078125,64116.5390625,63946.078125,64109.98046875,182669312
2026-08-05 08:00:00+00:00,64109.96875,64189.0390625,64077.859375,64137.96875,160546816
2026-08-05 08:15:00+00:00,64130.3984375,64215.94921875,64092.26953125,64212.41015625,443332608
2026-08-05 08:30:00+00:00,64215.05078125,64215.9609375,64069.2890625,64074.671875,232374272
2026-08-05 08:45:00+00:00,64074.66015625,64105.828125,64035.0,64063.03125,123359232
2026-08-05 09:00:00+00:00,64063.03125,64099.55078125,64038.4296875,64064.33984375,127315968
2026-08-05 09:15:00+00:00,64061.578125,64140.53125,64054.48046875,64095.9296875,65771520
2026-08-05 09:30:00+00:00,64098.87890625,64152.41015625,64098.87890625,64105.98046875,150493184
2026-08-05 09:45:00+00:00,64110.01171875,64126.03125,64084.44921875,64097.26953125,0
2026-08-05 10:00:00+00:00,64097.28125,64129.3203125,64054.48046875,64090.87109375,5738496
2026-08-05 10:15:00+00:00,64084.44921875,64182.76953125,64021.80859375,64152.58984375,0
2026-08-05 10:30:00+00:00,64152.6015625,64179.28125,64118.69140625,64131.53125,2680832
2026-08-05 10:45:00+00:00,64144.87109375,64144.87109375,63960.0703125,64004.26953125,103069696
2026-08-05 11:00:00+00:00,64005.19140625,64057.33984375,63993.671875,64031.6015625,202305536
2026-08-05 11:15:00+00:00,64031.6015625,64033.12890625,63987.51171875,64020.0390625,0
2026-08-05 11:30:00+00:00,64015.96875,64092.890625,63999.98046875,64037.37109375,192188416
2026-08-05 11:45:00+00:00,64030.0,64045.921875,64000.0,64018.2890625,93513728
2026-08-05 12:00:00+00:00,64018.2890625,64176.0,64003.109375,64146.640625,0
2026-08-05 12:15:00+00:00,64138.828125,64525.55859375,64128.4296875,64478.140625,448987136
2026-08-05 12:30:00+00:00,64472.859375,64492.48828125,64354.98828125,64414.05859375,410425344
2026-08-05 12:45:00+00:00,64388.3203125,64388.3203125,64268.609375,64277.0390625,0
2026-08-05 13:00:00+00:00,64277.05078125,64291.140625,64051.28125,64071.55078125,152406016
2026-08-05 13:15:00+00:00,64080.171875,64165.359375,64064.9609375,64086.921875,37056512
2026-08-05 13:30:00+00:00,64057.359375,64232.55078125,63821.55078125,64120.0703125,171167744
2026-08-05 13:45:00+00:00,64116.83984375,64361.23828125,63974.55078125,64361.23828125,182953984
2026-08-05 14:00:00+00:00,64355.33984375,64477.7109375,64242.1015625,64418.23046875,68454400
2026-08-05 14:15:00+00:00,64426.55078125,64535.25,64268.80078125,64297.51171875,204959744
2026-08-05 14:30:00+00:00,64295.19140625,64413.37890625,64242.76171875,64370.44140625,154064896
2026-08-05 14:45:00+00:00,64385.0,64486.75,64276.890625,64426.83984375,70553600
2026-08-05 15:00:00+00:00,64434.26953125,64697.01953125,64403.1796875,64582.66015625,81747968
2026-08-05 15:15:00+00:00,64582.87890625,64594.48046875,64412.5,64453.44140625,378265600
2026-08-05 15:30:00+00:00,64458.80859375,64668.80859375,64455.03125,64503.87890625,68911104
2026-08-05 15:45:00+00:00,64500.890625,64508.1484375,64324.8984375,64328.25,0
2026-08-05 16:00:00+00:00,64328.26171875,64532.98828125,64328.26171875,64532.98828125,136022016
2026-08-05 16:15:00+00:00,64547.0390625,64707.94140625,64510.51171875,64697.8984375,215230464
2026-08-05 16:30:00+00:00,64694.01953125,64698.05859375,64595.33984375,64634.1484375,352720896
2026-08-05 16:45:00+00:00,64623.71875,64629.41015625,64560.0,64606.01953125,27322368
2026-08-05 17:00:00+00:00,64615.37890625,64641.75,64526.21875,64526.46875,29755392
2026-08-05 17:15:00+00:00,64499.30859375,64548.76171875,64474.51171875,64544.55078125,0
2026-08-05 17:30:00+00:00,64544.609375,64689.01171875,64520.4296875,64632.80078125,30717952
2026-08-05 17:45:00+00:00,64636.12890625,64737.98046875,64611.3515625,64695.3515625,207073280
2026-08-05 18:00:00+00:00,64694.25,64743.46875,64599.640625,64738.01171875,102633472
2026-08-05 18:15:00+00:00,64740.828125,64754.94921875,64619.6484375,64666.9609375,30638080
2026-08-05 18:30:00+00:00,64657.01171875,64749.0,64612.921875,64748.26171875,53860352
2026-08-05 18:45:00+00:00,64748.91015625,64788.12109375,64696.98828125,64741.109375,180785152
2026-08-05 19:00:00+00:00,64727.55859375,64856.421875,64719.44921875,64828.87890625,188606464
2026-08-05 19:15:00+00:00,64831.2109375,64883.3984375,64811.55078125,64863.69140625,6787072
2026-08-05 19:30:00+00:00,64856.19921875,64877.359375,64814.69921875,64843.78125,74842112
2026-08-05 19:45:00+00:00,64843.78125,64880.671875,64794.62890625,64794.62890625,2430976
2026-08-05 20:00:00+00:00,64817.2890625,64870.19921875,64750.5,64866.01953125,142442496
2026-08-05 20:15:00+00:00,64861.3984375,64954.28125,64811.140625,64931.0,383686656
2026-08-05 20:30:00+00:00,64931.0,64938.69140625,64876.94921875,64927.05078125,204181504
2026-08-05 20:45:00+00:00,64939.3515625,64939.3515625,64777.98828125,64778.6015625,8011776
2026-08-05 21:00:00+00:00,64779.828125,64779.828125,64657.01171875,64725.98828125,183052288
2026-08-05 21:15:00+00:00,64725.98828125,64734.26953125,64600.0,64609.23046875,188338176
2026-08-05 21:30:00+00:00,64613.140625,64692.1015625,64601.76953125,64644.55859375,17580032
2026-08-05 21:45:00+00:00,64645.21875,64695.23828125,64607.2109375,64671.6796875,90486784
2026-08-05 22:00:00+00:00,64674.328125,64697.98828125,64585.1484375,64617.48828125,205502464
2026-08-05 22:15:00+00:00,64615.5,64668.87109375,64609.73046875,64668.87109375,4173824
2026-08-05 22:30:00+00:00,64670.51953125,64725.921875,64618.890625,64636.30859375,57157632
2026-08-05 22:45:00+00:00,64636.3203125,64659.390625,64566.76953125,64573.53125,27379712
2026-08-05 23:00:00+00:00,64557.078125,64632.08984375,64524.19921875,64619.640625,119676928
2026-08-05 23:15:00+00:00,64616.19140625,64692.3984375,64569.8515625,64635.73046875,31881216
2026-08-05 23:30:00+00:00,64635.73046875,64651.71875,64602.01171875,64602.01171875,235866112
2026-08-05 23:45:00+00:00,64591.28125,64614.01171875,64545.98828125,64597.859375,87939072
2026-08-06 00:00:00+00:00,64603.609375,64616.46875,64531.1796875,64532.01953125,123672576
2026-08-06 00:15:00+00:00,64532.01953125,64651.66015625,64510.23828125,64623.03125,59762688
2026-08-06 00:30:00+00:00,64623.03125,64643.03125,64585.51171875,64585.51953125,105478144
2026-08-06 00:45:00+00:00,64585.51171875,64632.1015625,64558.0,64582.30078125,5648384
2026-08-06 01:00:00+00:00,64578.1484375,64586.1484375,64511.75,64541.94140625,11171840
2026-08-06 01:15:00+00:00,64541.94921875,64549.08984375,64450.25,64456.48828125,96256000
2026-08-06 01:30:00+00:00,64452.7109375,64550.0,64431.671875,64505.4609375,44527616
2026-08-06 01:45:00+00:00,64505.4609375,64599.2109375,64499.37890625,64520.62109375,66062336
2026-08-06 02:00:00+00:00,64520.62109375,64587.83984375,64468.16015625,64500.21875,0
2026-08-06 02:15:00+00:00,64486.4296875,64520.05078125,64386.75,64465.109375,35166208
2026-08-06 02:30:00+00:00,64442.53125,64517.19140625,64416.30859375,64517.19140625,0
2026-08-06 02:45:00+00:00,64517.171875,64536.3203125,64474.4609375,64516.6796875,18626560
2026-08-06 03:00:00+00:00,64516.671875,64516.671875,64455.0,64509.0,0
2026-08-06 03:15:00+00:00,64508.1484375,64508.1484375,64446.359375,64481.71875,22302720
2026-08-06 03:30:00+00:00,64481.71875,64524.98828125,64442.28125,64442.2890625,73179136
2026-08-06 03:45:00+00:00,64442.2890625,64482.41015625,64431.0,64470.01171875,0
2026-08-06 04:00:00+00:00,64470.0,64532.73046875,64433.91015625,64516.6484375,70455296
2026-08-06 04:15:00+00:00,64516.640625,64637.98828125,64516.640625,64637.98046875,0
2026-08-06 04:30:00+00:00,64637.98828125,64667.8203125,64590.75,64602.28125,210374656
2026-08-06 04:45:00+00:00,64597.3203125,64674.5703125,64567.578125,64666.2890625,108900352
2026-08-06 05:00:00+00:00,64674.0703125,64930.890625,64669.44921875,64860.33984375,166844416
2026-08-06 05:15:00+00:00,64868.640625,64934.7890625,64829.03125,64832.73828125,152899584
2026-08-06 05:30:00+00:00,64835.328125,64856.19140625,64790.03125,64842.46875,114331648
2026-08-06 05:45:00+00:00,64846.37109375,64849.48828125,64798.1015625,64845.37890625,12533760
2026-08-06 06:00:00+00:00,64846.80078125,64846.80078125,64713.3203125,64713.328125,0
2026-08-06 06:15:00+00:00,64717.44921875,64773.19140625,64683.5390625,64764.08984375,47624192
2026-08-06 06:30:00+00:00,64764.08984375,64791.328125,64742.46875,64773.19921875,42491904
2026-08-06 06:45:00+00:00,64773.19140625,64798.08984375,64744.1484375,64798.08984375,2179072
2026-08-06 07:00:00+00:00,64793.94140625,64873.58984375,64757.80859375,64871.48828125,49747968
2026-08-06 07:15:00+00:00,64871.48828125,64891.671875,64820.41015625,64830.44140625,107999232
2026-08-06 07:30:00+00:00,64830.44140625,64841.5,64708.6484375,64749.078125,700416
2026-08-06 07:45:00+00:00,64750.87890625,64774.80078125,64721.609375,64744.41015625,28346368
2026-08-06 08:00:00+00:00,64744.76171875,64796.01953125,64695.0,64704.16015625,0
2026-08-06 08:15:00+00:00,64704.171875,64836.26171875,64685.53125,64836.26171875,34920448
2026-08-06 08:30:00+00:00,64838.8984375,64860.30078125,64800.0,64813.76953125,0
2026-08-06 08:45:00+00:00,64813.76953125,64934.390625,64813.76953125,64873.6015625,45588480
2026-08-06 09:00:00+00:00,64875.23046875,64877.48828125,64681.26171875,64706.91015625,36472832
2026-08-06 09:15:00+00:00,64706.91015625,64774.73828125,64661.75,64667.26953125,203587584
2026-08-06 09:30:00+00:00,64667.26953125,64667.28125,64570.91015625,64599.08984375,97853440
2026-08-06 09:45:00+00:00,64596.19921875,64634.19140625,64576.3203125,64615.94140625,85118976
2026-08-06 10:00:00+00:00,64615.9296875,64618.98828125,64527.80078125,64528.69140625,0
2026-08-06 10:15:00+00:00,64528.69921875,64618.96875,64515.46875,64613.30859375,782989312
2026-08-06 10:30:00+00:00,64611.30859375,64613.48046875,64558.19921875,64558.2109375,154007552
2026-08-06 10:45:00+00:00,64558.2109375,64580.98828125,64535.3984375,64546.7890625,0
2026-08-06 11:00:00+00:00,64558.19140625,64558.19921875,64438.3984375,64499.48828125,109430784
2026-08-06 11:15:00+00:00,64499.5,64570.80859375,64499.5,64506.66015625,135010304
2026-08-06 11:30:00+00:00,64505.01171875,64582.44921875,64505.0,64574.140625,94957568
2026-08-06 11:45:00+00:00,64574.1484375,64578.28125,64505.2890625,64552.62109375,228751360
2026-08-06 12:00:00+00:00,64546.80078125,64560.0,64397.890625,64410.0,17575936
2026-08-06 12:15:00+00:00,64410.01171875,64476.58984375,64379.609375,64473.62890625,58492928
2026-08-06 12:30:00+00:00,64468.140625,64523.98828125,64428.98046875,64457.87890625,0
2026-08-06 12:45:00+00:00,64457.890625,64463.078125,64334.9296875,64346.01171875,26324992
2026-08-06 13:00:00+00:00,64337.80859375,64359.96875,64128.921875,64180.140625,158275584
2026-08-06 13:15:00+00:00,64179.0,64216.0390625,64115.0,64166.421875,48449536
2026-08-06 13:30:00+00:00,64177.0390625,64357.2890625,64091.3203125,64322.19140625,8179712
2026-08-06 13:45:00+00:00,64350.87109375,64448.94921875,64300.1796875,64360.51953125,23785472
2026-08-06 14:00:00+00:00,64354.078125,64482.98046875,64305.9296875,64390.80859375,12963840
2026-08-06 14:15:00+00:00,64384.26953125,64498.76953125,64340.37890625,64359.76171875,50255872
2026-08-06 14:30:00+00:00,64332.78125,64766.171875,64285.8203125,64741.6015625,131153920
2026-08-06 14:45:00+00:00,64743.390625,64774.69921875,64614.109375,64709.55078125,24291328
2026-08-06 15:00:00+00:00,64716.51171875,64925.44921875,64695.12109375,64789.33984375,0
2026-08-06 15:15:00+00:00,64778.53125,64840.2890625,64646.19140625,64761.9296875,56395776
2026-08-06 15:30:00+00:00,64764.94921875,64800.30859375,64641.7109375,64687.73046875,106078208
2026-08-06 15:45:00+00:00,64686.8984375,64810.05078125,64570.921875,64570.921875,156809216
2026-08-06 16:00:00+00:00,64570.94140625,64655.55078125,64541.4609375,64572.0390625,96700416
2026-08-06 16:15:00+00:00,64574.16015625,64624.66015625,64531.25,64587.08984375,0
2026-08-06 16:30:00+00:00,64592.91015625,64690.4296875,64553.75,64654.3515625,26783744
2026-08-06 16:45:00+00:00,64642.3203125,64713.859375,64598.03125,64690.12890625,102617088
2026-08-06 17:00:00+00:00,64699.94140625,64779.71875,64660.078125,64660.53125,0
2026-08-06 17:15:00+00:00,64656.3984375,64683.9609375,64609.69140625,64623.4609375,795850752
2026-08-06 17:30:00+00:00,64623.890625,64654.8984375,64486.91015625,64543.4296875,4999168
2026-08-06 17:45:00+00:00,64548.75,64598.3203125,64524.0703125,64557.16015625,52662272
2026-08-06 18:00:00+00:00,64558.98828125,64558.98828125,64413.37890625,64481.73046875,71471104
2026-08-06 18:15:00+00:00,64485.01953125,64539.609375,64444.9609375,64458.71875,22949888
2026-08-06 18:30:00+00:00,64458.71875,64461.66015625,64346.01171875,64349.78125,86867968
2026-08-06 18:45:00+00:00,64356.51953125,64390.05859375,64314.0,64356.3515625,22417408
2026-08-06 19:00:00+00:00,64357.98828125,64406.12109375,64350.91015625,64376.421875,0
2026-08-06 19:15:00+00:00,64376.4296875,64404.66015625,64328.6796875,64340.4609375,0
2026-08-06 19:30:00+00:00,64339.48046875,64399.73046875,64306.9296875,64376.0390625,62767104
2026-08-06 19:45:00+00:00,64378.94140625,64422.12890625,64342.12890625,64397.94921875,4593664
2026-08-06 20:00:00+00:00,64396.69921875,64483.69921875,64395.671875,64472.0,41564160
2026-08-06 20:15:00+00:00,64471.98828125,64471.98828125,64388.109375,64432.01953125,149514240
2026-08-06 20:30:00+00:00,64432.03125,64441.44140625,64402.51953125,64411.25,0
2026-08-06 20:45:00+00:00,64411.25,64428.80078125,64381.3984375,64381.3984375,46794752
2026-08-06 21:00:00+00:00,64383.9296875,64451.73046875,64383.9296875,64432.87890625,32284672
2026-08-06 21:15:00+00:00,64432.87890625,64461.1015625,64392.03125,64392.0390625,0
2026-08-06 21:30:00+00:00,64391.76953125,64419.12109375,64341.828125,64393.28125,96628736
2026-08-06 21:45:00+00:00,64392.1015625,64424.5390625,64374.5390625,64388.37109375,0
2026-08-06 22:00:00+00:00,64388.37109375,64397.12890625,64323.98046875,64379.609375,68419584
2026-08-06 22:15:00+00:00,64380.98046875,64381.1484375,64267.0,64309.53125,24723456
2026-08-06 22:30:00+00:00,64309.94140625,64338.359375,64275.2109375,64288.828125,58361856
2026-08-06 22:45:00+00:00,64290.69921875,64320.94140625,64284.55859375,64296.37890625,86147072
2026-08-06 23:00:00+00:00,64285.94921875,64310.96875,64275.0,64281.9609375,0
2026-08-06 23:15:00+00:00,64280.83984375,64289.9609375,64162.66015625,64190.0,0
2026-08-06 23:30:00+00:00,64191.9609375,64200.0,64144.578125,64165.5703125,58085376
2026-08-06 23:45:00+00:00,64165.578125,64273.76171875,64132.23828125,64267.30078125,132372480
2026-08-07 00:00:00+00:00,64262.1484375,64356.23046875,64222.359375,64233.9296875,40347648
2026-08-07 00:15:00+00:00,64233.9296875,64260.578125,64170.41015625,64212.19140625,82071552
2026-08-07 00:30:00+00:00,64215.80859375,64284.140625,64176.87890625,64268.48828125,88150016
2026-08-07 00:45:00+00:00,64276.98828125,64284.109375,64200.01171875,64258.8203125,45383680
2026-08-07 01:00:00+00:00,64270.41015625,64390.33984375,64270.41015625,64305.4296875,93706240
2026-08-07 01:15:00+00:00,64300.62109375,64375.19140625,64257.78125,64364.21875,228751360
2026-08-07 01:30:00+00:00,64364.21875,64416.94140625,64241.46875,64318.98046875,72298496
2026-08-07 01:45:00+00:00,64321.80078125,64393.8984375,64315.76953125,64364.25,114632704
2026-08-07 02:00:00+00:00,64354.53125,64376.1796875,64192.30078125,64340.671875,58290176
2026-08-07 02:15:00+00:00,64344.53125,64477.1484375,64250.01953125,64255.48046875,47147008
2026-08-07 02:30:00+00:00,64264.0703125,64359.6796875,64215.62890625,64354.30859375,25825280
2026-08-07 02:45:00+00:00,64354.3203125,64417.328125,64332.51953125,64337.96875,42833920
2026-08-07 03:00:00+00:00,64337.98046875,64351.28125,64255.01171875,64279.46875,125304832
2026-08-07 03:15:00+00:00,64279.4609375,64289.33984375,64200.0,64257.76953125,2084864
2026-08-07 03:30:00+00:00,64254.3984375,64316.921875,64248.421875,64278.5703125,112670720
2026-08-07 03:45:00+00:00,64280.48828125,64311.55078125,64216.69140625,64234.48046875,86843392
2026-08-07 04:00:00+00:00,64225.66015625,64267.30078125,64188.2109375,64251.078125,132399104
2026-08-07 04:15:00+00:00,64249.7890625,64308.2109375,64225.328125,64243.91015625,108675072
2026-08-07 04:30:00+00:00,64240.12109375,64296.37890625,64196.25,64196.25,34656256
2026-08-07 04:45:00+00:00,64196.25,64209.171875,64113.9296875,64191.671875,32499712
2026-08-07 05:00:00+00:00,64191.671875,64207.80078125,64125.55078125,64191.01171875,67717120
2026-08-07 05:15:00+00:00,64191.01171875,64204.109375,64112.26953125,64120.80859375,80623616
2026-08-07 05:30:00+00:00,64124.08984375,64227.140625,64121.0703125,64219.19921875,58286080
2026-08-07 05:45:00+00:00,64220.328125,64345.76953125,64196.25,64276.05859375,0
2026-08-07 06:00:00+00:00,64269.6796875,64352.12109375,64256.73828125,64350.12890625,145539072
2026-08-07 06:15:00+00:00,64348.05859375,64413.0,64322.23046875,64365.78125,86620160
2026-08-07 06:30:00+00:00,64370.66015625,64370.66015625,64280.23828125,64303.37890625,214300672
2026-08-07 06:45:00+00:00,64303.37890625,64322.6796875,64225.33984375,64254.3984375,475885568
2026-08-07 07:00:00+00:00,64241.46875,64319.23828125,64206.98828125,64283.48046875,99713024
2026-08-07 07:15:00+00:00,64282.19140625,64377.05078125,64282.171875,64352.078125,79593472
2026-08-07 07:30:00+00:00,64351.58984375,64359.609375,64314.46875,64319.109375,50835456
2026-08-07 07:45:00+00:00,64319.12109375,64319.12109375,64254.37890625,64264.19921875,12873728
2026-08-07 08:00:00+00:00,64257.62890625,64329.55859375,64239.5390625,64313.3203125,36061184
2026-08-07 08:15:00+00:00,64313.30859375,64405.33984375,64313.30859375,64390.05078125,48721920
2026-08-07 08:30:00+00:00,64401.48828125,64619.83984375,64400.0,64574.16015625,156960768
2026-08-07 08:45:00+00:00,64577.26953125,64577.26953125,64524.16015625,64552.890625,135559168
2026-08-07 09:00:00+00:00,64552.890625,64719.140625,64552.890625,64683.01171875,13201408
2026-08-07 09:15:00+00:00,64682.03125,64829.69140625,64682.01953125,64789.55859375,184080384
2026-08-07 09:30:00+00:00,64790.87109375,64920.0,64761.80078125,64860.828125,325623808
2026-08-07 09:45:00+00:00,64868.94921875,64868.94921875,64776.30078125,64794.05859375,517677056
2026-08-07 10:00:00+00:00,64817.73046875,64823.98828125,64758.1796875,64800.328125,202153984
2026-08-07 10:15:00+00:00,64803.44140625,64852.171875,64758.21875,64852.171875,73793536
2026-08-07 10:30:00+00:00,64849.53125,64874.01953125,64808.609375,64819.9609375,101709824
2026-08-07 10:45:00+00:00,64819.9609375,64869.4296875,64818.6484375,64849.23828125,70680576
2026-08-07 11:00:00+00:00,64856.98828125,64939.78125,64845.0,64920.73828125,35643392
2026-08-07 11:15:00+00:00,64920.75,65164.2109375,64888.51171875,65039.08984375,428843008
2026-08-07 11:30:00+00:00,65033.44921875,65047.76953125,64964.51953125,64977.75,249683968
2026-08-07 11:45:00+00:00,64977.328125,64997.1015625,64944.98046875,64975.62890625,86999040
2026-08-07 12:00:00+00:00,64982.01953125,65217.921875,64980.9609375,65170.8515625,157687808
2026-08-07 12:15:00+00:00,65166.609375,65184.6015625,65016.28125,65061.73828125,254019584
2026-08-07 12:30:00+00:00,65189.53125,65189.53125,64935.55859375,65116.8203125,615458816
2026-08-07 12:45:00+00:00,65122.87890625,65348.23828125,65122.87890625,65248.75,303855616
2026-08-07 13:00:00+00:00,65254.12109375,65285.69921875,65143.87109375,65174.48046875,138958848
2026-08-07 13:15:00+00:00,65174.48046875,65239.62890625,65068.80078125,65115.91015625,16515072
2026-08-07 13:30:00+00:00,65121.48828125,65288.0703125,65062.26953125,65268.58984375,915677184
2026-08-07 13:45:00+00:00,65264.94921875,65292.83984375,64951.19921875,64964.58984375,243415040
2026-08-07 14:00:00+00:00,64950.0390625,64984.23046875,64735.37890625,64779.69921875,264400896
2026-08-07 14:15:00+00:00,64765.44140625,65192.0,64750.609375,65136.5,294797312
2026-08-07 14:30:00+00:00,65123.80078125,65228.76171875,65046.78125,65052.23828125,238692352
2026-08-07 14:45:00+00:00,65044.16015625,65106.01171875,64894.05078125,64902.0,93986816
2026-08-07 15:00:00+00:00,64915.5,64989.859375,64850.01953125,64918.1015625,80099328
2026-08-07 15:15:00+00:00,64918.1015625,65004.9296875,64877.640625,64971.30859375,2492416
2026-08-07 15:30:00+00:00,64982.5,65077.8515625,64928.98828125,64957.609375,8665088
2026-08-07 15:45:00+00:00,64957.171875,64972.328125,64852.6796875,64858.44140625,117995520
2026-08-07 16:00:00+00:00,64877.0,65026.05859375,64863.171875,64993.48828125,172922880
2026-08-07 16:15:00+00:00,64989.87890625,65004.33984375,64837.5703125,64879.25,30726144
2026-08-07 16:30:00+00:00,64894.3515625,64922.1015625,64822.1015625,64897.12890625,234553344
2026-08-07 16:45:00+00:00,64897.421875,64902.71875,64758.0703125,64758.078125,0
2026-08-07 17:00:00+00:00,64755.109375,64774.69921875,64641.6484375,64641.6484375,97239040
2026-08-07 17:15:00+00:00,64645.21875,64678.98046875,64528.12890625,64547.6484375,198541312
2026-08-07 17:30:00+00:00,64542.2109375,64635.94921875,64470.01953125,64630.51171875,82954240
2026-08-07 17:45:00+00:00,64631.44140625,64718.3515625,64606.73046875,64713.2890625,133060608
2026-08-07 18:00:00+00:00,64711.12890625,64837.671875,64711.12890625,64806.71875,81057792
2026-08-07 18:15:00+00:00,64809.98046875,64824.83984375,64745.76953125,64758.1796875,62816256
2026-08-07 18:30:00+00:00,64763.23828125,64790.75,64675.0,64675.19140625,14372864
2026-08-07 18:45:00+00:00,64675.19140625,64706.19140625,64626.94921875,64689.7109375,166672384
2026-08-07 19:00:00+00:00,64697.73046875,64826.94921875,64693.01953125,64790.75,14131200
2026-08-07 19:15:00+00:00,64790.76171875,64950.359375,64790.75,64904.5,45989888
2026-08-07 19:30:00+00:00,64904.55078125,64992.078125,64892.12109375,64930.30859375,120410112
2026-08-07 19:45:00+00:00,64923.62890625,64963.3984375,64896.8203125,64913.921875,238669824
2026-08-07 20:00:00+00:00,64917.91015625,64991.53125,64906.5703125,64949.98046875,74027008
2026-08-07 20:15:00+00:00,64949.98046875,64964.51953125,64911.44140625,64938.078125,18446336
2026-08-07 20:30:00+00:00,64928.328125,64929.94140625,64906.6015625,64920.44140625,238776320
2026-08-07 20:45:00+00:00,64920.44140625,64939.1796875,64917.44921875,64935.71875,128376832
2026-08-07 21:00:00+00:00,64935.71875,64986.12890625,64931.33984375,64964.53125,0
2026-08-07 21:15:00+00:00,64964.51953125,64972.12109375,64910.23046875,64963.0703125,48115712
2026-08-07 21:30:00+00:00,64960.609375,65058.12109375,64960.609375,64982.62109375,8386560
2026-08-07 21:45:00+00:00,64994.51171875,64998.609375,64892.8515625,64895.73046875,173389824
2026-08-07 22:00:00+00:00,64895.73046875,64899.3515625,64863.16015625,64895.73046875,57061376
2026-08-07 22:15:00+00:00,64895.73046875,64916.5390625,64874.1015625,64892.44140625,88324096
2026-08-07 22:30:00+00:00,64892.44140625,64893.609375,64815.7890625,64846.08984375,73177088
2026-08-07 22:45:00+00:00,64846.08984375,64887.8984375,64843.55859375,64852.171875,126283776
2026-08-07 23:00:00+00:00,64851.44140625,64858.48046875,64845.01171875,64852.73046875,59912192
2026-08-07 23:15:00+00:00,64852.73046875,64861.5390625,64841.44921875,64860.55859375,170967040
2026-08-07 23:30:00+00:00,64855.4609375,64866.5,64850.51171875,64866.48828125,124993536
2026-08-07 23:45:00+00:00,64866.4296875,64896.48046875,64865.2890625,64891.6015625,52070400
2026-08-08 00:00:00+00:00,64891.609375,64925.96875,64868.48828125,64868.921875,25296896
2026-08-08 00:15:00+00:00,64869.9296875,64869.9296875,64789.890625,64850.30078125,5122048
2026-08-08 00:30:00+00:00,64850.30078125,64872.078125,64832.69140625,64872.078125,42307584
2026-08-08 00:45:00+00:00,64874.01171875,64888.16015625,64868.87890625,64888.16015625,113414144
2026-08-08 01:00:00+00:00,64884.359375,64924.23046875,64878.94921875,64921.26171875,0
2026-08-08 01:15:00+00:00,64921.26171875,64921.26171875,64872.98828125,64873.0,44662784
2026-08-08 01:30:00+00:00,64873.0,64893.1015625,64871.30078125,64886.19140625,31821824
2026-08-08 01:45:00+00:00,64885.5390625,64885.73828125,64868.8515625,64868.859375,18651136
2026-08-08 02:00:00+00:00,64868.859375,64875.0,64855.19140625,64864.328125,15044608
2026-08-08 02:15:00+00:00,64864.328125,64896.12890625,64856.76171875,64893.44921875,0
2026-08-08 02:30:00+00:00,64893.44921875,64924.3515625,64873.1796875,64882.7109375,29128704
2026-08-08 02:45:00+00:00,64882.7109375,64888.26953125,64879.58984375,64888.12109375,107206656
2026-08-08 03:00:00+00:00,64888.078125,64900.1796875,64880.0,64892.87109375,139046912
2026-08-08 03:15:00+00:00,64892.87109375,64999.3984375,64892.859375,64985.0,12861440
2026-08-08 03:30:00+00:00,64985.0,65035.55859375,64963.23828125,64978.05859375,116871168
2026-08-08 03:45:00+00:00,64978.05859375,64995.94921875,64953.671875,64989.859375,30017536
2026-08-08 04:00:00+00:00,64989.859375,65028.37109375,64925.01171875,64935.5703125,120817664
2026-08-08 04:15:00+00:00,64935.5703125,64966.62109375,64928.87890625,64959.890625,132700160
2026-08-08 04:30:00+00:00,64959.87890625,65022.44140625,64954.671875,64995.6015625,29270016
2026-08-08 04:45:00+00:00,64999.48828125,65000.69140625,64960.8984375,64974.140625,0
2026-08-08 05:00:00+00:00,64973.640625,64979.0,64950.01171875,64951.12890625,67004416
2026-08-08 05:15:00+00:00,64951.12890625,64986.25,64951.12890625,64982.62890625,42915840
2026-08-08 05:30:00+00:00,64975.390625,64982.62109375,64971.80078125,64974.3203125,82415616
2026-08-08 05:45:00+00:00,64974.3203125,64975.30859375,64933.8515625,64961.0,78571520
2026-08-08 06:00:00+00:00,64961.01171875,64961.421875,64935.0390625,64939.19140625,0
2026-08-08 06:15:00+00:00,64939.19140625,64952.23046875,64929.828125,64936.30078125,2856960
2026-08-08 06:30:00+00:00,64940.9609375,64955.98046875,64921.73046875,64955.98046875,67739648
2026-08-08 06:45:00+00:00,64955.98046875,64981.78125,64955.98046875,64968.73046875,49917952
2026-08-08 07:00:00+00:00,64965.5,64973.55859375,64955.16015625,64955.16015625,0
2026-08-08 07:15:00+00:00,64955.16015625,64966.87109375,64954.359375,64965.5703125,0
2026-08-08 07:30:00+00:00,64965.578125,64965.578125,64900.01953125,64910.28125,903168
2026-08-08 07:45:00+00:00,64910.28125,64930.78125,64910.28125,64928.80078125,23390208
2026-08-08 08:00:00+00:00,64915.828125,64934.37890625,64913.8515625,64934.37890625,2013184
2026-08-08 08:15:00+00:00,64934.37109375,64945.4296875,64924.140625,64945.421875,0
2026-08-08 08:30:00+00:00,64945.4296875,64979.0,64944.109375,64979.0,31471616
2026-08-08 08:45:00+00:00,64979.0,64979.0,64947.9296875,64957.71875,0
2026-08-08 09:00:00+00:00,64957.71875,64971.51953125,64952.05859375,64971.51953125,337920
2026-08-08 09:15:00+00:00,64971.53125,64984.23828125,64970.33984375,64974.7109375,0
2026-08-08 09:30:00+00:00,64974.7109375,65014.2890625,64962.6015625,64969.890625,0
2026-08-08 09:45:00+00:00,64969.87890625,64973.26953125,64949.73046875,64955.2890625,0
2026-08-08 10:00:00+00:00,64955.2890625,64973.98828125,64950.140625,64959.1015625,22536192
2026-08-08 10:15:00+00:00,64959.1015625,64983.91015625,64956.30859375,64983.91015625,44756992
2026-08-08 10:30:00+00:00,64983.91015625,64986.828125,64968.140625,64976.3984375,3442688
2026-08-08 10:45:00+00:00,64976.3984375,64978.98828125,64960.8203125,64966.6796875,26411008
2026-08-08 11:00:00+00:00,64966.6796875,64991.98828125,64964.55078125,64974.55859375,17790976
2026-08-08 11:15:00+00:00,64974.55859375,64974.5703125,64931.9609375,64934.96875,0
2026-08-08 11:30:00+00:00,64934.96875,64939.48828125,64928.41015625,64928.41015625,8179712
2026-08-08 11:45:00+00:00,64928.3984375,64931.94140625,64914.69921875,64922.83984375,3080192
2026-08-08 12:00:00+00:00,64921.87109375,64968.12890625,64880.0,64967.7109375,0
2026-08-08 12:15:00+00:00,64968.140625,64999.44921875,64932.55859375,64932.55859375,28680192
2026-08-08 12:30:00+00:00,64942.7890625,64983.53125,64942.7890625,64956.078125,0
2026-08-08 12:45:00+00:00,64956.078125,64983.62109375,64955.87890625,64960.890625,0
2026-08-08 13:00:00+00:00,64960.91015625,64979.5390625,64954.12109375,64957.51953125,0
2026-08-08 13:15:00+00:00,64957.53125,64981.0,64954.828125,64979.33984375,0
2026-08-08 13:30:00+00:00,64973.6484375,64973.66015625,64957.28125,64970.73828125,0
2026-08-08 13:45:00+00:00,64965.98828125,64978.609375,64957.26953125,64973.609375,0
2026-08-08 14:00:00+00:00,64973.609375,65019.37890625,64968.4296875,65019.359375,0
2026-08-08 14:15:00+00:00,65019.359375,65100.44921875,65002.359375,65087.6015625,8228864
2026-08-08 14:30:00+00:00,65112.55859375,65148.921875,65067.66015625,65067.66015625,0
2026-08-08 14:45:00+00:00,65067.66015625,65134.640625,65067.66015625,65082.73828125,0
2026-08-08 15:00:00+00:00,65091.2109375,65109.3203125,65051.41015625,65053.7890625,0
2026-08-08 15:15:00+00:00,65053.7890625,65064.94140625,65032.41015625,65046.62890625,11673600
2026-08-08 15:30:00+00:00,65045.44921875,65047.4609375,65015.328125,65015.33984375,0
2026-08-08 15:45:00+00:00,65015.33984375,65050.0,65013.828125,65029.66015625,0
2026-08-08 16:00:00+00:00,65029.671875,65073.05859375,65029.671875,65038.87109375,5545984
2026-08-08 16:15:00+00:00,65038.87109375,65047.8984375,65027.0,65027.0,0
2026-08-08 16:30:00+00:00,65027.0,65027.0,64990.390625,65015.671875,0
2026-08-08 16:45:00+00:00,65015.671875,65045.5,65012.3203125,65039.98828125,363083776
2026-08-08 17:00:00+00:00,65040.0,65092.48046875,65028.05078125,65070.19921875,0
2026-08-08 17:15:00+00:00,65070.19140625,65080.5,65055.8984375,65072.01953125,14359552
2026-08-08 17:30:00+00:00,65070.390625,65107.98046875,65060.4609375,65084.71875,7084032
2026-08-08 17:45:00+00:00,65084.69140625,65088.3984375,65070.46875,65073.140625,0
2026-08-08 18:00:00+00:00,65073.12890625,65083.1484375,65052.05859375,65062.19140625,0
2026-08-08 18:15:00+00:00,65062.19140625,65062.19140625,64979.0,64990.5703125,55928832
2026-08-08 18:30:00+00:00,64990.5703125,65018.5390625,64989.55078125,65010.48828125,47304704
2026-08-08 18:45:00+00:00,65010.48828125,65016.2109375,64988.83984375,64992.8515625,4637696
2026-08-08 19:00:00+00:00,64992.8515625,65000.0,64969.390625,64975.05078125,0
2026-08-08 19:15:00+00:00,64975.05859375,64978.46875,64964.859375,64967.48828125,8931328
2026-08-08 19:30:00+00:00,64967.5,64998.87890625,64965.421875,64996.37109375,0
2026-08-08 19:45:00+00:00,64993.0,65040.69921875,64992.2890625,65025.421875,20103168
2026-08-08 20:00:00+00:00,65025.41015625,65036.890625,65020.0,65033.921875,0
2026-08-08 20:15:00+00:00,65033.921875,65037.921875,65011.58984375,65016.01171875,4139008
2026-08-08 20:30:00+00:00,65016.01171875,65036.921875,65016.01171875,65032.30859375,18137088
2026-08-08 20:45:00+00:00,65032.30859375,65045.390625,65022.44140625,65032.1796875,224017408
2026-08-08 21:00:00+00:00,65032.1796875,65035.46875,65000.0,65000.01171875,38172672
2026-08-08 21:15:00+00:00,65000.0,65004.33984375,64980.109375,64980.12109375,45351936
2026-08-08 21:30:00+00:00,64980.12109375,65008.390625,64973.859375,65008.390625,29030400
2026-08-08 21:45:00+00:00,65008.390625,65008.390625,64941.078125,64968.03125,60122112
2026-08-08 22:00:00+00:00,64978.98828125,64994.98828125,64952.2109375,64952.21875,24425472
2026-08-08 22:15:00+00:00,64952.2109375,64953.390625,64934.76171875,64940.390625,36022272
2026-08-08 22:30:00+00:00,64940.3984375,64951.078125,64920.01171875,64920.01171875,88545280
2026-08-08 22:45:00+00:00,64920.01953125,64922.7109375,64892.51171875,64892.51171875,37502976
2026-08-08 23:00:00+00:00,64892.51171875,64894.5,64882.078125,64887.578125,16354304
2026-08-08 23:15:00+00:00,64887.58984375,64920.91015625,64882.08984375,64882.08984375,0
2026-08-08 23:30:00+00:00,64882.08984375,64921.80078125,64881.890625,64908.9609375,64120832
2026-08-08 23:45:00+00:00,64908.96875,64922.921875,64900.0,64908.71875,109076480
2026-08-09 00:00:00+00:00,64908.71875,64915.890625,64899.26171875,64902.609375,0
2026-08-09 00:15:00+00:00,64902.609375,64921.80078125,64902.6015625,64913.828125,10413056
2026-08-09 00:30:00+00:00,64913.828125,64939.1796875,64913.828125,64917.44140625,35234816
2026-08-09 00:45:00+00:00,64917.4296875,64927.94140625,64907.578125,64922.078125,41355264
2026-08-09 01:00:00+00:00,64919.01953125,64950.01171875,64913.8515625,64924.26953125,4791296
2026-08-09 01:15:00+00:00,64924.26953125,64936.30859375,64811.55859375,64811.8515625,3109888
2026-08-09 01:30:00+00:00,64811.83984375,64840.51953125,64805.23828125,64838.75,34877440
2026-08-09 01:45:00+00:00,64838.73828125,64838.75,64790.4609375,64806.0,96763904
2026-08-09 02:00:00+00:00,64806.23046875,64809.140625,64762.76953125,64799.05078125,40910848
2026-08-09 02:15:00+00:00,64789.7109375,64797.96875,64778.4609375,64786.12890625,11318272
2026-08-09 02:30:00+00:00,64784.98046875,64795.44921875,64729.75,64729.75,46084096
2026-08-09 02:45:00+00:00,64725.01953125,64773.328125,64725.01953125,64770.0703125,41531392
2026-08-09 03:00:00+00:00,64767.51171875,64767.51171875,64690.33984375,64690.33984375,11345920
2026-08-09 03:15:00+00:00,64679.98828125,64735.30078125,64675.21875,64728.62890625,4070400
2026-08-09 03:30:00+00:00,64727.421875,64751.890625,64722.7109375,64751.890625,0
2026-08-09 03:45:00+00:00,64751.890625,64751.890625,64729.23046875,64734.96875,5709824
2026-08-09 04:00:00+00:00,64734.96875,64768.76171875,64734.9609375,64768.75,0
2026-08-09 04:15:00+00:00,64768.75,64779.390625,64752.05078125,64779.390625,19875840
2026-08-09 04:30:00+00:00,64779.37890625,64779.37890625,64750.44140625,64750.44921875,18030592
2026-08-09 04:45:00+00:00,64750.3515625,64750.3515625,64724.0390625,64735.4296875,11419648
2026-08-09 05:00:00+00:00,64735.33984375,64739.12890625,64725.01171875,64733.98046875,53378048
2026-08-09 05:15:00+00:00,64733.96875,64737.640625,64725.921875,64729.58984375,8083456
2026-08-09 05:30:00+00:00,64729.23046875,64735.921875,64725.62890625,64727.2890625,38986752
2026-08-09 05:45:00+00:00,64727.2890625,64754.3203125,64717.51171875,64754.3203125,0
2026-08-09 06:00:00+00:00,64754.3203125,64763.12890625,64741.78125,64763.12890625,43259904
2026-08-09 06:15:00+00:00,64763.12109375,64790.75,64763.12109375,64787.3984375,56836096
2026-08-09 06:30:00+00:00,64787.3984375,64810.98828125,64787.390625,64809.1015625,24177664
2026-08-09 06:45:00+00:00,64809.1015625,64813.8984375,64792.8984375,64792.8984375,0
2026-08-09 07:00:00+00:00,64792.91015625,64803.19921875,64789.51171875,64803.19921875,41796608
2026-08-09 07:15:00+00:00,64803.19921875,64803.2109375,64780.23828125,64780.3203125,128663552
2026-08-09 07:30:00+00:00,64780.3203125,64789.01171875,64770.01171875,64784.69140625,110690304
2026-08-09 07:45:00+00:00,64784.69921875,64784.69921875,64763.98046875,64770.87109375,50619392
2026-08-09 08:00:00+00:00,64770.87109375,64878.30078125,64770.859375,64861.8984375,68429824
2026-08-09 08:15:00+00:00,64861.8984375,64880.96875,64830.01953125,64830.7109375,416719872
2026-08-09 08:30:00+00:00,64830.7109375,64841.44140625,64739.28125,64739.28125,67757056
2026-08-09 08:45:00+00:00,64736.46875,64770.0703125,64736.46875,64770.0703125,49654784
2026-08-09 09:00:00+00:00,64770.0703125,64779.1796875,64770.05859375,64775.94921875,0
2026-08-09 09:15:00+00:00,64775.9609375,64780.98828125,64761.80078125,64765.12890625,0
2026-08-09 09:30:00+00:00,64763.69921875,64772.12109375,64759.55078125,64766.140625,0
2026-08-09 09:45:00+00:00,64766.1484375,64832.30859375,64759.62109375,64832.30859375,0
2026-08-09 10:00:00+00:00,64832.30859375,64900.171875,64829.6796875,64900.171875,44135424
2026-08-09 10:15:00+00:00,64900.16015625,64930.359375,64891.44140625,64920.62890625,34099200
2026-08-09 10:30:00+00:00,64920.62890625,64928.28125,64884.94140625,64890.1484375,119340032
2026-08-09 10:45:00+00:00,64890.1484375,64925.01171875,64890.140625,64905.4609375,42832896
2026-08-09 11:00:00+00:00,64905.4609375,64933.78125,64905.4609375,64931.3515625,11313152
2026-08-09 11:15:00+00:00,64931.3515625,64931.37109375,64925.44140625,64928.05859375,5167104
2026-08-09 11:30:00+00:00,64928.05859375,64949.0,64928.05078125,64939.58984375,33214464
2026-08-09 11:45:00+00:00,64939.58984375,64957.16015625,64895.75,64899.96875,31264768
2026-08-09 12:00:00+00:00,64893.87890625,64901.37890625,64866.16015625,64891.78125,27990016
2026-08-09 12:15:00+00:00,64891.78125,64897.9609375,64885.83984375,64889.66015625,17125376
2026-08-09 12:30:00+00:00,64889.6484375,64892.12109375,64889.48828125,64890.4609375,30487552
2026-08-09 12:45:00+00:00,64890.46875,64906.58984375,64882.83984375,64906.58984375,9154560
2026-08-09 13:00:00+00:00,64906.58984375,64988.6015625,64906.58984375,64971.76953125,4950016
2026-08-09 13:15:00+00:00,64971.7890625,65041.0,64971.7890625,65040.4609375,64496640
2026-08-09 13:30:00+00:00,65044.55859375,65209.5,65044.55859375,65179.76953125,120679424
2026-08-09 13:45:00+00:00,65179.78125,65181.69921875,65150.01171875,65178.6796875,157508608
2026-08-09 14:00:00+00:00,65178.6796875,65200.671875,65153.33984375,65195.9609375,278422528
2026-08-09 14:15:00+00:00,65195.9609375,65195.9609375,65112.30859375,65142.1796875,0
2026-08-09 14:30:00+00:00,65143.48046875,65182.19921875,65100.3984375,65122.5,8934400
2026-08-09 14:45:00+00:00,65123.1796875,65252.9609375,65121.671875,65214.2890625,47962112
2026-08-09 15:00:00+00:00,65220.0,65220.0,65156.0390625,65194.7109375,34260992
2026-08-09 15:15:00+00:00,65194.69921875,65197.94921875,65178.55078125,65180.1796875,129436672
2026-08-09 15:30:00+00:00,65180.19921875,65187.55859375,65170.8515625,65177.46875,16817152
2026-08-09 15:45:00+00:00,65177.48046875,65187.55859375,65171.05078125,65174.98828125,22330368
2026-08-09 16:00:00+00:00,65175.73046875,65218.83984375,65161.48828125,65188.640625,69565440
2026-08-09 16:15:00+00:00,65188.640625,65197.53125,65132.2109375,65149.12890625,30903296
2026-08-09 16:30:00+00:00,65149.12890625,65210.6796875,65149.12890625,65206.5703125,57866240
2026-08-09 16:45:00+00:00,65206.55859375,65208.8984375,65180.0703125,65181.96875,11329536
2026-08-09 17:00:00+00:00,65181.96875,65181.98046875,65169.4609375,65179.16015625,0
2026-08-09 17:15:00+00:00,65176.62109375,65191.6484375,65166.328125,65185.48046875,4978688
2026-08-09 17:30:00+00:00,65185.48046875,65189.01171875,65176.8984375,65181.26953125,34823168
2026-08-09 17:45:00+00:00,65181.28125,65181.28125,65142.0,65142.0,18371584
2026-08-09 18:00:00+00:00,65142.01171875,65156.37890625,65142.01171875,65154.2109375,0
2026-08-09 18:15:00+00:00,65154.21875,65166.75,65138.28125,65166.75,0
2026-08-09 18:30:00+00:00,65166.75,65174.0703125,65161.19921875,65170.390625,41096192
2026-08-09 18:45:00+00:00,65170.390625,65170.390625,65146.66015625,65147.12109375,0
2026-08-09 19:00:00+00:00,65147.12890625,65155.01953125,65136.87109375,65150.28125,12637184
2026-08-09 19:15:00+00:00,65148.98046875,65169.98828125,65148.01953125,65159.3515625,14604288
2026-08-09 19:30:00+00:00,65159.6484375,65161.7109375,65150.0,65150.26953125,49633280
2026-08-09 19:45:00+00:00,65150.26953125,65150.3203125,65130.03125,65130.73828125,0
2026-08-09 20:00:00+00:00,65140.48828125,65140.5,65028.16015625,65032.2109375,20719616
2026-08-09 20:15:00+00:00,65032.19921875,65105.69921875,65032.19921875,65080.3203125,175930368
2026-08-09 20:30:00+00:00,65080.3203125,65123.7890625,65080.3203125,65100.01171875,42600448
2026-08-09 20:45:00+00:00,65100.0,65100.0,65083.98046875,65095.5703125,5975040
2026-08-09 21:00:00+00:00,65095.578125,65097.0,65083.26953125,65086.30078125,20853760
2026-08-09 21:15:00+00:00,65086.30078125,65098.7109375,65077.53125,65088.578125,13684736
2026-08-09 21:30:00+00:00,65089.87890625,65196.8203125,65086.078125,65178.08984375,116339712
2026-08-09 21:45:00+00:00,65178.08984375,65178.1015625,65138.2890625,65143.69921875,77364224
2026-08-09 22:00:00+00:00,65160.359375,65398.26953125,65160.359375,65353.4296875,24145920
2026-08-09 22:15:00+00:00,65355.53125,65382.7890625,65163.62109375,65177.73046875,369593344
2026-08-09 22:30:00+00:00,65196.19140625,65196.19921875,64936.51953125,64984.94140625,113725440
2026-08-09 22:45:00+00:00,64977.1796875,65056.421875,64921.8984375,65023.078125,131126272
2026-08-09 23:00:00+00:00,65013.8203125,65056.421875,64950.05859375,64971.76171875,762830848
2026-08-09 23:15:00+00:00,64968.140625,65007.44921875,64852.26953125,64870.390625,282135552
2026-08-09 23:30:00+00:00,64855.921875,64892.83984375,64808.6484375,64848.6796875,164431872
2026-08-09 23:45:00+00:00,64850.30859375,64887.6796875,64788.671875,64848.69140625,787989504
2026-08-10 00:00:00+00:00,64839.01171875,65245.4609375,64794.37890625,65096.5703125,31335424
2026-08-10 00:15:00+00:00,65077.30078125,65111.8984375,64928.328125,64950.0390625,626678784
2026-08-10 00:30:00+00:00,64944.62890625,65000.4296875,64772.66015625,64799.2109375,113090560
2026-08-10 00:45:00+00:00,64795.9609375,64995.66015625,64794.8984375,64916.98046875,116085760
2026-08-10 01:00:00+00:00,64921.66015625,64982.578125,64852.30078125,64958.51953125,136241152
2026-08-10 01:15:00+00:00,64958.51953125,65024.96875,64950.0390625,64953.671875,36102144
2026-08-10 01:30:00+00:00,64941.0,64957.171875,64845.578125,64924.69140625,0
2026-08-10 01:45:00+00:00,64924.69921875,65330.140625,64919.19921875,65146.8515625,197653504
2026-08-10 02:00:00+00:00,65163.609375,65163.609375,65033.30078125,65058.640625,107060224
2026-08-10 02:15:00+00:00,65058.640625,65058.640625,64852.23828125,64911.359375,56145920
2026-08-10 02:30:00+00:00,64917.44921875,65165.3984375,64913.1015625,65149.140625,15350784
2026-08-10 02:45:00+00:00,65131.078125,65131.109375,65026.0703125,65043.01953125,37993472
2026-08-10 03:00:00+00:00,65047.94921875,65055.83984375,64905.01953125,64905.01953125,100822016
2026-08-10 03:15:00+00:00,64905.01171875,65115.4609375,64852.30859375,64969.05078125,113760256
2026-08-10 03:30:00+00:00,64976.69921875,65040.53125,64943.6796875,64968.12890625,48824320
2026-08-10 03:45:00+00:00,64979.0,65010.16015625,64894.69140625,64921.08984375,128249856
2026-08-10 04:00:00+00:00,64912.37109375,65018.80859375,64900.078125,65018.80859375,124917760
2026-08-10 04:15:00+00:00,65018.80859375,65038.171875,64968.140625,64968.140625,22987776
2026-08-10 04:30:00+00:00,64970.8984375,64988.1796875,64863.171875,64950.0390625,129685504
2026-08-10 04:45:00+00:00,64953.66015625,65002.23046875,64921.08984375,64950.76953125,105568256
2026-08-10 05:00:00+00:00,64942.69921875,65005.26171875,64924.69921875,64935.078125,38715392
2026-08-10 05:15:00+00:00,64935.08984375,65007.94921875,64935.078125,64989.8515625,62482432
2026-08-10 05:30:00+00:00,64979.0,65029.21875,64964.5390625,65025.0,48450560
2026-08-10 05:45:00+00:00,65025.0,65104.46875,64994.58984375,65085.6015625,46740480
2026-08-10 06:00:00+00:00,65087.578125,65232.390625,65076.73828125,65146.6796875,94499840
2026-08-10 06:15:00+00:00,65147.03125,65184.87890625,65098.96875,65117.80078125,107217920
2026-08-10 06:30:00+00:00,65119.6015625,65192.578125,65116.25,65192.578125,35072000
2026-08-10 06:45:00+00:00,65186.80859375,65283.0703125,65181.671875,65248.078125,88419328
2026-08-10 07:00:00+00:00,65254.109375,65254.69140625,65201.30859375,65208.6015625,49567744
2026-08-10 07:15:00+00:00,65208.609375,65282.12890625,65186.98046875,65267.9296875,24745984
2026-08-10 07:30:00+00:00,65261.37109375,65319.26953125,65254.12109375,65274.05078125,123523072
2026-08-10 07:45:00+00:00,65274.078125,65286.69140625,65141.66015625,65149.83984375,165011456
2026-08-10 08:00:00+00:00,65152.609375,65257.3515625,65152.609375,65216.8984375,0
2026-08-10 08:15:00+00:00,65209.078125,65277.2890625,65178.01953125,65244.03125,559568896
2026-08-10 08:30:00+00:00,65240.66015625,65251.33984375,65138.171875,65171.62890625,73369600
2026-08-10 08:45:00+00:00,65171.62890625,65215.37109375,65151.51171875,65190.3515625,646144
2026-08-10 09:00:00+00:00,65182.98828125,65182.98828125,65132.30859375,65162.9609375,88995840
2026-08-10 09:15:00+00:00,65162.9609375,65167.26953125,65103.8203125,65104.33984375,70009856
2026-08-10 09:30:00+00:00,65085.01953125,65088.23046875,64987.16015625,64992.2890625,71390208
2026-08-10 09:45:00+00:00,64993.5,64993.5,64897.55859375,64907.6484375,177420288
2026-08-10 10:00:00+00:00,64906.3515625,65012.3515625,64903.9609375,64983.55859375,76880896
2026-08-10 10:15:00+00:00,64983.5703125,65011.578125,64941.1015625,64964.140625,33131520
2026-08-10 10:30:00+00:00,64966.8203125,64990.41015625,64943.26171875,64948.5,69806080
2026-08-10 10:45:00+00:00,64948.5,64998.23828125,64947.1796875,64956.26171875,137947136
2026-08-10 11:00:00+00:00,64960.98046875,64976.7890625,64910.73828125,64955.03125,37013504
2026-08-10 11:15:00+00:00,64955.03125,65032.921875,64955.03125,65021.8515625,115915776
2026-08-10 11:30:00+00:00,65032.21875,65047.421875,65001.2109375,65002.83984375,10294272
2026-08-10 11:45:00+00:00,65002.83984375,65080.3515625,65001.98828125,65069.4609375,17242112
2026-08-10 12:00:00+00:00,65061.140625,65182.26171875,65048.51953125,65066.71875,98967552
2026-08-10 12:15:00+00:00,65065.73046875,65065.73046875,64983.80078125,64994.1484375,67253248
2026-08-10 12:30:00+00:00,64997.46875,65002.19140625,64856.9609375,64966.8203125,202244096
2026-08-10 12:45:00+00:00,64951.1015625,64951.8515625,64794.75,64817.1015625,229389312
2026-08-10 13:00:00+00:00,64805.69921875,64852.8515625,64787.23046875,64829.26953125,196591616
2026-08-10 13:15:00+00:00,64829.28125,64915.7109375,64819.96875,64868.859375,125963264
2026-08-10 13:30:00+00:00,64869.25,64869.25,64550.26953125,64578.578125,425200640
2026-08-10 13:45:00+00:00,64564.5,64615.25,64446.7109375,64494.73046875,441208832
2026-08-10 14:00:00+00:00,64471.6484375,64693.109375,64471.6484375,64687.359375,490214400
2026-08-10 14:15:00+00:00,64676.87109375,64774.2109375,64648.171875,64729.171875,370073600
2026-08-10 14:30:00+00:00,64720.921875,64840.55859375,64707.44921875,64770.37109375,172464128
2026-08-10 14:45:00+00:00,64781.66015625,64809.62109375,64554.1796875,64562.76171875,95199232
2026-08-10 15:00:00+00:00,64564.12109375,64651.4296875,64492.87109375,64502.62890625,119232512
2026-08-10 15:15:00+00:00,64499.109375,64577.1015625,64262.44140625,64335.51171875,194365440
2026-08-10 15:30:00+00:00,64336.80078125,64357.66015625,64208.3515625,64269.21875,562628608
2026-08-10 15:45:00+00:00,64276.8984375,64292.03125,64145.98828125,64235.8515625,164196352
2026-08-10 16:00:00+00:00,64174.01171875,64298.71875,64150.3984375,64159.2890625,290519040
2026-08-10 16:15:00+00:00,64159.2890625,64159.2890625,63930.44140625,64057.87890625,468193280
2026-08-10 16:30:00+00:00,64057.80078125,64113.640625,63880.5390625,63899.98828125,357916672
2026-08-10 16:45:00+00:00,63884.359375,63895.3203125,63758.48828125,63833.921875,342444032
2026-08-10 17:00:00+00:00,63863.30078125,63948.94921875,63759.66015625,63926.0,449867776
2026-08-10 17:15:00+00:00,63920.01171875,63940.01953125,63843.6796875,63843.6796875,477640704
2026-08-10 17:30:00+00:00,63836.05859375,63945.8515625,63823.2109375,63878.83984375,337752064
2026-08-10 17:45:00+00:00,63870.80859375,63910.5703125,63811.41015625,63884.98046875,368930816
2026-08-10 18:00:00+00:00,63884.98828125,63947.62890625,63812.75,63868.30078125,342034432
2026-08-10 18:15:00+00:00,63858.578125,63939.8203125,63813.8984375,63813.8984375,284766208
2026-08-10 18:30:00+00:00,63815.48046875,63858.37109375,63739.28125,63818.6796875,335069184
2026-08-10 18:45:00+00:00,63811.3984375,63860.51171875,63768.69921875,63815.8984375,369346560
2026-08-10 19:00:00+00:00,63815.91015625,63868.4296875,63810.25,63855.94140625,200216576
2026-08-10 19:15:00+00:00,63855.94140625,63958.640625,63819.26953125,63955.9296875,191899648
2026-08-10 19:30:00+00:00,63960.859375,64033.03125,63852.96875,63958.44140625,90427392
2026-08-10 19:45:00+00:00,63959.51171875,63984.3203125,63932.2109375,63975.87890625,66054144
2026-08-10 20:00:00+00:00,63978.66015625,64024.140625,63947.62890625,63983.98046875,148512768
2026-08-10 20:15:00+00:00,63984.0,64058.98046875,63984.0,64054.96875,109486080
2026-08-10 20:30:00+00:00,64054.98046875,64126.4609375,64036.640625,64108.4609375,129468416
2026-08-10 20:45:00+00:00,64108.4609375,64112.69921875,64067.921875,64096.859375,165513216
2026-08-10 21:00:00+00:00,64092.01171875,64092.01171875,64027.26953125,64048.96875,0
2026-08-10 21:15:00+00:00,64048.96875,64058.98828125,64006.87890625,64055.98046875,113182720
2026-08-10 21:30:00+00:00,64055.98046875,64059.98828125,63966.19921875,63980.3984375,12378112
2026-08-10 21:45:00+00:00,63984.328125,63984.328125,63910.3984375,63910.421875,27471872
2026-08-10 22:00:00+00:00,63910.16015625,63985.578125,63887.671875,63979.98046875,0
2026-08-10 22:15:00+00:00,63982.2109375,63997.0,63941.109375,63948.23046875,0
2026-08-10 22:30:00+00:00,63948.12109375,63951.08984375,63873.3515625,63932.08984375,0
2026-08-10 22:45:00+00:00,63929.51953125,63959.71875,63921.4609375,63959.7109375,218023936
2026-08-10 23:00:00+00:00,63959.7109375,63963.01171875,63913.58984375,63920.98046875,28495872
2026-08-10 23:15:00+00:00,63920.98828125,63940.0,63888.0,63930.30859375,106213376
2026-08-10 23:30:00+00:00,63930.30859375,63930.30859375,63854.8984375,63909.66015625,27629568
2026-08-10 23:45:00+00:00,63902.921875,63922.0,63886.08984375,63911.87890625,20889600
2026-08-11 00:00:00+00:00,63911.87109375,63917.51953125,63830.28125,63917.51953125,241498112
2026-08-11 00:15:00+00:00,63916.3984375,63930.75,63851.71875,63915.37109375,62926848
2026-08-11 00:30:00+00:00,63929.30859375,63942.98828125,63880.7109375,63909.55078125,64301056
2026-08-11 00:45:00+00:00,63918.33984375,63989.96875,63918.33984375,63972.08984375,0
2026-08-11 01:00:00+00:00,63970.9296875,64013.390625,63906.76953125,63993.62109375,256878592
2026-08-11 01:15:00+00:00,63993.62109375,64013.3984375,63909.87890625,64004.359375,41138176
2026-08-11 01:30:00+00:00,63999.578125,63999.578125,63891.69921875,63921.4609375,71958528
2026-08-11 01:45:00+00:00,63921.4609375,64013.0,63917.51953125,63993.25,787396608
2026-08-11 02:00:00+00:00,63987.08984375,64024.48046875,63976.46875,63979.9609375,0
2026-08-11 02:15:00+00:00,63989.05078125,64011.83984375,63982.91015625,63986.359375,42491904
2026-08-11 02:30:00+00:00,63986.359375,63991.7890625,63957.83984375,63979.109375,0
2026-08-11 02:45:00+00:00,63983.71875,63992.96875,63964.62109375,63978.05078125,0
2026-08-11 03:00:00+00:00,63979.8984375,64043.1796875,63979.8984375,64036.890625,53026816
2026-08-11 03:15:00+00:00,64036.44921875,64110.08984375,64036.44921875,64068.16015625,0
2026-08-11 03:30:00+00:00,64067.94140625,64102.21875,64065.94140625,64070.76953125,25473024
2026-08-11 03:45:00+00:00,64070.76171875,64074.71875,64050.5703125,64074.71875,62965760
2026-08-11 04:00:00+00:00,64072.01171875,64094.37109375,64053.55859375,64055.08984375,169488384
2026-08-11 04:15:00+00:00,64055.08984375,64070.51171875,64036.19140625,64041.62890625,55982080
2026-08-11 04:30:00+00:00,64041.828125,64048.2890625,64030.1796875,64034.03125,43642880
2026-08-11 04:45:00+00:00,64034.78125,64042.48828125,63960.2109375,63960.2109375,24023040
2026-08-11 05:00:00+00:00,63955.55859375,63992.19140625,63930.21875,63984.6796875,51492864
2026-08-11 05:15:00+00:00,63984.6796875,63984.6796875,63889.578125,63906.1015625,15091712
2026-08-11 05:30:00+00:00,63906.109375,63979.4296875,63899.69140625,63972.51171875,76275712
2026-08-11 05:45:00+00:00,63972.51171875,63980.3984375,63926.890625,63926.890625,791920640
2026-08-11 06:00:00+00:00,63926.890625,63985.30859375,63905.71875,63961.8203125,0
2026-08-11 06:15:00+00:00,63960.76171875,63960.76171875,63860.6484375,63860.6484375,67465216
2026-08-11 06:30:00+00:00,63860.6484375,63900.0,63831.0703125,63858.21875,136562688
2026-08-11 06:45:00+00:00,63859.859375,63900.0,63798.2109375,63897.94140625,133388288
2026-08-11 07:00:00+00:00,63897.94140625,63944.55078125,63893.71875,63893.71875,229945344
2026-08-11 07:15:00+00:00,63893.7109375,63900.0,63836.55078125,63836.78125,49004544
2026-08-11 07:30:00+00:00,63840.30078125,64025.890625,63840.30078125,64011.80078125,68726784
2026-08-11 07:45:00+00:00,64006.41015625,64049.28125,63976.140625,63999.171875,86390784
2026-08-11 08:00:00+00:00,64004.1796875,64042.2890625,63976.859375,63976.859375,36935680
2026-08-11 08:15:00+00:00,63975.828125,64020.51953125,63975.0,63984.73046875,0
2026-08-11 08:30:00+00:00,63984.71875,64057.53125,63984.71875,64043.83984375,14761984
2026-08-11 08:45:00+00:00,64043.83984375,64084.19921875,64021.46875,64073.8515625,130957312
2026-08-11 09:00:00+00:00,64073.859375,64103.25,64059.4296875,64065.62890625,39677952
2026-08-11 09:15:00+00:00,64065.62890625,64137.53125,64065.16015625,64123.7890625,125556736
2026-08-11 09:30:00+00:00,64123.7890625,64186.8515625,64116.33984375,64179.0,47900672
2026-08-11 09:45:00+00:00,64179.0,64242.44921875,64179.0,64242.44921875,17963008
2026-08-11 10:00:00+00:00,64244.2109375,64253.01953125,64179.0,64184.9296875,50440192
2026-08-11 10:15:00+00:00,64184.58984375,64244.30859375,64141.359375,64238.859375,41625600
2026-08-11 10:30:00+00:00,64238.859375,64251.1015625,64190.890625,64216.0,159238144
2026-08-11 10:45:00+00:00,64216.73046875,64216.73046875,64160.0,64171.171875,72640512
2026-08-11 11:00:00+00:00,64202.30859375,64334.3203125,64194.69140625,64301.37890625,61616128
2026-08-11 11:15:00+00:00,64301.37890625,64305.1796875,64275.7109375,64277.71875,815941632
2026-08-11 11:30:00+00:00,64277.71875,64297.01953125,64275.16015625,64285.23828125,20934656
2026-08-11 11:45:00+00:00,64285.23828125,64347.55859375,64285.23046875,64327.171875,113795072
2026-08-11 12:00:00+00:00,64347.890625,64434.7109375,64324.23828125,64413.2109375,91623424
2026-08-11 12:15:00+00:00,64413.2109375,64413.2109375,64229.6015625,64255.66015625,100591616
2026-08-11 12:30:00+00:00,64274.69921875,64330.6015625,64255.6484375,64269.0,103131136
2026-08-11 12:45:00+00:00,64269.01171875,64283.44140625,64263.66015625,64266.51953125,0
2026-08-11 13:00:00+00:00,64263.28125,64315.8515625,64218.078125,64266.28125,0
2026-08-11 13:15:00+00:00,64253.75,64274.69140625,64105.609375,64136.78125,0
2026-08-11 13:30:00+00:00,64138.7109375,64176.80859375,64000.83984375,64113.6015625,200738816
2026-08-11 13:45:00+00:00,64116.98828125,64154.76953125,63988.078125,64139.98828125,339881984
2026-08-11 14:00:00+00:00,64129.921875,64174.62890625,64056.48046875,64157.1484375,12888064
2026-08-11 14:15:00+00:00,64163.6015625,64202.30859375,63873.19140625,63963.58984375,11907072
2026-08-11 14:30:00+00:00,63961.37890625,63999.12109375,63842.41015625,63891.94140625,131139584
2026-08-11 14:45:00+00:00,63901.33984375,63945.75,63651.12890625,63713.9609375,323676160
2026-08-11 15:00:00+00:00,63691.51171875,63809.5390625,63678.05859375,63719.078125,210595840
2026-08-11 15:15:00+00:00,63707.0,63812.98046875,63649.859375,63806.828125,95961088
2026-08-11 15:30:00+00:00,63802.26171875,63802.26171875,63386.859375,63504.6015625,96851968
2026-08-11 15:45:00+00:00,63496.76953125,63573.0,63404.71875,63541.37109375,965011456
2026-08-11 16:00:00+00:00,63486.03125,63594.140625,63486.03125,63535.8984375,0
2026-08-11 16:15:00+00:00,63551.58984375,63590.83984375,63513.3203125,63527.859375,0
2026-08-11 16:30:00+00:00,63527.87109375,63560.3984375,63428.8515625,63428.859375,0
2026-08-11 16:45:00+00:00,63451.73046875,63482.1015625,63392.41015625,63440.58984375,0
2026-08-11 17:00:00+00:00,63438.71875,63475.0,63390.51171875,63436.51171875,0
2026-08-11 17:15:00+00:00,63438.73828125,63535.5390625,63417.4609375,63505.55078125,0
2026-08-11 17:30:00+00:00,63507.609375,63524.109375,63454.94140625,63486.0390625,0
2026-08-11 17:45:00+00:00,63477.8984375,63567.37890625,63460.9609375,63537.12109375,0
2026-08-11 18:00:00+00:00,63524.12890625,63562.23046875,63475.41015625,63519.48828125,0
2026-08-11 18:15:00+00:00,63517.8515625,63537.921875,63402.62109375,63402.62109375,169936896
2026-08-11 18:30:00+00:00,63409.8203125,63440.30859375,63203.1484375,63238.37890625,132562944
2026-08-11 18:45:00+00:00,63233.1796875,63319.96875,63233.1796875,63305.7890625,85493760
2026-08-11 19:00:00+00:00,63304.8203125,63312.0,63173.62890625,63179.19140625,111011840
2026-08-11 19:15:00+00:00,63176.98046875,63316.19140625,63176.98046875,63285.7890625,15339520
2026-08-11 19:30:00+00:00,63297.80078125,63392.94140625,63287.91015625,63382.390625,133019648
2026-08-11 19:45:00+00:00,63398.30859375,63479.44140625,63319.48828125,63477.96875,5187584
2026-08-11 20:00:00+00:00,63476.0,63658.5,63469.421875,63613.4296875,186122240
2026-08-11 20:15:00+00:00,63614.3984375,63619.2109375,63551.62890625,63619.2109375,753930240
2026-08-11 20:30:00+00:00,63630.3203125,63691.01953125,63589.078125,63612.1484375,91940864
2026-08-11 20:45:00+00:00,63612.140625,63691.421875,63612.140625,63682.16015625,89456640
2026-08-11 21:00:00+00:00,63675.23046875,63695.5703125,63662.94921875,63676.3203125,92426240
2026-08-11 21:15:00+00:00,63676.328125,63700.6484375,63587.828125,63604.76171875,93710336
2026-08-11 21:30:00+00:00,63604.76171875,63634.58984375,63553.8984375,63606.9609375,65658880
2026-08-11 21:45:00+00:00,63606.55859375,63634.62109375,63584.01953125,63615.578125,40243200
2026-08-11 22:00:00+00:00,63624.53125,63710.96875,63624.53125,63674.51171875,51130368
2026-08-11 22:15:00+00:00,63669.078125,63706.98828125,63645.12890625,63661.2890625,192753664
2026-08-11 22:30:00+00:00,63670.4296875,63670.4296875,63584.98828125,63592.7109375,34918400
2026-08-11 22:45:00+00:00,63596.23046875,63620.0,63558.6484375,63604.66015625,55881728
2026-08-11 23:00:00+00:00,63604.66015625,63604.66015625,63500.55078125,63514.6796875,0
2026-08-11 23:15:00+00:00,63514.6796875,63553.578125,63480.1015625,63536.26171875,105877504
2026-08-11 23:30:00+00:00,63536.26171875,63582.578125,63524.12890625,63582.578125,18667520
2026-08-11 23:45:00+00:00,63582.578125,63592.7109375,63531.75,63531.75,4462592
2026-08-12 00:00:00+00:00,63525.109375,63548.26953125,63466.08984375,63539.37890625,98275328
2026-08-12 00:15:00+00:00,63539.3203125,63645.0,63514.05859375,63608.01171875,54593536
2026-08-12 00:30:00+00:00,63608.01171875,63667.0703125,63608.01171875,63655.8515625,38807552
2026-08-12 00:45:00+00:00,63655.8515625,63687.94921875,63655.1796875,63685.0390625,2199552
2026-08-12 01:00:00+00:00,63685.0390625,63728.01953125,63653.6796875,63727.01953125,61177856
2026-08-12 01:15:00+00:00,63727.01953125,63727.390625,63680.33984375,63691.76953125,40198144
2026-08-12 01:30:00+00:00,63679.05859375,63764.05078125,63628.44140625,63764.05078125,165265408
2026-08-12 01:45:00+00:00,63764.0390625,63798.55078125,63734.0703125,63760.8984375,40482816
2026-08-12 02:00:00+00:00,63775.578125,63823.0,63756.55078125,63780.109375,389222400
2026-08-12 02:15:00+00:00,63787.58984375,63835.78125,63722.26171875,63835.76953125,204582912
2026-08-12 02:30:00+00:00,63838.2890625,63847.96875,63695.578125,63712.171875,194189312
2026-08-12 02:45:00+00:00,63711.19140625,63719.0,63665.76171875,63687.94921875,92258304
2026-08-12 03:00:00+00:00,63694.98828125,63738.55859375,63645.390625,63654.73828125,86642688
2026-08-12 03:15:00+00:00,63652.30859375,63715.62109375,63638.53125,63689.69140625,99145728
2026-08-12 03:30:00+00:00,63680.2109375,63784.01953125,63674.53125,63748.921875,61626368
2026-08-12 03:45:00+00:00,63748.921875,63778.1015625,63710.8203125,63762.01953125,26298368
2026-08-12 04:00:00+00:00,63766.41015625,63777.51171875,63697.5390625,63725.98828125,0
2026-08-12 04:15:00+00:00,63725.98046875,63829.98828125,63721.0703125,63729.51171875,60383232
2026-08-12 04:30:00+00:00,63718.19921875,63718.19921875,63670.25,63707.26953125,251977728
2026-08-12 04:45:00+00:00,63705.6796875,63772.4296875,63695.578125,63713.62109375,84291584
2026-08-12 05:00:00+00:00,63713.62109375,63760.33984375,63663.87890625,63758.76171875,245618688
2026-08-12 05:15:00+00:00,63757.55859375,63782.48828125,63753.08984375,63782.48828125,0
2026-08-12 05:30:00+00:00,63782.48828125,63809.87109375,63761.9296875,63785.37109375,154025984
2026-08-12 05:45:00+00:00,63787.5,63803.8515625,63752.58984375,63786.76953125,158183424
2026-08-12 06:00:00+00:00,63780.109375,63780.109375,63634.62890625,63635.671875,88670208
2026-08-12 06:15:00+00:00,63635.5,63687.9609375,63557.0390625,63577.28125,232468480
2026-08-12 06:30:00+00:00,63577.2890625,63616.48828125,63534.01171875,63588.80078125,156485632
2026-08-12 06:45:00+00:00,63591.33984375,63650.69140625,63562.23046875,63650.69140625,21207040
2026-08-12 07:00:00+00:00,63652.0703125,63731.8203125,63640.140625,63689.23046875,98242560
2026-08-12 07:15:00+00:00,63684.1484375,63696.62109375,63661.05078125,63665.46875,84498432
2026-08-12 07:30:00+00:00,63665.46875,63705.94140625,63617.609375,63626.87890625,8738816
2026-08-12 07:45:00+00:00,63612.0,63767.0390625,63570.51171875,63767.03125,190068736
2026-08-12 08:00:00+00:00,63767.578125,63798.8203125,63713.390625,63723.58984375,35012608
2026-08-12 08:15:00+00:00,63723.58984375,63769.9609375,63723.58984375,63758.8984375,232833024
2026-08-12 08:30:00+00:00,63745.2109375,63745.21875,63705.6015625,63716.890625,41811968
2026-08-12 08:45:00+00:00,63716.37890625,63758.890625,63714.578125,63730.5,126674944
2026-08-12 09:00:00+00:00,63730.96875,63799.1796875,63698.3984375,63795.58984375,0
2026-08-12 09:15:00+00:00,63797.30078125,63939.58984375,63793.30859375,63919.66015625,155336704
2026-08-12 09:30:00+00:00,63936.0,64023.05078125,63927.2109375,63983.109375,150249472
2026-08-12 09:45:00+00:00,63983.98828125,64052.33984375,63972.0,64052.33984375,126203904
2026-08-12 10:00:00+00:00,64054.7890625,64154.01171875,64033.98828125,64069.21875,238852096
2026-08-12 10:15:00+00:00,64069.23046875,64085.48046875,64002.640625,64014.078125,297099264
2026-08-12 10:30:00+00:00,64014.078125,64105.19140625,64014.078125,64080.53125,156692480
2026-08-12 10:45:00+00:00,64080.53125,64099.98828125,64019.23828125,64079.98828125,1095680
2026-08-12 11:00:00+00:00,64096.05859375,64155.0,64054.578125,64078.44140625,47046656
2026-08-12 11:15:00+00:00,64079.73046875,64146.28125,64065.96875,64141.19140625,82706432
2026-08-12 11:30:00+00:00,64141.19921875,64157.8515625,64095.140625,64134.08984375,195950592
2026-08-12 11:45:00+00:00,64134.08984375,64189.3984375,64130.0,64175.8984375,28526592
2026-08-12 12:00:00+00:00,64187.48828125,64237.51171875,64159.03125,64204.03125,0
2026-08-12 12:15:00+00:00,64206.12890625,64357.05859375,64198.7109375,64357.05859375,107393024
2026-08-12 12:30:00+00:00,64383.83984375,64383.83984375,63985.98828125,64041.2109375,869316608
2026-08-12 12:45:00+00:00,64035.41015625,64123.19140625,63921.0,64066.44140625,931944448
2026-08-12 13:00:00+00:00,64067.23828125,64099.98828125,63880.96875,63928.7890625,50589696
2026-08-12 13:15:00+00:00,63932.9609375,63982.98828125,63840.4296875,63891.8984375,805574656
2026-08-12 13:30:00+00:00,63892.76953125,63949.109375,63800.0,63920.87890625,117014528
2026-08-12 13:45:00+00:00,63923.28125,64014.30859375,63770.890625,63780.55859375,0
2026-08-12 14:00:00+00:00,63743.109375,63848.1015625,63542.640625,63731.83984375,113305600
2026-08-12 14:15:00+00:00,63729.4296875,63766.78125,63594.01171875,63603.05859375,216526848
2026-08-12 14:30:00+00:00,63583.94921875,63635.0,63457.2109375,63537.94140625,128526336
2026-08-12 14:45:00+00:00,63538.08984375,63570.19921875,63287.7109375,63296.7109375,105926656
2026-08-12 15:00:00+00:00,63296.69921875,63460.37890625,63248.91015625,63428.390625,54503424
2026-08-12 15:15:00+00:00,63424.87109375,63471.6484375,63363.6015625,63424.80078125,161208320
2026-08-12 15:30:00+00:00,63439.19140625,63501.6015625,63325.53125,63448.51171875,0
2026-08-12 15:45:00+00:00,63455.921875,63478.109375,63345.6015625,63368.640625,0
2026-08-12 16:00:00+00:00,63367.25,63430.23828125,63283.6796875,63406.05078125,100833280
2026-08-12 16:15:00+00:00,63417.890625,63491.58984375,63389.140625,63491.58984375,111241216
2026-08-12 16:30:00+00:00,63495.37890625,63512.69921875,63438.16015625,63447.0703125,12851200
2026-08-12 16:45:00+00:00,63437.66015625,63455.12109375,63404.0390625,63427.44921875,0
2026-08-12 17:00:00+00:00,63424.5703125,63474.671875,63410.78125,63466.73828125,91078656
2026-08-12 17:15:00+00:00,63473.078125,63485.078125,63335.0,63371.671875,38043648
2026-08-12 17:30:00+00:00,63371.671875,63440.921875,63336.421875,63401.55859375,103307264
2026-08-12 17:45:00+00:00,63401.55078125,63468.21875,63378.4296875,63398.8203125,24727552
2026-08-12 18:00:00+00:00,63385.55859375,63437.1796875,63344.0,63399.609375,48678912
2026-08-12 18:15:00+00:00,63392.3984375,63392.41015625,63309.6015625,63360.0,166014976
2026-08-12 18:30:00+00:00,63357.53125,63453.58984375,63342.640625,63376.80078125,0
2026-08-12 18:45:00+00:00,63368.48828125,63369.19921875,63300.1796875,63309.609375,0
2026-08-12 19:00:00+00:00,63305.44921875,63363.58984375,63305.44921875,63307.73828125,0
2026-08-12 19:15:00+00:00,63307.75,63395.12890625,63241.171875,63313.19921875,733827072
2026-08-12 19:30:00+00:00,63312.6796875,63332.73828125,63263.8515625,63263.8515625,55287808
2026-08-12 19:45:00+00:00,63264.01953125,63355.21875,63245.87890625,63345.71875,65880064
2026-08-12 20:00:00+00:00,63350.76953125,63446.390625,63350.76953125,63391.359375,14305280
2026-08-12 20:15:00+00:00,63391.359375,63449.69140625,63349.2109375,63435.69921875,157976576
2026-08-12 20:30:00+00:00,63435.7109375,63507.58984375,63435.7109375,63481.33984375,48357376
2026-08-12 20:45:00+00:00,63474.48828125,63535.46875,63460.05859375,63535.46875,93353984
2026-08-12 21:00:00+00:00,63537.0,63577.5703125,63486.16015625,63517.01953125,109271040
2026-08-12 21:15:00+00:00,63514.80078125,63529.8515625,63393.91015625,63418.98828125,42125312
2026-08-12 21:30:00+00:00,63415.25,63481.75,63356.44140625,63472.19140625,75538432
2026-08-12 21:45:00+00:00,63476.140625,63513.73046875,63384.6015625,63403.19140625,71716864
2026-08-12 22:00:00+00:00,63392.3984375,63473.76953125,63352.80078125,63431.25,61730816
2026-08-12 22:15:00+00:00,63441.171875,63467.98828125,63415.05859375,63417.859375,100175872
2026-08-12 22:30:00+00:00,63417.859375,63431.19921875,63297.51953125,63336.5390625,68544512
2026-08-12 22:45:00+00:00,63331.140625,63370.0,63319.98828125,63361.5703125,123666432
2026-08-12 23:00:00+00:00,63361.578125,63377.6015625,63315.1796875,63349.19921875,104660992
2026-08-12 23:15:00+00:00,63349.19140625,63370.7890625,63305.140625,63359.4609375,40038400
2026-08-12 23:30:00+00:00,63359.4609375,63408.62109375,63329.921875,63352.7890625,325750784
2026-08-12 23:45:00+00:00,63352.7890625,63417.109375,63337.140625,63413.05859375,321126400
2026-08-13 00:00:00+00:00,63406.80078125,63537.8203125,63392.3984375,63537.80859375,110217216
2026-08-13 00:15:00+00:00,63537.8203125,63633.66015625,63514.98046875,63561.6015625,196775936
2026-08-13 00:30:00+00:00,63550.80859375,63553.921875,63434.1796875,63446.3984375,66230272
2026-08-13 00:45:00+00:00,63446.41015625,63539.98828125,63436.58984375,63489.83984375,201297920
2026-08-13 01:00:00+00:00,63487.30078125,63567.46875,63453.609375,63567.46875,68155392
2026-08-13 01:15:00+00:00,63567.46875,63567.46875,63320.7109375,63345.609375,130562048
2026-08-13 01:30:00+00:00,63345.62109375,63473.44921875,63338.3984375,63350.0,51410944
2026-08-13 01:45:00+00:00,63349.2109375,63444.921875,63309.0,63385.51171875,158324736
2026-08-13 02:00:00+00:00,63381.609375,63415.51171875,63358.0,63398.421875,750069760
2026-08-13 02:15:00+00:00,63398.41015625,63417.6015625,63356.12890625,63401.0390625,0
2026-08-13 02:30:00+00:00,63395.01171875,63431.69921875,63303.73046875,63431.69921875,118564864
2026-08-13 02:45:00+00:00,63435.62109375,63514.80859375,63403.19921875,63479.05078125,114386944
2026-08-13 03:00:00+00:00,63478.76171875,63513.37890625,63445.48046875,63500.2109375,60194816
2026-08-13 03:15:00+00:00,63505.23828125,63559.21875,63496.80859375,63504.6484375,146290688
2026-08-13 03:30:00+00:00,63504.6484375,63565.421875,63497.69140625,63506.78125,95473664
2026-08-13 03:45:00+00:00,63508.03125,63614.7109375,63508.03125,63580.26171875,0
2026-08-13 04:00:00+00:00,63580.26171875,63607.3515625,63554.3984375,63605.23828125,63604736
2026-08-13 04:15:00+00:00,63583.5390625,63583.5390625,63526.6015625,63530.1796875,26279936
2026-08-13 04:30:00+00:00,63530.171875,63642.7109375,63530.171875,63629.2890625,0
2026-08-13 04:45:00+00:00,63635.4609375,63698.6796875,63624.44921875,63627.44921875,112179200
2026-08-13 05:00:00+00:00,63624.390625,63816.48828125,63599.828125,63816.48828125,57962496
2026-08-13 05:15:00+00:00,63816.48828125,63947.6015625,63816.48828125,63878.390625,158367744
2026-08-13 05:30:00+00:00,63889.19921875,63892.3203125,63835.19921875,63863.25,132599808
2026-08-13 05:45:00+00:00,63860.37109375,63867.98046875,63806.0,63806.0,0
2026-08-13 06:00:00+00:00,63805.6015625,63824.390625,63749.8984375,63771.9609375,16685056
2026-08-13 06:15:00+00:00,63771.94921875,63784.80078125,63749.01171875,63759.0390625,89647104
2026-08-13 06:30:00+00:00,63759.0390625,63762.359375,63693.80078125,63693.80078125,0
2026-08-13 06:45:00+00:00,63693.80078125,63875.76171875,63693.80078125,63875.76171875,35530752
2026-08-13 07:00:00+00:00,63879.19921875,63882.75,63801.91015625,63812.21875,94138368
2026-08-13 07:15:00+00:00,63817.19921875,63854.9609375,63798.171875,63834.48046875,81569792
2026-08-13 07:30:00+00:00,63834.48046875,63838.0,63805.5,63805.83984375,24776704
2026-08-13 07:45:00+00:00,63805.828125,63805.83984375,63788.23046875,63803.98046875,138143744
2026-08-13 08:00:00+00:00,63803.12890625,63853.19140625,63770.859375,63770.859375,140365824
2026-08-13 08:15:00+00:00,63766.26171875,63777.58984375,63723.640625,63723.640625,8114176
2026-08-13 08:30:00+00:00,63716.359375,63748.53125,63714.12890625,63748.53125,43405312
2026-08-13 08:45:00+00:00,63748.51953125,63748.53125,63675.12109375,63708.01953125,58564608
2026-08-13 09:00:00+00:00,63709.19921875,63709.19921875,63549.23828125,63549.23828125,56264704
2026-08-13 09:15:00+00:00,63553.96875,63650.78125,63516.44921875,63593.171875,87255040
2026-08-13 09:30:00+00:00,63593.171875,63644.5703125,63593.16015625,63644.5703125,0
2026-08-13 09:45:00+00:00,63644.5390625,63728.05078125,63642.3515625,63718.12109375,103532544
2026-08-13 10:00:00+00:00,63718.140625,63757.78125,63551.51953125,63553.83984375,522326016
2026-08-13 10:15:00+00:00,63553.828125,63614.96875,63551.53125,63561.73046875,0
2026-08-13 10:30:00+00:00,63555.6796875,63567.37109375,63519.12109375,63565.69921875,0
2026-08-13 10:45:00+00:00,63567.3984375,63589.578125,63567.26953125,63582.41015625,80930816
2026-08-13 11:00:00+00:00,63582.3984375,63593.25,63540.41015625,63553.08984375,33024000
2026-08-13 11:15:00+00:00,63553.078125,63565.73828125,63365.41015625,63368.25,103389184
2026-08-13 11:30:00+00:00,63368.23828125,63407.7109375,63273.921875,63390.55078125,102133760
2026-08-13 11:45:00+00:00,63391.2109375,63432.83984375,63383.98046875,63414.8984375,20822016
2026-08-13 12:00:00+00:00,63414.8984375,63495.8515625,63371.94140625,63495.8515625,0
2026-08-13 12:15:00+00:00,63495.8515625,63513.44921875,63476.73828125,63501.4296875,0
2026-08-13 12:30:00+00:00,63525.0390625,63614.19921875,63392.80859375,63518.5390625,224720896
2026-08-13 12:45:00+00:00,63518.5390625,63637.87109375,63490.05078125,63621.640625,0
2026-08-13 13:00:00+00:00,63624.51953125,63736.78125,63624.51953125,63668.5703125,25088000
2026-08-13 13:15:00+00:00,63665.73046875,63667.51171875,63492.30078125,63528.9609375,128960512
2026-08-13 13:30:00+00:00,63503.75,63784.16015625,63482.71875,63740.578125,460992512
2026-08-13 13:45:00+00:00,63729.1796875,63782.9296875,63633.12109375,63653.0390625,197081088
2026-08-13 14:00:00+00:00,63658.94140625,63784.16015625,63613.51171875,63741.87890625,0
2026-08-13 14:15:00+00:00,63741.62890625,63825.2109375,63705.46875,63748.3984375,117397504
2026-08-13 14:30:00+00:00,63745.05078125,63931.23828125,63705.0,63897.08984375,0
2026-08-13 14:45:00+00:00,63903.2890625,63903.2890625,63788.3984375,63801.51171875,509227008
2026-08-13 15:00:00+00:00,63798.41015625,63877.140625,63750.33984375,63763.01953125,0
2026-08-13 15:15:00+00:00,63763.01953125,63825.80078125,63523.25,63568.4296875,93872128
2026-08-13 15:30:00+00:00,63566.53125,63691.1015625,63550.0,63657.1796875,48592896
2026-08-13 15:45:00+00:00,63655.98046875,63660.8515625,63358.12109375,63358.12109375,578439168
2026-08-13 16:00:00+00:00,63354.5,63443.44140625,63318.859375,63398.98828125,106594304
2026-08-13 16:15:00+00:00,63398.98828125,63508.53125,63253.5,63297.71875,0
2026-08-13 16:30:00+00:00,63308.390625,63369.640625,62782.2109375,62929.69921875,295723008
2026-08-13 16:45:00+00:00,62915.0,63167.5390625,62871.58984375,63092.44140625,1426290688
2026-08-13 17:00:00+00:00,63033.4296875,63086.0390625,63004.0,63061.8984375,298418176
2026-08-13 17:15:00+00:00,63059.859375,63185.578125,63030.0,63117.44921875,59502592
2026-08-13 17:30:00+00:00,63116.69921875,63193.1484375,63039.0703125,63178.8515625,155344896
2026-08-13 17:45:00+00:00,63178.2890625,63229.80078125,63070.01953125,63070.01953125,74242048
2026-08-13 18:00:00+00:00,63064.6484375,63225.8515625,63051.0,63139.62890625,68151296
2026-08-13 18:15:00+00:00,63157.6796875,63183.5,63048.140625,63052.87109375,0
2026-08-13 18:30:00+00:00,63058.30859375,63135.75,63037.80859375,63133.19921875,5234688
2026-08-13 18:45:00+00:00,63130.01171875,63303.140625,63111.609375,63235.828125,56625152
2026-08-13 19:00:00+00:00,63239.98046875,63441.6484375,63239.98046875,63339.0,9179136
2026-08-13 19:15:00+00:00,63339.0,63363.0,63314.19140625,63347.94921875,75116544
2026-08-13 19:30:00+00:00,63349.19921875,63378.890625,63320.828125,63345.55859375,0
2026-08-13 19:45:00+00:00,63352.69921875,63398.30859375,63325.28125,63335.078125,117037056
2026-08-13 20:00:00+00:00,63339.4609375,63403.4609375,63301.19140625,63356.94140625,0
2026-08-13 20:15:00+00:00,63359.03125,63399.23828125,63359.03125,63385.48046875,114296832
2026-08-13 20:30:00+00:00,63390.0,63407.26953125,63340.01953125,63350.421875,30283776
2026-08-13 20:45:00+00:00,63349.21875,63351.55859375,63310.421875,63349.1796875,20142080
2026-08-13 21:00:00+00:00,63335.80078125,63409.87890625,63327.33984375,63371.30859375,47634432
2026-08-13 21:15:00+00:00,63371.3203125,63392.21875,63347.921875,63391.76953125,36689920
2026-08-13 21:30:00+00:00,63391.78125,63440.16015625,63377.62109375,63382.3203125,48971776
2026-08-13 21:45:00+00:00,63382.3203125,63411.9296875,63372.80078125,63409.171875,71411712
2026-08-13 22:00:00+00:00,63409.1796875,63570.76171875,63406.28125,63547.30078125,67100672
2026-08-13 22:15:00+00:00,63547.2890625,63581.37890625,63509.23046875,63562.80859375,145917952
2026-08-13 22:30:00+00:00,63572.66015625,63572.66015625,63486.76171875,63495.0703125,224788480
2026-08-13 22:45:00+00:00,63486.26171875,63500.76171875,63457.46875,63463.33984375,51857408
2026-08-13 23:00:00+00:00,63468.1796875,63475.44921875,63386.55859375,63416.23828125,99737600
2026-08-13 23:15:00+00:00,63416.25,63432.69921875,63384.6484375,63416.94921875,51283968
2026-08-13 23:30:00+00:00,63416.9609375,63433.0703125,63379.87109375,63390.46875,50176000
2026-08-13 23:45:00+00:00,63390.12890625,63425.3515625,63330.30859375,63425.3515625,40572928
2026-08-14 00:00:00+00:00,63427.23828125,63452.76953125,63368.6484375,63440.609375,86183936
2026-08-14 00:15:00+00:00,63440.62109375,63492.12109375,63365.390625,63383.28125,6342656
2026-08-14 00:30:00+00:00,63369.640625,63482.48828125,63343.41015625,63458.46875,60704768
2026-08-14 00:45:00+00:00,63460.37109375,63491.28125,63412.23828125,63480.94140625,130082816
2026-08-14 01:00:00+00:00,63474.0,63527.359375,63419.390625,63445.78125,52580352
2026-08-14 01:15:00+00:00,63443.69140625,63507.5703125,63395.01953125,63423.5,44005376
2026-08-14 01:30:00+00:00,63423.5,63500.58984375,63406.48828125,63500.578125,39206912
2026-08-14 01:45:00+00:00,63496.37109375,63515.48828125,63458.46875,63511.08984375,0
2026-08-14 02:00:00+00:00,63512.87890625,63555.0,63458.73046875,63488.05859375,19628032
2026-08-14 02:15:00+00:00,63500.30078125,63521.8984375,63416.1796875,63433.05078125,126681088
2026-08-14 02:30:00+00:00,63433.05859375,63500.76171875,63433.05859375,63454.94140625,70897664
2026-08-14 02:45:00+00:00,63457.390625,63496.87109375,63403.83984375,63403.83984375,77914112
2026-08-14 03:00:00+00:00,63401.0,63432.78125,63350.8515625,63430.140625,104882176
2026-08-14 03:15:00+00:00,63432.78125,63516.51953125,63397.16015625,63397.359375,36216832
2026-08-14 03:30:00+00:00,63397.359375,63397.359375,63289.26171875,63316.05859375,79634432
2026-08-14 03:45:00+00:00,63314.78125,63314.78125,63238.5,63246.69140625,9240576
2026-08-14 04:00:00+00:00,63243.0703125,63344.94921875,63213.12890625,63344.921875,91035648
2026-08-14 04:15:00+00:00,63344.921875,63405.87890625,63297.73046875,63350.71875,41048064
2026-08-14 04:30:00+00:00,63350.73046875,63361.171875,63323.109375,63330.05078125,257282048
2026-08-14 04:45:00+00:00,63330.0390625,63335.78125,63298.21875,63307.140625,23255040
2026-08-14 05:00:00+00:00,63307.140625,63330.21875,63260.859375,63262.62109375,0
2026-08-14 05:15:00+00:00,63262.62109375,63293.48046875,63213.12109375,63251.19921875,29394944
2026-08-14 05:30:00+00:00,63246.71875,63302.53125,63235.0,63280.6796875,82077696
2026-08-14 05:45:00+00:00,63280.640625,63334.3984375,63275.28125,63314.5,49526784
2026-08-14 06:00:00+00:00,63314.51953125,63314.51953125,63218.3984375,63218.3984375,135254016
2026-08-14 06:15:00+00:00,63218.390625,63229.19921875,63110.53125,63110.53125,228902912
2026-08-14 06:30:00+00:00,63110.5390625,63175.05078125,63105.53125,63115.8203125,64165888
2026-08-14 06:45:00+00:00,63115.828125,63136.26953125,62883.1796875,62904.2890625,124332032
2026-08-14 07:00:00+00:00,62903.16015625,63022.76171875,62884.359375,63005.69140625,239785984
2026-08-14 07:15:00+00:00,63005.69921875,63042.828125,63002.390625,63029.08984375,47190016
2026-08-14 07:30:00+00:00,63029.078125,63034.16015625,62890.71875,62954.94140625,229730304
2026-08-14 07:45:00+00:00,62954.94140625,62955.58984375,62847.078125,62848.6796875,247033856
2026-08-14 08:00:00+00:00,62848.6796875,62876.41015625,62818.6015625,62835.8203125,120344576
2026-08-14 08:15:00+00:00,62849.328125,62915.73828125,62668.48828125,62706.6484375,207759360
2026-08-14 08:30:00+00:00,62706.76171875,62810.30078125,62624.390625,62764.69921875,783353856
2026-08-14 08:45:00+00:00,62747.8203125,62870.48828125,62741.98828125,62868.390625,163276800
2026-08-14 09:00:00+00:00,62871.55859375,62871.55859375,62778.78125,62807.05078125,70113280
2026-08-14 09:15:00+00:00,62801.03125,62840.87890625,62722.44921875,62726.6796875,123854848
2026-08-14 09:30:00+00:00,62728.25,62754.12109375,62674.98828125,62701.05078125,151930880
2026-08-14 09:45:00+00:00,62701.05078125,62770.28125,62701.05078125,62722.6484375,43800576
2026-08-14 10:00:00+00:00,62718.2109375,62794.5,62669.73046875,62786.91015625,56393728
2026-08-14 10:15:00+00:00,62781.66015625,62846.140625,62771.76953125,62816.05078125,85075968
2026-08-14 10:30:00+00:00,62816.05078125,62873.5390625,62780.76953125,62799.01171875,188176384
2026-08-14 10:45:00+00:00,62800.80859375,62821.390625,62730.94921875,62746.12890625,122044416
2026-08-14 11:00:00+00:00,62746.12890625,62807.83984375,62735.1484375,62784.7109375,64823296
2026-08-14 11:15:00+00:00,62785.23828125,62847.08984375,62762.3203125,62818.12890625,137926656
2026-08-14 11:30:00+00:00,62818.12890625,62868.83984375,62774.890625,62825.12109375,17018880
2026-08-14 11:45:00+00:00,62825.578125,62862.0,62785.0,62793.30078125,36403200
2026-08-14 12:00:00+00:00,62800.58984375,62831.390625,62683.37890625,62752.26171875,48056320
2026-08-14 12:15:00+00:00,62757.76953125,62814.33984375,62730.0,62814.33984375,186417152
2026-08-14 12:30:00+00:00,62814.33984375,62834.37890625,62689.8203125,62689.8203125,0
2026-08-14 12:45:00+00:00,62689.80859375,62740.33984375,62652.421875,62661.8515625,182089728
2026-08-14 13:00:00+00:00,62668.671875,62678.33984375,62522.30078125,62612.3203125,67854336
2026-08-14 13:15:00+00:00,62606.8203125,62721.578125,62564.1484375,62702.9296875,360155136
2026-08-14 13:30:00+00:00,62693.578125,62737.19921875,62537.91015625,62634.640625,207034368
2026-08-14 13:45:00+00:00,62646.12890625,62670.0,62516.62890625,62577.66015625,210841600
2026-08-14 14:00:00+00:00,62593.2890625,62660.01171875,62525.48828125,62534.3203125,379926528
2026-08-14 14:15:00+00:00,62536.73046875,62634.62109375,62503.0,62600.05078125,109471744
2026-08-14 14:30:00+00:00,62591.9296875,62725.48828125,62577.078125,62678.73828125,78170112
2026-08-14 14:45:00+00:00,62678.421875,62707.390625,62483.640625,62545.66015625,131991552
2026-08-14 15:00:00+00:00,62551.9296875,62654.0,62541.640625,62629.921875,267675648
2026-08-14 15:15:00+00:00,62646.12890625,62768.55859375,62608.4609375,62768.55859375,166854656
2026-08-14 15:30:00+00:00,62790.55859375,62952.16015625,62716.23046875,62933.578125,136697856
2026-08-14 15:45:00+00:00,62925.6015625,63010.37109375,62876.76953125,62913.0390625,285032448
2026-08-14 16:00:00+00:00,62912.390625,63037.80078125,62894.19921875,62969.578125,67573760
2026-08-14 16:15:00+00:00,62970.23828125,63088.3984375,62965.8515625,63049.26953125,95485952
2026-08-14 16:30:00+00:00,63063.75,63152.80078125,63025.609375,63144.8984375,15030272
2026-08-14 16:45:00+00:00,63144.8984375,63144.9609375,63038.94921875,63071.08984375,0
2026-08-14 17:00:00+00:00,63079.44921875,63113.98828125,63047.73046875,63113.98828125,0
2026-08-14 17:15:00+00:00,63113.98828125,63183.0703125,63101.44140625,63137.0703125,44500992
2026-08-14 17:30:00+00:00,63137.0703125,63160.1484375,63007.55078125,63044.91015625,62074880
2026-08-14 17:45:00+00:00,63049.98828125,63065.98828125,62931.890625,62954.48828125,10985472
2026-08-14 18:00:00+00:00,62954.76953125,63008.0,62894.2109375,62936.12109375,51523584
2026-08-14 18:15:00+00:00,62941.30078125,63016.0390625,62938.3203125,62969.55859375,96696320
2026-08-14 18:30:00+00:00,62954.7890625,62969.55859375,62884.12109375,62903.83984375,103313408
2026-08-14 18:45:00+00:00,62907.62890625,62909.890625,62816.609375,62855.921875,64086016
2026-08-14 19:00:00+00:00,62850.26171875,62850.26171875,62769.75,62781.19140625,36313088
2026-08-14 19:15:00+00:00,62776.48046875,62862.80078125,62756.3984375,62858.4609375,130039808
2026-08-14 19:30:00+00:00,62853.01171875,62908.8984375,62809.62890625,62908.8984375,106477568
2026-08-14 19:45:00+00:00,62910.94140625,62920.96875,62861.01171875,62895.828125,34062336
2026-08-14 20:00:00+00:00,62905.0,62952.921875,62894.19921875,62894.19921875,156624896
2026-08-14 20:15:00+00:00,62896.5390625,62912.140625,62849.2109375,62876.94140625,35592192
2026-08-14 20:30:00+00:00,62876.94921875,62885.37890625,62834.76953125,62836.69921875,42412032
2026-08-14 20:45:00+00:00,62856.51171875,62860.859375,62821.98828125,62835.140625,41478144
2026-08-14 21:00:00+00:00,62835.1484375,62870.19921875,62828.98828125,62837.66015625,1169408
2026-08-14 21:15:00+00:00,62837.66015625,62856.51953125,62814.94921875,62820.37109375,91840512
2026-08-14 21:30:00+00:00,62820.37890625,62846.08984375,62801.5,62812.5703125,161951744
2026-08-14 21:45:00+00:00,62822.2109375,62868.98046875,62809.25,62860.8984375,110905344
2026-08-14 22:00:00+00:00,62860.8984375,62891.9296875,62768.5703125,62768.5703125,20254720
2026-08-14 22:15:00+00:00,62756.05078125,62769.69140625,62727.30859375,62746.62890625,88139776
2026-08-14 22:30:00+00:00,62748.12109375,62820.5390625,62748.12109375,62818.0,29569024
2026-08-14 22:45:00+00:00,62818.0,62831.55078125,62798.96875,62814.53125,200435712
2026-08-14 23:00:00+00:00,62812.55859375,62869.05859375,62812.55859375,62866.390625,18055168
2026-08-14 23:15:00+00:00,62869.0703125,62890.0,62796.859375,62884.05859375,69230592
2026-08-14 23:30:00+00:00,62884.0703125,62963.01953125,62843.9609375,62941.30859375,47706112
2026-08-14 23:45:00+00:00,62941.87890625,62998.98046875,62941.30859375,62975.19140625,15570944
2026-08-15 00:00:00+00:00,62975.1796875,62996.5,62937.0,62948.7890625,0
2026-08-15 00:15:00+00:00,62948.7890625,62965.328125,62928.73828125,62944.4296875,88961024
2026-08-15 00:30:00+00:00,62951.1015625,62960.12109375,62929.98046875,62950.859375,47699968
2026-08-15 00:45:00+00:00,62950.859375,62965.0,62928.26953125,62950.71875,0
2026-08-15 01:00:00+00:00,62950.71875,62965.0,62923.859375,62944.4296875,11620352
2026-08-15 01:15:00+00:00,62944.4296875,62973.05859375,62930.75,62972.51171875,63619072
2026-08-15 01:30:00+00:00,62972.51171875,62975.0,62950.0,62964.69921875,145813504
2026-08-15 01:45:00+00:00,62964.7109375,62972.28125,62952.58984375,62972.28125,10799104
2026-08-15 02:00:00+00:00,62972.28125,62996.4609375,62963.2890625,62984.80859375,148840448
2026-08-15 02:15:00+00:00,62991.109375,63050.73046875,62991.109375,63034.48828125,0
2026-08-15 02:30:00+00:00,63034.5,63071.2890625,63033.859375,63047.1484375,3803136
2026-08-15 02:45:00+00:00,63047.16015625,63072.0703125,63047.1484375,63071.390625,51818496
2026-08-15 03:00:00+00:00,63071.390625,63089.7109375,63062.109375,63083.69921875,57206784
2026-08-15 03:15:00+00:00,63088.87109375,63120.7890625,63013.51953125,63022.73046875,87863296
2026-08-15 03:30:00+00:00,63022.73046875,63028.2109375,62975.8515625,63000.01171875,133263360
2026-08-15 03:45:00+00:00,63000.01171875,63016.03125,62978.98046875,62988.390625,204677120
2026-08-15 04:00:00+00:00,62989.98828125,63038.671875,62989.98828125,63036.609375,26431488
2026-08-15 04:15:00+00:00,63037.76953125,63064.26953125,63035.0390625,63061.96875,33241088
2026-08-15 04:30:00+00:00,63061.96875,63087.37890625,63054.3515625,63087.37890625,0
2026-08-15 04:45:00+00:00,63087.37890625,63087.37890625,63051.19921875,63052.01953125,164747264
2026-08-15 05:00:00+00:00,63052.01953125,63089.4609375,63052.01171875,63088.9609375,0
2026-08-15 05:15:00+00:00,63088.9609375,63091.78125,63053.1484375,63053.1484375,64884736
2026-08-15 05:30:00+00:00,63053.140625,63058.62890625,62988.9609375,63009.390625,13066240
2026-08-15 05:45:00+00:00,63009.390625,63019.41015625,62966.3984375,63016.1015625,161624064
2026-08-15 06:00:00+00:00,63016.1015625,63029.87890625,62969.7109375,62971.91015625,71372800
2026-08-15 06:15:00+00:00,62971.91015625,63003.91015625,62970.0,62973.4609375,18782208
2026-08-15 06:30:00+00:00,62976.41015625,63005.58984375,62976.41015625,63005.58984375,154744832
2026-08-15 06:45:00+00:00,63005.578125,63067.53125,63003.0703125,63045.5390625,0
2026-08-15 07:00:00+00:00,63045.5390625,63061.76953125,62996.44140625,63061.76953125,0
2026-08-15 07:15:00+00:00,63061.76171875,63061.76953125,63000.96875,63012.55078125,870127616
2026-08-15 07:30:00+00:00,63012.55859375,63032.359375,62994.890625,63010.390625,0
2026-08-15 07:45:00+00:00,63010.37890625,63019.78125,62972.6484375,63005.66015625,0
2026-08-15 08:00:00+00:00,63014.98046875,63018.890625,62988.87890625,62988.87890625,0
2026-08-15 08:15:00+00:00,62988.44921875,62997.0390625,62977.140625,62983.26953125,0
2026-08-15 08:30:00+00:00,62983.26171875,62983.26953125,62944.8203125,62945.12890625,0
2026-08-15 08:45:00+00:00,62945.12109375,62989.140625,62863.12890625,62869.0703125,0
2026-08-15 09:00:00+00:00,62874.08984375,62891.05859375,62847.078125,62890.0703125,49147904
2026-08-15 09:15:00+00:00,62890.05859375,62914.30078125,62885.0390625,62908.4296875,0
2026-08-15 09:30:00+00:00,62909.69921875,62962.80078125,62909.69921875,62951.98046875,0
2026-08-15 09:45:00+00:00,62951.98828125,62979.859375,62950.71875,62957.640625,5703680
2026-08-15 10:00:00+00:00,62959.01171875,62966.0,62928.58984375,62950.7109375,0
2026-08-15 10:15:00+00:00,62950.71875,62952.75,62945.01171875,62945.01171875,0
2026-08-15 10:30:00+00:00,62945.01953125,62973.0,62939.83984375,62966.1796875,0
2026-08-15 10:45:00+00:00,62966.1796875,62984.53125,62955.6796875,62976.03125,0
2026-08-15 11:00:00+00:00,62966.83984375,62973.73046875,62956.44921875,62956.48046875,23597056
2026-08-15 11:15:00+00:00,62956.44140625,62974.26171875,62956.44140625,62963.7890625,0
2026-08-15 11:30:00+00:00,62963.7890625,62980.0,62960.44921875,62980.0,0
2026-08-15 11:45:00+00:00,62980.0,62990.359375,62923.53125,62949.21875,50293760
2026-08-15 12:00:00+00:00,62949.21875,62949.21875,62916.1796875,62916.1796875,0
2026-08-15 12:15:00+00:00,62912.94140625,62922.7109375,62910.69921875,62920.30078125,50734080
2026-08-15 12:30:00+00:00,62920.30859375,62920.30859375,62890.0,62895.6015625,0
2026-08-15 12:45:00+00:00,62885.7109375,62987.12109375,62875.96875,62985.9296875,0
2026-08-15 13:00:00+00:00,62982.12890625,63012.6015625,62951.83984375,63000.94921875,0
2026-08-15 13:15:00+00:00,63000.94921875,63012.828125,62958.0,62960.140625,0
2026-08-15 13:30:00+00:00,62960.1484375,62978.7109375,62953.87109375,62957.44140625,0
2026-08-15 13:45:00+00:00,62957.44140625,62989.9609375,62957.44140625,62985.921875,0
2026-08-15 14:00:00+00:00,62985.96875,62985.98046875,62958.41015625,62977.21875,0
2026-08-15 14:15:00+00:00,62977.21875,62977.21875,62920.0,62965.94921875,15031296
2026-08-15 14:30:00+00:00,62965.94140625,62974.76953125,62953.87109375,62965.8515625,0
2026-08-15 14:45:00+00:00,62965.8515625,62983.76171875,62965.5703125,62966.421875,0
2026-08-15 15:00:00+00:00,62966.4296875,62975.08984375,62960.55859375,62965.0,0
2026-08-15 15:15:00+00:00,62965.01171875,63010.9296875,62955.01171875,62999.98828125,28988416
2026-08-15 15:30:00+00:00,62999.98828125,63051.73828125,62996.390625,63041.76953125,0
2026-08-15 15:45:00+00:00,63041.76171875,63041.76953125,63021.8203125,63022.94921875,0
2026-08-15 16:00:00+00:00,63022.94921875,63026.94921875,62997.19921875,63007.46875,0
2026-08-15 16:15:00+00:00,63007.46875,63054.828125,62984.96875,63054.8203125,52408320
2026-08-15 16:30:00+00:00,63054.828125,63054.828125,63018.0,63019.80859375,0
2026-08-15 16:45:00+00:00,63019.80859375,63031.66015625,63019.80078125,63024.05859375,0
2026-08-15 17:00:00+00:00,63024.05859375,63026.9609375,63020.66015625,63023.58984375,27507712
2026-08-15 17:15:00+00:00,63023.58984375,63034.75,62988.3984375,62998.9296875,0
2026-08-15 17:30:00+00:00,62998.9296875,63002.921875,62993.94921875,62998.01953125,0
2026-08-15 17:45:00+00:00,62995.76171875,63004.23046875,62988.76953125,63000.33984375,0
2026-08-15 18:00:00+00:00,63000.3515625,63041.76953125,62985.58984375,63022.94921875,0
2026-08-15 18:15:00+00:00,63022.94921875,63031.0390625,62971.171875,62975.23046875,0
2026-08-15 18:30:00+00:00,62975.23046875,62978.80859375,62971.73046875,62972.71875,40353792
2026-08-15 18:45:00+00:00,62972.73046875,62989.890625,62972.6015625,62989.12109375,59229184
2026-08-15 19:00:00+00:00,62989.12109375,63021.0,62987.80078125,63009.328125,83638272
2026-08-15 19:15:00+00:00,63015.8203125,63051.5,63015.80859375,63028.109375,142407680
2026-08-15 19:30:00+00:00,63028.109375,63053.51171875,63025.73828125,63034.51953125,24649728
2026-08-15 19:45:00+00:00,63034.51171875,63052.46875,63034.51171875,63051.37890625,0
2026-08-15 20:00:00+00:00,63051.390625,63051.44140625,63000.75,63010.05078125,0
2026-08-15 20:15:00+00:00,63010.05078125,63010.37109375,63000.0,63006.80859375,12849152
2026-08-15 20:30:00+00:00,63006.0,63013.66015625,62999.98828125,63013.6484375,0
2026-08-15 20:45:00+00:00,63013.6484375,63036.51171875,63013.6484375,63036.5,21095424
2026-08-15 21:00:00+00:00,63030.5390625,63038.98828125,63019.8984375,63035.44140625,6363136
2026-08-15 21:15:00+00:00,63035.44921875,63077.171875,63034.4609375,63076.21875,77971456
2026-08-15 21:30:00+00:00,63076.23046875,63093.01953125,63070.0390625,63091.5,30282752
2026-08-15 21:45:00+00:00,63097.23828125,63097.44140625,63080.03125,63085.921875,26061824
2026-08-15 22:00:00+00:00,63085.921875,63099.12890625,63076.23046875,63078.5703125,0
2026-08-15 22:15:00+00:00,63078.5703125,63083.98046875,63059.44140625,63083.98046875,0
2026-08-15 22:30:00+00:00,63083.98046875,63087.390625,63079.671875,63085.5,8720384
2026-08-15 22:45:00+00:00,63086.75,63107.33984375,63057.5,63061.6796875,40268800
2026-08-15 23:00:00+00:00,63061.671875,63075.0,63041.78125,63064.609375,33724416
2026-08-15 23:15:00+00:00,63064.609375,63065.03125,63036.69921875,63038.859375,146432
2026-08-15 23:30:00+00:00,63039.6796875,63040.98828125,63026.08984375,63034.16015625,0
2026-08-15 23:45:00+00:00,63034.171875,63037.05078125,63013.51953125,63018.76171875,0
2026-08-16 00:00:00+00:00,63018.75,63018.75,62999.0,62999.03125,20795392
2026-08-16 00:15:00+00:00,62999.03125,63004.9609375,62999.0,63003.3984375,14055424
2026-08-16 00:30:00+00:00,63003.0,63007.921875,62992.16015625,63005.4609375,0
2026-08-16 00:45:00+00:00,63005.4609375,63019.66015625,62997.37109375,63012.9296875,36922368
2026-08-16 01:00:00+00:00,63012.9296875,63012.94140625,62978.44921875,62983.2890625,10602496
2026-08-16 01:15:00+00:00,62983.30078125,63007.0,62978.5390625,62985.94921875,3859456
2026-08-16 01:30:00+00:00,62985.94921875,63004.30859375,62938.171875,63004.30859375,2288640
2026-08-16 01:45:00+00:00,63002.96875,63013.8984375,62975.1796875,63013.8984375,11742208
2026-08-16 02:00:00+00:00,63010.37109375,63014.71875,62950.640625,62958.578125,0
2026-08-16 02:15:00+00:00,62958.5703125,63053.58984375,62958.2890625,63046.078125,0
2026-08-16 02:30:00+00:00,63046.078125,63087.08984375,63041.78125,63085.48046875,287066112
2026-08-16 02:45:00+00:00,63085.48046875,63085.51171875,63043.6484375,63054.44921875,119487488
2026-08-16 03:00:00+00:00,63054.4609375,63055.12890625,63048.5390625,63050.98046875,0
2026-08-16 03:15:00+00:00,63050.96875,63050.98046875,63039.73828125,63050.44921875,0
2026-08-16 03:30:00+00:00,63050.4609375,63053.87890625,63050.44921875,63052.48828125,37595136
2026-08-16 03:45:00+00:00,63052.48828125,63060.578125,63052.48828125,63059.4296875,26196992
2026-08-16 04:00:00+00:00,63059.421875,63063.078125,63057.94921875,63063.0703125,0
2026-08-16 04:15:00+00:00,63063.078125,63082.5,63063.0703125,63082.48828125,9213952
2026-08-16 04:30:00+00:00,63082.48046875,63082.48828125,63050.0,63052.94140625,31714304
2026-08-16 04:45:00+00:00,63051.6796875,63058.87890625,63016.9296875,63016.9296875,21319680
2026-08-16 05:00:00+00:00,63016.9296875,63030.0,63007.2109375,63029.55078125,46660608
2026-08-16 05:15:00+00:00,63029.55078125,63030.3203125,62999.0,63000.0,0
2026-08-16 05:30:00+00:00,63000.01171875,63010.37890625,62984.28125,62990.1484375,55416832
2026-08-16 05:45:00+00:00,62990.1484375,63007.5390625,62966.91015625,62997.828125,38830080
2026-08-16 06:00:00+00:00,62995.0390625,63009.80078125,62977.69140625,62979.78125,10803200
2026-08-16 06:15:00+00:00,62979.76953125,63001.890625,62979.76953125,63001.890625,42407936
2026-08-16 06:30:00+00:00,62997.80859375,62997.80859375,62986.01171875,62997.21875,0
2026-08-16 06:45:00+00:00,62997.2109375,63016.5390625,62992.140625,62993.71875,0
2026-08-16 07:00:00+00:00,62993.71875,62993.71875,62983.0,62984.33984375,0
2026-08-16 07:15:00+00:00,62984.33984375,62997.62890625,62984.328125,62994.76953125,0
2026-08-16 07:30:00+00:00,62994.76953125,63000.01171875,62982.01171875,62982.5,343040
2026-08-16 07:45:00+00:00,62982.5,62994.6796875,62982.48828125,62991.23046875,56084992
2026-08-16 08:00:00+00:00,62991.23046875,63006.0703125,62988.96875,62990.0390625,0
2026-08-16 08:15:00+00:00,62990.0390625,63006.0,62988.03125,63005.94140625,25815040
2026-08-16 08:30:00+00:00,63005.9296875,63008.6015625,62996.5703125,62996.578125,79647232
2026-08-16 08:45:00+00:00,62996.578125,63001.91015625,62996.5703125,63001.91015625,0
2026-08-16 09:00:00+00:00,63001.8984375,63001.91015625,62993.41015625,62996.1484375,0
2026-08-16 09:15:00+00:00,62996.16015625,63001.26953125,62987.0,62993.109375,0
2026-08-16 09:30:00+00:00,62993.109375,63000.94140625,62922.4609375,62922.4609375,38498816
2026-08-16 09:45:00+00:00,62922.46875,62945.05078125,62897.48046875,62917.51953125,112995840
2026-08-16 10:00:00+00:00,62917.51953125,62922.4609375,62891.0703125,62914.0,78874112
2026-08-16 10:15:00+00:00,62914.01171875,62942.83984375,62914.0,62942.83984375,2805760
2026-08-16 10:30:00+00:00,62941.33984375,62942.9296875,62931.3515625,62939.171875,18204160
2026-08-16 10:45:00+00:00,62939.171875,62940.19921875,62935.01953125,62940.19140625,14758912
2026-08-16 11:00:00+00:00,62940.19921875,62942.80859375,62931.94921875,62935.640625,0
2026-08-16 11:15:00+00:00,62933.62109375,62937.16015625,62906.80078125,62915.76171875,6464000
2026-08-16 11:30:00+00:00,62915.28125,62933.9296875,62911.76171875,62925.609375,20924416
2026-08-16 11:45:00+00:00,62925.609375,62946.0390625,62907.71875,62945.3203125,19264000
2026-08-16 12:00:00+00:00,62945.328125,62954.98046875,62943.48828125,62943.48828125,24846848
2026-08-16 12:15:00+00:00,62943.2890625,62949.76953125,62943.2890625,62944.44921875,5320704
2026-08-16 12:30:00+00:00,62945.7109375,62946.96875,62921.171875,62927.109375,0
2026-08-16 12:45:00+00:00,62925.23828125,62948.0,62925.23828125,62948.0,37259264
2026-08-16 13:00:00+00:00,62948.0,62999.12890625,62947.140625,62999.12890625,7040000
2026-08-16 13:15:00+00:00,62999.12109375,63000.0,62999.0,62999.98828125,27639808
2026-08-16 13:30:00+00:00,63000.0,63000.0,62980.21875,62994.01171875,3345408
2026-08-16 13:45:00+00:00,62994.0,62998.5703125,62992.2890625,62993.62890625,54392320
2026-08-16 14:00:00+00:00,62993.828125,62996.94140625,62989.87109375,62994.41015625,720896
2026-08-16 14:15:00+00:00,62994.41015625,63034.23828125,62993.2890625,63004.44921875,456192
2026-08-16 14:30:00+00:00,63004.44921875,63036.75,63002.5703125,63029.41015625,58835968
2026-08-16 14:45:00+00:00,63029.41015625,63039.0,63029.3984375,63034.5390625,8167424
2026-08-16 15:00:00+00:00,63038.37109375,63050.0,63034.69921875,63036.3515625,10705920
2026-08-16 15:15:00+00:00,63036.359375,63047.73046875,63036.19921875,63047.0,0
2026-08-16 15:30:00+00:00,63047.01171875,63067.0,63043.1015625,63043.1015625,0
2026-08-16 15:45:00+00:00,63043.109375,63070.03125,63043.1015625,63070.03125,81662464
2026-08-16 16:00:00+00:00,63074.05859375,63142.25,63063.78125,63137.83984375,63596032
2026-08-16 16:15:00+00:00,63137.828125,63283.078125,63129.7109375,63252.16015625,147690496
2026-08-16 16:30:00+00:00,63260.05859375,63313.0,63220.859375,63220.859375,94313472
2026-08-16 16:45:00+00:00,63220.87109375,63223.8984375,63142.78125,63186.921875,42180096
2026-08-16 17:00:00+00:00,63195.62890625,63210.51171875,63142.8984375,63150.671875,54821888
2026-08-16 17:15:00+00:00,63150.66015625,63168.078125,63105.609375,63120.9609375,81777664
2026-08-16 17:30:00+00:00,63120.9609375,63126.41015625,63053.12109375,63053.12890625,15821824
2026-08-16 17:45:00+00:00,63053.12109375,63098.91015625,63053.12109375,63087.421875,47704064
2026-08-16 18:00:00+00:00,63087.41015625,63100.859375,63050.76171875,63071.21875,43112448
2026-08-16 18:15:00+00:00,63071.21875,63112.578125,63071.21875,63089.37890625,0
2026-08-16 18:30:00+00:00,63091.671875,63091.671875,63069.23828125,63070.0,13975552
2026-08-16 18:45:00+00:00,63070.01171875,63080.9609375,63070.0,63074.2890625,0
2026-08-16 19:00:00+00:00,63074.2890625,63117.390625,63074.2890625,63104.6015625,0
2026-08-16 19:15:00+00:00,63104.6015625,63154.328125,63104.6015625,63153.0390625,0
2026-08-16 19:30:00+00:00,63154.03125,63162.890625,63084.1015625,63093.8203125,30812160
2026-08-16 19:45:00+00:00,63101.2890625,63105.80859375,63025.2890625,63040.171875,57597440
2026-08-16 20:00:00+00:00,63040.05859375,63073.359375,63040.05859375,63062.48828125,8129536
2026-08-16 20:15:00+00:00,63061.6484375,63064.01171875,63018.87109375,63024.66015625,34177024
2026-08-16 20:30:00+00:00,63024.6484375,63043.9296875,62976.9296875,63000.91015625,46919680
2026-08-16 20:45:00+00:00,63000.91015625,63003.87109375,62954.2890625,63000.73046875,65947648
2026-08-16 21:00:00+00:00,62997.4296875,63001.5,62961.30078125,62994.6796875,49648640
2026-08-16 21:15:00+00:00,62994.6796875,63016.7109375,62963.8203125,62963.828125,60845056
2026-08-16 21:30:00+00:00,62963.828125,62973.4296875,62744.4609375,62873.5390625,79477760
2026-08-16 21:45:00+00:00,62871.8203125,62916.140625,62813.3515625,62862.80078125,106857472
2026-08-16 22:00:00+00:00,62857.0,62864.98828125,62718.37109375,62861.66015625,195824640
2026-08-16 22:15:00+00:00,62860.71875,62889.05859375,62763.55078125,62780.01171875,102237184
2026-08-16 22:30:00+00:00,62774.890625,62777.7109375,62640.87890625,62715.390625,150815744
2026-08-16 22:45:00+00:00,62718.4296875,62843.44921875,62668.51953125,62843.44921875,87431168
2026-08-16 23:00:00+00:00,62839.78125,62924.5703125,62774.890625,62774.890625,82698240
2026-08-16 23:15:00+00:00,62771.75,62848.26953125,62756.921875,62777.91015625,88340480
2026-08-16 23:30:00+00:00,62777.8984375,62834.01171875,62759.2109375,62829.51953125,65620992
2026-08-16 23:45:00+00:00,62827.9296875,62862.69140625,62810.62109375,62830.578125,54280192
2026-08-17 00:00:00+00:00,62832.44921875,62867.890625,62793.73046875,62842.671875,52577280
2026-08-17 00:15:00+00:00,62842.671875,62842.671875,62685.41015625,62798.8203125,121169920
2026-08-17 00:30:00+00:00,62796.91015625,62886.44140625,62681.37890625,62875.37109375,149440512
2026-08-17 00:45:00+00:00,62863.1484375,62874.171875,62771.3203125,62840.55078125,206133248
2026-08-17 01:00:00+00:00,62831.3984375,63103.01953125,62831.3984375,62979.51953125,254728192
2026-08-17 01:15:00+00:00,62962.12890625,63088.87890625,62953.30078125,63044.328125,125503488
2026-08-17 01:30:00+00:00,63053.078125,63173.98828125,63053.078125,63149.62109375,155612160
2026-08-17 01:45:00+00:00,63153.80078125,63170.94921875,63042.03125,63042.03125,69679104
2026-08-17 02:00:00+00:00,63060.609375,63066.30078125,62966.0390625,63014.62109375,32615424
2026-08-17 02:15:00+00:00,63014.62890625,63140.9296875,62978.37109375,63113.69921875,53752832
2026-08-17 02:30:00+00:00,63107.73046875,63284.87890625,63063.359375,63191.98046875,124338176
2026-08-17 02:45:00+00:00,63191.98046875,63430.6796875,63179.94921875,63335.73828125,128826368
2026-08-17 03:00:00+00:00,63346.51171875,63368.3515625,63296.12890625,63347.8203125,193660928
2026-08-17 03:15:00+00:00,63354.48046875,63355.78125,63278.51171875,63291.578125,170678272
2026-08-17 03:30:00+00:00,63294.98828125,63319.58984375,63277.98828125,63287.0,145300480
2026-08-17 03:45:00+00:00,63287.0,63458.2890625,63280.37109375,63367.80859375,138695680
2026-08-17 04:00:00+00:00,63388.1796875,63461.30859375,63373.359375,63431.1484375,107888640
2026-08-17 04:15:00+00:00,63418.58984375,63467.05078125,63409.171875,63451.2109375,106064896
2026-08-17 04:30:00+00:00,63443.69921875,63460.5390625,63411.390625,63430.69921875,162501632
2026-08-17 04:45:00+00:00,63433.5,63521.578125,63433.5,63479.98046875,257248256
2026-08-17 05:00:00+00:00,63481.37109375,63482.109375,63388.87890625,63467.671875,147683328
2026-08-17 05:15:00+00:00,63467.6796875,63534.25,63423.12109375,63429.44140625,340869120
2026-08-17 05:30:00+00:00,63433.7890625,63440.76953125,63381.109375,63403.94140625,183029760
2026-08-17 05:45:00+00:00,63403.55859375,63465.73828125,63395.7890625,63456.6015625,47190016
2026-08-17 06:00:00+00:00,63456.6015625,63559.8984375,63412.671875,63514.671875,68638720
2026-08-17 06:15:00+00:00,63519.98046875,63530.44921875,63497.08984375,63518.0703125,56963072
2026-08-17 06:30:00+00:00,63518.0703125,63544.26953125,63504.37890625,63540.55859375,25579520
2026-08-17 06:45:00+00:00,63540.55859375,63653.421875,63540.55078125,63603.33984375,138238976
2026-08-17 07:00:00+00:00,63605.98828125,63605.98828125,63503.4609375,63525.328125,200010752
2026-08-17 07:15:00+00:00,63520.98828125,63525.30859375,63468.921875,63522.0,0
2026-08-17 07:30:00+00:00,63522.0,63522.0,63471.96875,63471.96875,180619264
2026-08-17 07:45:00+00:00,63471.96875,63496.48828125,63461.4609375,63461.4609375,111176704
2026-08-17 08:00:00+00:00,63468.91015625,63488.98046875,63352.66015625,63366.23046875,313936896
2026-08-17 08:15:00+00:00,63366.23046875,63389.98828125,63338.859375,63355.76953125,139557888
2026-08-17 08:30:00+00:00,63355.76953125,63371.44140625,63298.76171875,63301.37109375,66960384
2026-08-17 08:45:00+00:00,63301.37109375,63336.94140625,63278.578125,63307.859375,67997696
2026-08-17 09:00:00+00:00,63307.8515625,63355.30859375,63307.8515625,63350.73046875,105382912
2026-08-17 09:15:00+00:00,63352.33984375,63358.48828125,63264.71875,63302.73828125,102610944
2026-08-17 09:30:00+00:00,63302.73828125,63302.73828125,63228.44140625,63233.5703125,63864832
2026-08-17 09:45:00+00:00,63231.0,63255.171875,63218.171875,63246.19921875,31048704
2026-08-17 10:00:00+00:00,63246.2109375,63263.28125,63219.44921875,63259.98828125,42430464
2026-08-17 10:15:00+00:00,63259.98828125,63380.890625,63220.78125,63380.890625,41665536
2026-08-17 10:30:00+00:00,63380.19921875,63566.23828125,63380.19921875,63557.0390625,252791808
2026-08-17 10:45:00+00:00,63562.96875,63627.28125,63522.3984375,63627.28125,319458304
2026-08-17 11:00:00+00:00,63606.578125,63636.078125,63569.33984375,63601.51953125,242976768
2026-08-17 11:15:00+00:00,63585.0,63629.609375,63568.671875,63598.109375,133532672
2026-08-17 11:30:00+00:00,63594.41015625,63628.87890625,63594.41015625,63626.5,19062784
2026-08-17 11:45:00+00:00,63626.5,63713.2109375,63524.05859375,63559.890625,0
2026-08-17 12:00:00+00:00,63565.921875,63613.55078125,63520.66015625,63598.83984375,654956544
2026-08-17 12:15:00+00:00,63598.83984375,63598.859375,63456.26171875,63505.87890625,90805248
2026-08-17 12:30:00+00:00,63509.55859375,63567.98046875,63462.55078125,63498.5,92832768
2026-08-17 12:45:00+00:00,63498.5,63553.6015625,63476.671875,63478.25,209146880
2026-08-17 13:00:00+00:00,63478.23828125,63503.390625,63433.44921875,63481.41015625,81626112
2026-08-17 13:15:00+00:00,63476.0703125,63476.0703125,63357.2890625,63418.2109375,118753280
2026-08-17 13:30:00+00:00,63419.1796875,63720.8203125,63391.41015625,63588.1484375,320547840
2026-08-17 13:45:00+00:00,63572.44140625,63660.19921875,63515.9296875,63601.390625,243193856
2026-08-17 14:00:00+00:00,63591.2890625,63655.5703125,63515.9296875,63628.140625,159456256
2026-08-17 14:15:00+00:00,63629.96875,63671.1484375,63519.05859375,63549.55859375,154409984
2026-08-17 14:30:00+00:00,63550.4609375,63634.8203125,63519.0,63551.41015625,150240256
2026-08-17 14:45:00+00:00,63550.109375,63836.19921875,63534.76953125,63830.78125,134990848
2026-08-17 15:00:00+00:00,63830.66015625,63931.3515625,63792.25,63814.51171875,497389568
2026-08-17 15:15:00+00:00,63810.26171875,64007.8515625,63750.0,63987.5,168729600
2026-08-17 15:30:00+00:00,64023.5,64064.73828125,63924.30859375,64025.0,477630464
2026-08-17 15:45:00+00:00,64025.01171875,64174.30078125,64018.19140625,64139.69921875,266115072
2026-08-17 16:00:00+00:00,64150.109375,64154.98046875,64014.19921875,64014.87890625,208969728
2026-08-17 16:15:00+00:00,64006.80078125,64085.671875,63993.609375,64036.62890625,132065280
2026-08-17 16:30:00+00:00,64039.0390625,64125.98828125,64023.01171875,64030.37109375,10479616
2026-08-17 16:45:00+00:00,64029.37109375,64085.640625,64017.2890625,64060.3515625,170471424
2026-08-17 17:00:00+00:00,64060.359375,64064.69140625,63931.05078125,63932.73046875,93652992
2026-08-17 17:15:00+00:00,63932.71875,64379.98828125,63921.01171875,64154.8203125,1023152128
2026-08-17 17:30:00+00:00,64165.30078125,64238.58984375,64016.69921875,64187.37109375,510132224
2026-08-17 17:45:00+00:00,64173.390625,64296.87109375,64173.390625,64276.80859375,405045248
2026-08-17 18:00:00+00:00,64293.9296875,64340.44921875,64229.0,64324.23046875,229928960
2026-08-17 18:15:00+00:00,64330.23828125,64562.1796875,64319.109375,64427.96875,424523776
2026-08-17 18:30:00+00:00,64459.73046875,64459.73046875,64343.41015625,64403.98828125,334346240
2026-08-17 18:45:00+00:00,64398.828125,64437.23828125,64356.3984375,64380.578125,286746624
2026-08-17 19:00:00+00:00,64362.421875,64362.51953125,64266.91015625,64279.5,196806656
2026-08-17 19:15:00+00:00,64279.5,64374.26171875,64277.890625,64354.171875,204300288
2026-08-17 19:30:00+00:00,64336.80859375,64373.12890625,64287.30859375,64323.58984375,343861248
2026-08-17 19:45:00+00:00,64313.7109375,64322.48046875,64231.01171875,64266.44140625,172599296
2026-08-17 20:00:00+00:00,64260.8984375,64260.8984375,64214.7109375,64260.69921875,180533248
2026-08-17 20:15:00+00:00,64260.69921875,64376.41015625,64247.69921875,64371.2109375,135362560
2026-08-17 20:30:00+00:00,64371.76953125,64371.76953125,64304.171875,64345.30859375,133756928
2026-08-17 20:45:00+00:00,64345.30859375,64362.3203125,64280.0,64341.76953125,0
2026-08-17 21:00:00+00:00,64341.76953125,64388.51953125,64315.01953125,64327.7109375,220991488
2026-08-17 21:15:00+00:00,64327.640625,64362.01171875,64274.1015625,64276.7890625,166170624
2026-08-17 21:30:00+00:00,64276.78125,64330.0,64245.19140625,64285.83984375,153434112
2026-08-17 21:45:00+00:00,64286.08984375,64342.0,64286.08984375,64335.03125,96010240
2026-08-17 22:00:00+00:00,64340.1796875,64369.51171875,64256.0,64263.73828125,46692352
2026-08-17 22:15:00+00:00,64263.73828125,64297.5703125,64232.328125,64250.6484375,43909120
2026-08-17 22:30:00+00:00,64241.1796875,64284.28125,64222.9609375,64253.08984375,111874048
2026-08-17 22:45:00+00:00,64253.078125,64261.3203125,64227.8984375,64240.21875,151113728
2026-08-17 23:00:00+00:00,64240.21875,64324.44140625,64230.01171875,64311.9609375,63598592
2026-08-17 23:15:00+00:00,64311.9609375,64436.4609375,64311.94921875,64436.421875,117530624
2026-08-17 23:30:00+00:00,64430.05859375,64517.19140625,64405.01171875,64424.8203125,142417920
2026-08-17 23:45:00+00:00,64424.8203125,64530.0390625,64419.30078125,64477.25,97069056
2026-08-18 00:00:00+00:00,64486.25,64506.9609375,64362.03125,64386.62890625,128292864
2026-08-18 00:15:00+00:00,64386.62890625,64453.78125,64386.62890625,64409.12890625,96276480
2026-08-18 00:30:00+00:00,64409.12890625,64409.12890625,64333.51171875,64343.41015625,0
2026-08-18 00:45:00+00:00,64342.109375,64343.41015625,64300.53125,64322.2890625,64169984
2026-08-18 01:00:00+00:00,64323.62109375,64323.62109375,64235.7890625,64292.8515625,104722432
2026-08-18 01:15:00+00:00,64292.8515625,64306.37109375,64250.6484375,64272.01953125,0
2026-08-18 01:30:00+00:00,64273.828125,64292.83984375,64183.94140625,64224.6015625,44122112
2026-08-18 01:45:00+00:00,64222.73046875,64222.73046875,64097.46875,64148.44921875,69343232
2026-08-18 02:00:00+00:00,64144.328125,64217.98828125,64123.05078125,64123.05078125,81127424
2026-08-18 02:15:00+00:00,64123.05078125,64146.109375,64090.76953125,64095.9296875,48023552
2026-08-18 02:30:00+00:00,64087.9296875,64146.671875,64060.7890625,64062.1484375,72523776
2026-08-18 02:45:00+00:00,64060.7890625,64074.28125,63995.2890625,64036.12890625,15015936
2026-08-18 03:00:00+00:00,64043.3984375,64074.48828125,64020.01171875,64025.23046875,42203136
2026-08-18 03:15:00+00:00,64025.23046875,64081.21875,64025.23046875,64047.6796875,88930304
2026-08-18 03:30:00+00:00,64047.94140625,64115.6796875,63979.37109375,64115.6796875,155244544
2026-08-18 03:45:00+00:00,64111.19921875,64119.44140625,64077.01171875,64117.2109375,0
2026-08-18 04:00:00+00:00,64117.19921875,64117.19921875,64018.69921875,64082.30078125,138758144
2026-08-18 04:15:00+00:00,64082.30859375,64092.6015625,64062.91015625,64091.578125,279828480
2026-08-18 04:30:00+00:00,64091.58984375,64181.87109375,64091.58984375,64154.53125,58470400
2026-08-18 04:45:00+00:00,64154.51953125,64164.7890625,64115.69921875,64149.69140625,49195008
2026-08-18 05:00:00+00:00,64149.69140625,64211.73046875,64116.01953125,64169.19921875,0
2026-08-18 05:15:00+00:00,64169.19921875,64199.8984375,64143.3515625,64191.578125,91998208
2026-08-18 05:30:00+00:00,64188.30078125,64198.05859375,64079.7109375,64188.30859375,63158272
2026-08-18 05:45:00+00:00,64188.30859375,64188.30859375,64138.96875,64169.4609375,249061376
2026-08-18 06:00:00+00:00,64169.4609375,64216.16015625,64099.19921875,64171.80859375,19419136
2026-08-18 06:15:00+00:00,64171.80859375,64301.76953125,64171.80859375,64283.41015625,157184000
2026-08-18 06:30:00+00:00,64284.41015625,64397.37890625,64284.41015625,64380.91015625,460748800
2026-08-18 06:45:00+00:00,64380.78125,64380.7890625,64210.8515625,64266.41015625,0
2026-08-18 07:00:00+00:00,64264.41015625,64287.8515625,64221.26953125,64280.171875,58259456
2026-08-18 07:15:00+00:00,64274.78125,64294.19921875,64224.671875,64224.671875,107896832
2026-08-18 07:30:00+00:00,64219.6796875,64219.6796875,64178.28125,64186.55859375,162557952
2026-08-18 07:45:00+00:00,64186.5703125,64188.05859375,64104.16015625,64139.78125,50556928
2026-08-18 08:00:00+00:00,64139.78125,64147.71875,64027.421875,64095.80078125,0
2026-08-18 08:15:00+00:00,64095.80078125,64176.30078125,64095.80078125,64149.6796875,89522176
2026-08-18 08:30:00+00:00,64149.6796875,64278.23046875,64141.55078125,64226.7109375,36501504
2026-08-18 08:45:00+00:00,64226.7109375,64229.80078125,64180.0,64228.640625,180457472
2026-08-18 09:00:00+00:00,64203.12890625,64215.5390625,64165.859375,64178.19921875,66598912
2026-08-18 09:15:00+00:00,64178.19921875,64178.19921875,64083.05859375,64095.48828125,0
2026-08-18 09:30:00+00:00,64095.48046875,64122.08984375,64072.51953125,64089.30078125,118722560
2026-08-18 09:45:00+00:00,64089.2890625,64115.328125,64070.87890625,64110.01171875,90423296
2026-08-18 10:00:00+00:00,64105.01171875,64139.62109375,64070.0,64093.37109375,0
2026-08-18 10:15:00+00:00,64093.37109375,64113.8515625,64062.7109375,64096.30859375,712433664
2026-08-18 10:30:00+00:00,64096.30859375,64154.171875,64096.30078125,64121.44921875,0
2026-08-18 10:45:00+00:00,64121.44921875,64144.6484375,64116.19140625,64134.5390625,0
2026-08-18 11:00:00+00:00,64124.7890625,64265.5390625,64124.7890625,64261.078125,5865472
2026-08-18 11:15:00+00:00,64261.078125,64318.76171875,64261.078125,64306.62890625,63662080
2026-08-18 11:30:00+00:00,64280.26171875,64332.48828125,64280.26171875,64321.3984375,28098560
2026-08-18 11:45:00+00:00,64321.3984375,64342.44140625,64274.98828125,64288.1796875,41334784
2026-08-18 12:00:00+00:00,64280.921875,64300.3203125,64221.30078125,64236.578125,0
2026-08-18 12:15:00+00:00,64236.578125,64277.28125,64221.73046875,64242.078125,13938688
2026-08-18 12:30:00+00:00,64242.0703125,64243.53125,64190.69921875,64193.01171875,50847744
2026-08-18 12:45:00+00:00,64187.80859375,64194.01171875,64161.671875,64161.671875,25159680
2026-08-18 13:00:00+00:00,64128.609375,64142.19921875,64100.0,64128.609375,8509440
2026-08-18 13:15:00+00:00,64128.62109375,64128.62109375,63997.76171875,64012.6484375,71655424
2026-08-18 13:30:00+00:00,64022.390625,64187.19921875,63991.25,64126.26171875,215818240
2026-08-18 13:45:00+00:00,64108.51171875,64226.08984375,64054.08984375,64155.9296875,145512448
2026-08-18 14:00:00+00:00,64158.171875,64318.62109375,64158.171875,64199.33984375,82501632
2026-08-18 14:15:00+00:00,64206.19921875,64985.078125,64192.0,64945.66015625,404027392
2026-08-18 14:30:00+00:00,64940.62890625,65007.2890625,64687.5,64737.26171875,1570603008
2026-08-18 14:45:00+00:00,64728.8984375,64802.30859375,64620.8984375,64668.140625,218599424
2026-08-18 15:00:00+00:00,64696.3203125,64771.5703125,64601.3203125,64694.171875,47474688
2026-08-18 15:15:00+00:00,64685.0390625,64793.5390625,64667.41015625,64761.03125,144044032
2026-08-18 15:30:00+00:00,64750.0703125,64833.16015625,64745.03125,64771.25,0
2026-08-18 15:45:00+00:00,64775.421875,64849.41015625,64753.73828125,64808.0,84391936
2026-08-18 16:00:00+00:00,64819.66015625,64853.08984375,64700.0,64705.05078125,0
2026-08-18 16:15:00+00:00,64711.6015625,64714.69921875,64651.421875,64661.8203125,644954112
2026-08-18 16:30:00+00:00,64648.578125,64776.98828125,64629.51953125,64745.44921875,66496512
2026-08-18 16:45:00+00:00,64745.5,64822.73828125,64736.78125,64795.1796875,95000576
2026-08-18 17:00:00+00:00,64798.19921875,64798.19921875,64730.0,64761.80078125,4122624
2026-08-18 17:15:00+00:00,64761.80078125,64793.30078125,64717.9609375,64791.26953125,579192832
2026-08-18 17:30:00+00:00,64791.26171875,64792.25,64675.078125,64685.3984375,0
2026-08-18 17:45:00+00:00,64685.3984375,64697.1015625,64629.55078125,64629.55859375,0
2026-08-18 18:00:00+00:00,64625.3984375,64700.3515625,64611.2890625,64698.75,0
2026-08-18 18:15:00+00:00,64698.76171875,64775.16015625,64687.5,64759.71875,506419200
2026-08-18 18:30:00+00:00,64759.71875,64790.91015625,64720.23046875,64725.140625,96774144
2026-08-18 18:45:00+00:00,64712.80859375,64769.01953125,64712.4609375,64737.171875,5044224
2026-08-18 19:00:00+00:00,64729.05078125,64730.37890625,64675.078125,64684.2109375,0
2026-08-18 19:15:00+00:00,64684.2109375,64763.05078125,64667.859375,64741.328125,0
2026-08-18 19:30:00+00:00,64741.3203125,64745.19921875,64633.0,64633.0,2500608
2026-08-18 19:45:00+00:00,64633.01171875,64651.01953125,64603.921875,64603.9296875,0
2026-08-18 20:00:00+00:00,64612.53125,64621.94921875,64546.73828125,64614.5,209299456
2026-08-18 20:15:00+00:00,64614.5,64614.5,64568.7109375,64570.01171875,81758208
2026-08-18 20:30:00+00:00,64570.01953125,64605.69140625,64559.16015625,64568.55859375,146659328
2026-08-18 20:45:00+00:00,64568.5703125,64581.0,64523.28125,64538.48046875,30351360
2026-08-18 21:00:00+00:00,64540.16015625,64611.28125,64534.578125,64579.87890625,0
2026-08-18 21:15:00+00:00,64579.87109375,64588.1015625,64556.078125,64579.859375,0
2026-08-18 21:30:00+00:00,64579.859375,64579.859375,64527.37109375,64538.46875,61274112
2026-08-18 21:45:00+00:00,64534.328125,64569.640625,64534.3203125,64559.328125,5001216
2026-08-18 22:00:00+00:00,64559.19140625,64566.73046875,64521.91015625,64528.98828125,194560
2026-08-18 22:15:00+00:00,64528.98046875,64568.578125,64513.91015625,64552.6796875,0
2026-08-18 22:30:00+00:00,64552.66015625,64615.12890625,64549.23828125,64595.26171875,6258688
2026-08-18 22:45:00+00:00,64595.26171875,64596.41015625,64560.921875,64596.41015625,76695552
2026-08-18 23:00:00+00:00,64588.2109375,64671.98046875,64584.9609375,64656.30078125,36141056
2026-08-18 23:15:00+00:00,64662.98828125,64698.01953125,64656.1015625,64678.7109375,7211008
2026-08-18 23:30:00+00:00,64681.51953125,64741.37890625,64680.0,64732.71875,0
2026-08-18 23:45:00+00:00,64721.62109375,64744.26953125,64680.03125,64681.328125,40400896
2026-08-19 00:00:00+00:00,64692.2109375,64697.80078125,64540.078125,64540.078125,0
2026-08-19 00:15:00+00:00,64534.3203125,64632.8984375,64504.44921875,64562.80859375,38105088
2026-08-19 00:30:00+00:00,64556.4609375,64612.69140625,64500.01953125,64517.76171875,24338432
2026-08-19 00:45:00+00:00,64517.76953125,64538.8984375,64445.4296875,64445.4296875,17827840
2026-08-19 01:00:00+00:00,64440.12109375,64502.98046875,64390.03125,64483.66015625,53008384
2026-08-19 01:15:00+00:00,64483.6484375,64490.5,64395.21875,64442.01953125,159676416
2026-08-19 01:30:00+00:00,64453.390625,64453.390625,64354.171875,64374.37890625,462848
2026-08-19 01:45:00+00:00,64374.37890625,64399.48828125,64341.46875,64358.4609375,48515072
2026-08-19 02:00:00+00:00,64348.55078125,64363.62890625,64303.859375,64348.01953125,9279488
2026-08-19 02:15:00+00:00,64346.83984375,64367.2109375,64297.0,64342.44921875,33945600
2026-08-19 02:30:00+00:00,64335.6015625,64362.98046875,64319.05078125,64333.48828125,70201344
2026-08-19 02:45:00+00:00,64334.37890625,64364.2109375,64293.0703125,64295.83984375,0
2026-08-19 03:00:00+00:00,64295.8515625,64312.171875,64218.3984375,64295.55078125,18683904
2026-08-19 03:15:00+00:00,64292.48828125,64363.6484375,64292.48828125,64305.94921875,776192
2026-08-19 03:30:00+00:00,64305.94921875,64317.078125,64275.62890625,64284.94921875,61487104
2026-08-19 03:45:00+00:00,64282.03125,64324.25,64269.359375,64269.359375,0
2026-08-19 04:00:00+00:00,64268.109375,64275.05078125,64234.37109375,64260.98046875,0
2026-08-19 04:15:00+00:00,64260.98046875,64336.859375,64260.98046875,64303.05078125,5814272
2026-08-19 04:30:00+00:00,64303.05078125,64318.2109375,64269.359375,64290.05859375,0
2026-08-19 04:45:00+00:00,64293.2109375,64316.26953125,64246.37890625,64255.1015625,89978880
2026-08-19 05:00:00+00:00,64255.9296875,64357.890625,64252.80859375,64346.98046875,5380096
2026-08-19 05:15:00+00:00,64346.98828125,64346.98828125,64250.3203125,64304.55078125,0
2026-08-19 05:30:00+00:00,64299.05859375,64305.87890625,64263.0703125,64265.96875,0
2026-08-19 05:45:00+00:00,64265.96875,64265.96875,64178.28125,64185.23046875,34852864
2026-08-19 06:00:00+00:00,64186.33984375,64198.96875,64112.0390625,64125.41015625,0
2026-08-19 06:15:00+00:00,64125.41015625,64258.0703125,64125.41015625,64220.37109375,0
2026-08-19 06:30:00+00:00,64220.37109375,64241.05078125,64200.3515625,64214.48828125,166537216
2026-08-19 06:45:00+00:00,64215.828125,64291.421875,64211.69921875,64289.8203125,56785920
2026-08-19 07:00:00+00:00,64289.8203125,64314.8984375,64211.23828125,64314.8984375,31384576
2026-08-19 07:15:00+00:00,64314.8984375,64314.8984375,64244.51953125,64285.921875,636720128
2026-08-19 07:30:00+00:00,64285.921875,64343.9296875,64279.41015625,64300.828125,48040960
2026-08-19 07:45:00+00:00,64300.8203125,64324.51171875,64236.76171875,64243.55078125,30973952
2026-08-19 08:00:00+00:00,64236.76171875,64272.05078125,64195.01953125,64198.30859375,5807104
2026-08-19 08:15:00+00:00,64198.30859375,64235.4296875,64190.69921875,64232.08984375,54255616
2026-08-19 08:30:00+00:00,64229.5703125,64455.6015625,64228.05859375,64391.98046875,23355392
2026-08-19 08:45:00+00:00,64398.8984375,64421.66015625,64357.109375,64357.12109375,153648128
2026-08-19 09:00:00+00:00,64356.46875,64418.390625,64327.328125,64327.328125,104119296
2026-08-19 09:15:00+00:00,64326.0,64363.0390625,64316.91015625,64332.26953125,63584256
2026-08-19 09:30:00+00:00,64336.26953125,64345.3515625,64307.171875,64319.03125,39100416
2026-08-19 09:45:00+00:00,64319.03125,64375.78125,64313.1796875,64371.5703125,18806784
2026-08-19 10:00:00+00:00,64367.80078125,64371.5703125,64316.5,64335.4296875,83193856
2026-08-19 10:15:00+00:00,64332.671875,64343.87890625,64304.98828125,64343.87109375,0
2026-08-19 10:30:00+00:00,64343.87109375,64371.0,64319.05078125,64348.80078125,129702912
2026-08-19 10:45:00+00:00,64345.48046875,64404.78125,64338.0,64393.80078125,42148864
2026-08-19 11:00:00+00:00,64386.7890625,64483.671875,64386.7890625,64448.30859375,0
2026-08-19 11:15:00+00:00,64449.4296875,64477.28125,64422.73046875,64452.3203125,58702848
2026-08-19 11:30:00+00:00,64453.078125,64477.21875,64412.7890625,64415.25,35332096
2026-08-19 11:45:00+00:00,64415.25,64474.05859375,64415.25,64459.109375,63439872
2026-08-19 12:00:00+00:00,64459.109375,64464.3984375,64417.140625,64453.3515625,2343936
2026-08-19 12:15:00+00:00,64453.33984375,64455.69140625,64428.98828125,64439.25,1884160
2026-08-19 12:30:00+00:00,64448.30078125,64896.94140625,64428.01171875,64896.37890625,77315072
2026-08-19 12:45:00+00:00,64899.1015625,64935.94140625,64769.3984375,64830.890625,1134846976
2026-08-19 13:00:00+00:00,64812.16015625,64944.19140625,64735.921875,64876.80859375,119328768
2026-08-19 13:15:00+00:00,64868.6015625,64992.3515625,64868.6015625,64958.9296875,329889792
2026-08-19 13:30:00+00:00,64931.359375,65170.19921875,64750.98046875,64990.921875,520382464
2026-08-19 13:45:00+00:00,64987.48828125,65137.2109375,64931.4609375,64966.71875,470104064
2026-08-19 14:00:00+00:00,64969.9296875,65392.98046875,64966.08984375,65357.109375,269582336
2026-08-19 14:15:00+00:00,65355.7890625,65430.3984375,65279.05859375,65367.28125,1070493696
2026-08-19 14:30:00+00:00,65383.69140625,65468.94921875,65304.8203125,65419.421875,59066368
2026-08-19 14:45:00+00:00,65407.0,65930.828125,65407.0,65886.25,443394048
2026-08-19 15:00:00+00:00,65926.2734375,66741.953125,65858.65625,66635.828125,1834549248
2026-08-19 15:15:00+00:00,66605.703125,69594.25,66576.3828125,68239.046875,1322045440
2026-08-19 15:30:00+00:00,68304.78125,68769.5390625,67763.7265625,68663.15625,5266018304
2026-08-19 15:45:00+00:00,68631.1484375,68631.1484375,68206.2734375,68519.6328125,1874870272
2026-08-19 16:00:00+00:00,68588.359375,68832.140625,68495.8828125,68540.5625,1026930688
2026-08-19 16:15:00+00:00,68549.46875,68892.6484375,68543.0,68872.578125,729333760
2026-08-19 16:30:00+00:00,68837.453125,68875.15625,68532.0078125,68566.0078125,583847936
2026-08-19 16:45:00+00:00,68544.1796875,68693.5,68403.96875,68453.9765625,526305280
2026-08-19 17:00:00+00:00,68444.3203125,68514.390625,68197.0234375,68224.03125,704940032
2026-08-19 17:15:00+00:00,68222.2578125,68288.453125,67812.9609375,67977.1015625,403582976
2026-08-19 17:30:00+00:00,67985.453125,68021.953125,67802.34375,68021.578125,535562240
2026-08-19 17:45:00+00:00,68023.2890625,68243.9921875,68016.0625,68168.3125,450441216
2026-08-19 18:00:00+00:00,68187.0078125,68231.8515625,68013.4921875,68160.21875,179798016
2026-08-19 18:15:00+00:00,68159.9765625,68307.15625,68151.296875,68257.5703125,376897536
2026-08-19 18:30:00+00:00,68233.2109375,68421.09375,68215.71875,68421.09375,153255936
2026-08-19 18:45:00+00:00,68420.1875,68439.5,68302.640625,68389.1171875,277602304
2026-08-19 19:00:00+00:00,68367.0390625,68436.8125,68093.3515625,68093.3515625,143101952
2026-08-19 19:15:00+00:00,68096.3671875,68373.609375,68096.3671875,68164.2421875,380088320
2026-08-19 19:30:00+00:00,68155.03125,68392.359375,68117.1484375,68377.4765625,1123569664
2026-08-19 19:45:00+00:00,68385.96875,68471.0390625,68352.0234375,68406.1328125,219435008
2026-08-19 20:00:00+00:00,68428.6015625,68688.7421875,68373.4765625,68666.5,328470528
2026-08-19 20:15:00+00:00,68666.5,68795.2890625,68545.7734375,68685.8203125,255762432
2026-08-19 20:30:00+00:00,68685.8203125,68781.171875,68634.296875,68653.6328125,414052352
2026-08-19 20:45:00+00:00,68634.3125,69544.90625,68605.3203125,69043.25,837443584
2026-08-19 21:00:00+00:00,69038.640625,69888.0,68975.6171875,69416.7578125,1609641984
2026-08-19 21:15:00+00:00,69432.8515625,69737.9375,69250.0078125,69621.4921875,1124745216
2026-08-19 21:30:00+00:00,69622.4296875,69824.9921875,69382.09375,69656.203125,634839040
2026-08-19 21:45:00+00:00,69666.65625,70010.9609375,69486.2421875,69700.0,1068265472
2026-08-19 22:00:00+00:00,69790.28125,69819.2578125,69309.7265625,69309.7265625,532180992
2026-08-19 22:15:00+00:00,69284.8828125,69381.34375,69117.3515625,69128.6796875,533282816
2026-08-19 22:30:00+00:00,69116.4375,69451.1484375,68959.609375,69315.71875,521134080
2026-08-19 22:45:00+00:00,69306.1484375,69307.78125,69078.84375,69219.546875,321478656
2026-08-19 23:00:00+00:00,69224.703125,69379.0390625,69178.4921875,69311.71875,498745344
2026-08-19 23:15:00+00:00,69309.0078125,69421.6171875,69236.4375,69343.0390625,520888320
2026-08-19 23:30:00+00:00,69343.0390625,69361.1015625,69210.03125,69287.640625,375541760
2026-08-19 23:45:00+00:00,69285.46875,69308.2421875,69130.578125,69300.0078125,12197888
2026-08-20 00:00:00+00:00,69298.7890625,69629.90625,69291.6015625,69531.5078125,717516800
2026-08-20 00:15:00+00:00,69538.078125,69749.9921875,69523.421875,69588.5,557387776
2026-08-20 00:30:00+00:00,69593.1796875,69664.296875,69443.671875,69529.90625,231456768
2026-08-20 00:45:00+00:00,69564.171875,69677.578125,69339.4921875,69387.7734375,536289280
2026-08-20 01:00:00+00:00,69385.7578125,69477.9375,69250.109375,69354.7109375,95809536
2026-08-20 01:15:00+00:00,69333.2109375,69407.09375,69239.65625,69292.046875,315408384
2026-08-20 01:30:00+00:00,69281.9609375,69604.0,69262.578125,69594.65625,740179968
2026-08-20 01:45:00+00:00,69595.1015625,69856.3828125,69595.1015625,69678.6796875,377896960
2026-08-20 02:00:00+00:00,69682.296875,69787.1171875,69541.7421875,69651.796875,496279552
2026-08-20 02:15:00+00:00,69645.3828125,69676.59375,69442.53125,69476.40625,95543296
2026-08-20 02:30:00+00:00,69460.0,69503.703125,69277.140625,69277.140625,253206528
2026-08-20 02:45:00+00:00,69277.140625,69319.6171875,69223.5625,69258.5703125,388263936
2026-08-20 03:00:00+00:00,69245.8671875,69250.0625,68857.28125,68940.203125,258633728
2026-08-20 03:15:00+00:00,68936.9765625,69152.7109375,68891.7578125,68915.2578125,526639104
2026-08-20 03:30:00+00:00,68946.6328125,69150.90625,68927.328125,69139.078125,455843840
2026-08-20 03:45:00+00:00,69130.1875,69282.921875,69100.53125,69139.9921875,754835456
2026-08-20 04:00:00+00:00,69130.1875,69330.9375,69104.421875,69323.1875,471609344
2026-08-20 04:15:00+00:00,69316.84375,69345.1796875,69240.03125,69308.40625,323051520
2026-08-20 04:30:00+00:00,69308.40625,69325.4921875,69182.1015625,69284.7421875,226627584
2026-08-20 04:45:00+00:00,69304.0625,69533.421875,69299.5078125,69442.5234375,361402368
2026-08-20 05:00:00+00:00,69445.640625,69513.3515625,69416.953125,69425.0234375,527126528
2026-08-20 05:15:00+00:00,69419.9921875,69633.0703125,69407.109375,69540.3828125,287875072
2026-08-20 05:30:00+00:00,69531.0078125,69587.6171875,69480.15625,69514.0078125,247496704
2026-08-20 05:45:00+00:00,69510.09375,69510.09375,69318.0,69374.828125,322666496
2026-08-20 06:00:00+00:00,69368.4609375,69402.0,69317.171875,69349.140625,668487680
2026-08-20 06:15:00+00:00,69330.6796875,69652.890625,69313.96875,69546.7578125,748613632
2026-08-20 06:30:00+00:00,69553.84375,69749.2109375,69553.84375,69736.0390625,403955712
2026-08-20 06:45:00+00:00,69738.578125,69866.296875,69738.0703125,69813.9921875,11198464
2026-08-20 07:00:00+00:00,69792.046875,69957.09375,69723.46875,69758.09375,667521024
2026-08-20 07:15:00+00:00,69750.0,69754.8671875,69564.1875,69642.15625,33251328
2026-08-20 07:30:00+00:00,69642.15625,69642.15625,69456.03125,69568.53125,727306240
2026-08-20 07:45:00+00:00,69564.25,69781.84375,69518.9921875,69781.84375,715612160
2026-08-20 08:00:00+00:00,69784.5078125,71302.71875,69736.640625,71247.640625,1026826240
2026-08-20 08:15:00+00:00,71162.53125,71519.71875,70990.1015625,71303.5078125,2846900224
2026-08-20 08:30:00+00:00,71287.8125,71537.390625,71138.9921875,71449.9921875,693895168
2026-08-20 08:45:00+00:00,71420.046875,71746.5625,71392.203125,71524.28125,2151890944
2026-08-20 09:00:00+00:00,71532.3984375,71908.7109375,71458.3125,71868.1484375,937353216
2026-08-20 09:15:00+00:00,71820.2421875,71991.703125,71698.4375,71764.5625,1229254656
2026-08-20 09:30:00+00:00,71739.328125,71994.2265625,71684.53125,71936.75,893521920
2026-08-20 09:45:00+00:00,71924.6484375,71964.296875,71621.8828125,71740.890625,1628925952
2026-08-20 10:00:00+00:00,71733.2421875,72089.4765625,71651.609375,72089.4765625,1374400512
2026-08-20 10:15:00+00:00,72106.2109375,72407.171875,71942.046875,71983.75,1049141248
2026-08-20 10:30:00+00:00,71987.28125,71987.28125,71720.6875,71740.203125,481869824
2026-08-20 10:45:00+00:00,71747.1484375,71941.6875,71747.1484375,71941.6875,2082496512
2026-08-20 11:00:00+00:00,71934.6484375,72091.5234375,71796.890625,71932.7421875,165842944
2026-08-20 11:15:00+00:00,71903.7734375,71976.8515625,71818.0078125,71845.328125,901144576
2026-08-20 11:30:00+00:00,71824.9375,72272.6328125,71813.4765625,72112.421875,198684672
2026-08-20 11:45:00+00:00,72098.6484375,72230.890625,71765.890625,71870.109375,626323456
2026-08-20 12:00:00+00:00,71886.3515625,71925.0,71440.046875,71747.15625,2074025984
2026-08-20 12:15:00+00:00,71705.40625,71820.2265625,71632.3203125,71788.953125,908926976
2026-08-20 12:30:00+00:00,71798.9375,71950.8125,71612.2421875,71626.578125,638312448
2026-08-20 12:45:00+00:00,71627.5625,71902.03125,71472.7734375,71894.5078125,0
2026-08-20 13:00:00+00:00,71921.15625,72025.5625,71841.1328125,72001.1875,805875712
2026-08-20 13:15:00+00:00,72004.4765625,72004.4765625,71813.6328125,71910.7265625,296181760
2026-08-20 13:30:00+00:00,71875.9296875,71875.9296875,71143.1328125,71624.1796875,2195349504
2026-08-20 13:45:00+00:00,71630.578125,71784.328125,71388.5234375,71631.4609375,758562816
2026-08-20 14:00:00+00:00,71632.3203125,71935.0703125,71580.140625,71765.0390625,68640768
2026-08-20 14:15:00+00:00,71764.9921875,71769.8203125,71364.3515625,71409.2421875,0
2026-08-20 14:30:00+00:00,71399.859375,71657.8671875,71371.3203125,71493.1328125,815497216
2026-08-20 14:45:00+00:00,71496.921875,71780.2890625,71376.4375,71780.2890625,49602560
2026-08-20 15:00:00+00:00,71776.4921875,72520.4375,71751.640625,72187.671875,136826880
2026-08-20 15:15:00+00:00,72212.046875,72381.0,71947.75,72381.0,1565851648
2026-08-20 15:30:00+00:00,72393.7109375,72781.046875,72142.8828125,72203.046875,1534595072
2026-08-20 15:45:00+00:00,72218.109375,72520.4375,72140.3984375,72443.1484375,212418560
2026-08-20 16:00:00+00:00,72437.671875,72475.65625,72247.15625,72279.59375,0
2026-08-20 16:15:00+00:00,72293.5078125,72388.546875,72180.0078125,72380.5078125,208228352
2026-08-20 16:30:00+00:00,72345.71875,72669.9921875,72250.0,72626.609375,0
2026-08-20 16:45:00+00:00,72590.2890625,72843.2890625,72509.421875,72829.4296875,421617664
2026-08-20 17:00:00+00:00,72820.609375,72853.8125,72540.59375,72668.4765625,0
2026-08-20 17:15:00+00:00,72668.46875,72809.921875,72551.4921875,72790.921875,1788690432
2026-08-20 17:30:00+00:00,72777.2421875,72832.8984375,72661.75,72749.0078125,32129024
2026-08-20 17:45:00+00:00,72728.4765625,72940.40625,72697.0078125,72715.328125,214286336
2026-08-20 18:00:00+00:00,72733.828125,72794.5390625,72457.609375,72593.9296875,333664256
2026-08-20 18:15:00+00:00,72583.15625,72723.796875,72500.0,72669.921875,219451392
2026-08-20 18:30:00+00:00,72660.0,72685.796875,72373.5625,72468.3828125,94150656
2026-08-20 18:45:00+00:00,72488.3671875,72607.578125,72404.0625,72413.0390625,425185280
2026-08-20 19:00:00+00:00,72410.921875,72485.90625,72313.75,72466.78125,31383552
2026-08-20 19:15:00+00:00,72466.7734375,72623.75,72466.7734375,72592.796875,48619520
2026-08-20 19:30:00+00:00,72587.859375,72768.4765625,72547.5625,72707.640625,249184256
2026-08-20 19:45:00+00:00,72718.078125,72742.5234375,72582.3671875,72626.453125,316022784
2026-08-20 20:00:00+00:00,72678.2265625,72777.2421875,72617.15625,72686.75,42942464
2026-08-20 20:15:00+00:00,72697.078125,72899.359375,72617.171875,72826.296875,234663936
2026-08-20 20:30:00+00:00,72813.7578125,73002.6796875,72690.25,72749.3984375,213929984
2026-08-20 20:45:00+00:00,72761.3125,72775.5390625,72585.0390625,72660.2265625,24645632
2026-08-20 21:00:00+00:00,72660.2265625,72683.28125,72547.5625,72683.28125,0
2026-08-20 21:15:00+00:00,72686.75,72829.4375,72634.0234375,72648.4609375,0
2026-08-20 21:30:00+00:00,72641.2890625,72817.203125,72641.2890625,72725.03125,1678200832
2026-08-20 21:45:00+00:00,72730.90625,72763.3125,72689.5,72725.6328125,0
2026-08-20 22:00:00+00:00,72745.90625,72745.90625,72485.0,72591.71875,0
2026-08-20 22:15:00+00:00,72589.328125,72815.5078125,72538.078125,72785.171875,0
2026-08-20 22:30:00+00:00,72784.9921875,72791.0390625,72665.4921875,72670.7421875,83329024
2026-08-20 22:45:00+00:00,72670.7421875,72853.7890625,72655.7734375,72664.6796875,0
2026-08-20 23:00:00+00:00,72658.7109375,72918.03125,72645.0,72918.03125,0
2026-08-20 23:15:00+00:00,72892.5390625,73333.8515625,72888.6015625,73199.3671875,1733050368
2026-08-20 23:30:00+00:00,73215.7109375,73377.8203125,73062.6015625,73090.4375,137003008
2026-08-20 23:45:00+00:00,73090.3671875,73118.28125,72977.7265625,73015.9296875,309137408
2026-08-21 00:00:00+00:00,73010.2734375,73478.6484375,73010.2734375,73478.6484375,45998080
2026-08-21 00:15:00+00:00,73441.921875,73856.1484375,73346.5390625,73699.4296875,630337536
2026-08-21 00:30:00+00:00,73694.390625,73945.1796875,73515.59375,73685.0234375,387551232
2026-08-21 00:45:00+00:00,73673.9921875,73828.859375,73575.171875,73692.40625,285360128
2026-08-21 01:00:00+00:00,73658.7734375,73969.2265625,73648.796875,73943.03125,552411136
2026-08-21 01:15:00+00:00,73971.7421875,74773.6796875,73932.609375,74708.890625,0
2026-08-21 01:30:00+00:00,74719.078125,74964.171875,74520.71875,74716.5,3000086528
2026-08-21 01:45:00+00:00,74731.6171875,75704.40625,74689.609375,75107.890625,1213374464
2026-08-21 02:00:00+00:00,75107.1328125,75155.9765625,74653.328125,74852.3828125,507150336
2026-08-21 02:15:00+00:00,74820.0,74952.2265625,74622.640625,74949.9375,248176640
2026-08-21 02:30:00+00:00,74955.7109375,75034.890625,74591.671875,74678.96875,18354176
2026-08-21 02:45:00+00:00,74694.09375,74694.09375,74358.859375,74409.7109375,863813632
2026-08-21 03:00:00+00:00,74444.28125,74459.109375,74219.6328125,74402.3984375,345853952
2026-08-21 03:15:00+00:00,74422.796875,74606.3515625,74287.5625,74576.390625,356839424
2026-08-21 03:30:00+00:00,74571.1796875,74678.28125,74399.2578125,74673.359375,225959936
2026-08-21 03:45:00+00:00,74628.6015625,74832.65625,74470.7421875,74478.2734375,160116736
2026-08-21 04:00:00+00:00,74499.828125,74872.4921875,74499.828125,74845.9296875,162574336
2026-08-21 04:15:00+00:00,74842.5703125,74917.5390625,74754.90625,74792.1796875,229621760
2026-08-21 04:30:00+00:00,74787.7890625,74966.1484375,74753.8828125,74928.9921875,294506496
2026-08-21 04:45:00+00:00,74917.4375,75023.03125,74895.171875,74999.9921875,76599296
2026-08-21 05:00:00+00:00,74999.9921875,75298.640625,74888.2265625,75292.2421875,24748032
2026-08-21 05:15:00+00:00,75255.3203125,75482.921875,75035.7578125,75174.953125,203124736
2026-08-21 05:30:00+00:00,75167.4375,75335.0390625,75067.0703125,75244.546875,636801024
2026-08-21 05:45:00+00:00,75244.546875,75438.078125,75182.4921875,75438.078125,28184576
2026-08-21 06:00:00+00:00,75391.1484375,75477.703125,75244.5703125,75257.2734375,0
2026-08-21 06:15:00+00:00,75261.578125,75454.21875,75065.3515625,75298.7421875,53256192
2026-08-21 06:30:00+00:00,75302.8515625,75700.1171875,75289.8203125,75365.0,1681743872
2026-08-21 06:45:00+00:00,75355.203125,75615.7890625,75261.2421875,75615.7890625,577417216
2026-08-21 07:00:00+00:00,75600.0,75967.140625,75596.9921875,75908.3125,211722240
2026-08-21 07:15:00+00:00,75935.4921875,76845.359375,75903.2578125,76372.6484375,1209446400
2026-08-21 07:30:00+00:00,76371.078125,76720.3671875,76249.6171875,76581.3515625,791433216
2026-08-21 07:45:00+00:00,76555.0,76602.046875,76188.40625,76306.328125,414244864
2026-08-21 08:00:00+00:00,76299.171875,77083.5078125,76267.5078125,76866.0234375,117903360
2026-08-21 08:15:00+00:00,76856.421875,77291.59375,76839.890625,77205.9375,1419931648
2026-08-21 08:30:00+00:00,77182.796875,77770.3984375,77145.09375,77627.7421875,305938432
2026-08-21 08:45:00+00:00,77625.34375,79442.859375,77562.84375,79224.703125,847659008
2026-08-21 09:00:00+00:00,79189.2734375,79326.21875,77267.3984375,77885.0078125,2864984064
2026-08-21 09:15:00+00:00,77851.3125,77899.796875,77463.21875,77697.953125,2788696064
2026-08-21 09:30:00+00:00,77699.9921875,78330.0703125,77624.8828125,78180.15625,488493056
2026-08-21 09:45:00+00:00,78198.640625,78350.1015625,77623.1015625,77888.171875,421953536
2026-08-21 10:00:00+00:00,77861.5234375,78085.8125,77606.1171875,78049.4296875,991301632
2026-08-21 10:15:00+00:00,78018.1171875,78236.171875,77660.6796875,77903.2890625,43028480
2026-08-21 10:30:00+00:00,77918.21875,77948.5078125,77624.890625,77829.0,543793152
2026-08-21 10:45:00+00:00,77828.859375,77986.78125,77738.609375,77802.359375,202805248
2026-08-21 11:00:00+00:00,77814.40625,77840.640625,77318.671875,77520.46875,197197824
2026-08-21 11:15:00+00:00,77503.2890625,77650.7265625,77277.40625,77386.0078125,446140416
2026-08-21 11:30:00+00:00,77407.8515625,77409.3984375,76416.4765625,76854.5,762130432
2026-08-21 11:45:00+00:00,76823.921875,77012.0078125,76605.09375,76709.6171875,190205952
2026-08-21 12:00:00+00:00,76740.953125,76994.671875,76521.2890625,76901.3203125,3483549696
2026-08-21 12:15:00+00:00,76875.6484375,76876.6796875,76621.6484375,76667.9296875,690593792
2026-08-21 12:30:00+00:00,76668.3984375,77423.4296875,76615.453125,77409.90625,711516160
2026-08-21 12:45:00+00:00,77377.4765625,77457.5,77079.0,77195.1484375,36036608
2026-08-21 13:00:00+00:00,77229.71875,77371.703125,77006.6875,77168.3984375,24731648
2026-08-21 13:15:00+00:00,77165.0625,77165.0625,76813.09375,77067.9609375,415195136
2026-08-21 13:30:00+00:00,76950.0078125,77283.390625,76225.8125,77283.390625,171319296
2026-08-21 13:45:00+00:00,77250.0,77671.5078125,77112.953125,77244.2265625,508919808
2026-08-21 14:00:00+00:00,77217.4921875,77217.75,76696.6796875,76759.09375,871956480
2026-08-21 14:15:00+00:00,76824.71875,77171.5078125,76526.828125,77043.3828125,600915968
2026-08-21 14:30:00+00:00,77068.5,77202.5625,76840.03125,77110.5,587882496
2026-08-21 14:45:00+00:00,77106.7109375,77432.6484375,77106.7109375,77374.78125,2006360064
2026-08-21 15:00:00+00:00,77403.0625,77769.5390625,77312.28125,77694.96875,275472384
2026-08-21 15:15:00+00:00,77720.9921875,77843.2734375,77513.171875,77603.328125,287006720
2026-08-21 15:30:00+00:00,77604.0625,77742.0703125,77461.96875,77480.1796875,0
2026-08-21 15:45:00+00:00,77490.71875,77526.8984375,77136.0234375,77178.828125,211394560
2026-08-21 16:00:00+00:00,77190.75,77281.0078125,76823.0078125,76823.0078125,1845739520
2026-08-21 16:15:00+00:00,76795.3671875,77347.359375,76795.3671875,77339.171875,684785664
2026-08-21 16:30:00+00:00,77359.6328125,77359.6328125,77209.8515625,77338.2890625,531668992
2026-08-21 16:45:00+00:00,77338.5625,77516.71875,77287.171875,77451.34375,166666240
2026-08-21 17:00:00+00:00,77472.65625,77695.6796875,77434.9921875,77534.296875,19046400
2026-08-21 17:15:00+00:00,77544.609375,77544.609375,77167.8203125,77541.53125,0
2026-08-21 17:30:00+00:00,77535.859375,77630.671875,77314.6171875,77359.578125,377069568
2026-08-21 17:45:00+00:00,77334.2890625,77493.546875,77294.3984375,77370.28125,223633408
2026-08-21 18:00:00+00:00,77380.25,77519.7578125,77252.59375,77297.7109375,0
2026-08-21 18:15:00+00:00,77290.0625,77475.9375,77233.6171875,77361.2734375,235143168
2026-08-21 18:30:00+00:00,77360.0703125,77423.59375,76837.84375,76902.5234375,168976384
2026-08-21 18:45:00+00:00,76900.4296875,77110.5234375,76623.4296875,77110.5234375,265158656
2026-08-21 19:00:00+00:00,77144.8984375,77158.0078125,76837.8125,77114.3515625,2238005248
2026-08-21 19:15:00+00:00,77117.078125,77309.75,76938.6328125,77303.34375,240230400
2026-08-21 19:30:00+00:00,77302.4296875,77338.90625,77069.140625,77155.3671875,314400768
2026-08-21 19:45:00+00:00,77136.1328125,77227.4921875,76990.859375,76995.203125,393666560
2026-08-21 20:00:00+00:00,77028.0,77280.5,76837.75,77251.21875,81108992
2026-08-21 20:15:00+00:00,77256.2421875,77513.0,77256.2421875,77479.328125,0
2026-08-21 20:30:00+00:00,77473.34375,77518.40625,77332.453125,77458.8671875,784384000
2026-08-21 20:45:00+00:00,77462.9921875,77518.2421875,77296.5,77497.96875,257966080
2026-08-21 21:00:00+00:00,77492.390625,77766.0,77363.09375,77664.8984375,0
2026-08-21 21:15:00+00:00,77664.90625,78188.3984375,77571.7265625,78061.1875,894091264
2026-08-21 21:30:00+00:00,78088.5078125,78486.71875,77972.5390625,78220.8125,630153216
2026-08-21 21:45:00+00:00,78262.703125,78664.171875,78215.59375,78495.390625,2507620352
2026-08-21 22:00:00+00:00,78503.3828125,78747.0625,78172.4921875,78718.7421875,180682752
2026-08-21 22:15:00+00:00,78714.9296875,78714.9296875,78340.5703125,78494.8203125,2409193472
2026-08-21 22:30:00+00:00,78501.0078125,78567.3203125,78106.6015625,78504.3203125,630390784
2026-08-21 22:45:00+00:00,78469.2109375,78583.9765625,78242.7578125,78432.7734375,512770048
2026-08-21 23:00:00+00:00,78459.7734375,78614.9921875,78325.5234375,78539.2109375,150413312
2026-08-21 23:15:00+00:00,78531.578125,78711.09375,78355.6015625,78400.2734375,396812288
2026-08-21 23:30:00+00:00,78398.6875,78504.15625,78144.0078125,78384.0078125,16998400
2026-08-21 23:45:00+00:00,78386.3984375,78394.03125,78122.8203125,78325.546875,250290176
2026-08-22 00:00:00+00:00,78325.5390625,78495.5,77745.3203125,77893.6171875,85819392
2026-08-22 00:15:00+00:00,77904.6484375,78096.078125,77849.8125,77910.0078125,480722944
2026-08-22 00:30:00+00:00,77910.0,78043.5,77743.2421875,77829.328125,1618640896
2026-08-22 00:45:00+00:00,77801.953125,77976.5,77695.40625,77934.0625,156106752
2026-08-22 01:00:00+00:00,77938.3671875,78179.3203125,77897.6484375,78101.3984375,115220480
2026-08-22 01:15:00+00:00,78100.5234375,78160.078125,77890.2421875,77998.53125,0
2026-08-22 01:30:00+00:00,78000.0,78220.59375,77896.109375,77912.71875,45514752
2026-08-22 01:45:00+00:00,77905.8671875,77998.296875,77805.34375,77821.046875,0
2026-08-22 02:00:00+00:00,77840.703125,78101.4296875,77783.4609375,78046.0703125,221642752
2026-08-22 02:15:00+00:00,78046.0625,78461.1171875,78027.328125,78374.3515625,0
2026-08-22 02:30:00+00:00,78367.4921875,78494.5,78143.859375,78492.0078125,111542272
2026-08-22 02:45:00+00:00,78506.890625,78543.8671875,78298.546875,78462.796875,0
2026-08-22 03:00:00+00:00,78481.8984375,78690.953125,78371.1328125,78388.5234375,328843264
2026-08-22 03:15:00+00:00,78382.578125,78782.3125,78351.6015625,78763.3125,18489344
2026-08-22 03:30:00+00:00,78756.640625,78814.4921875,78550.671875,78638.5078125,1794682880
2026-08-22 03:45:00+00:00,78625.0625,78681.609375,78394.046875,78402.6171875,49766400
2026-08-22 04:00:00+00:00,78402.6171875,78457.671875,78233.2109375,78378.7734375,3440640
2026-08-22 04:15:00+00:00,78384.21875,78581.21875,78195.40625,78581.2109375,1851445248
2026-08-22 04:30:00+00:00,78590.65625,78795.140625,78511.578125,78657.6171875,240287744
2026-08-22 04:45:00+00:00,78630.890625,78684.453125,78450.671875,78475.7109375,690905088
2026-08-22 05:00:00+00:00,78440.0,78562.9296875,76650.2734375,77319.0234375,169738240
2026-08-22 05:15:00+00:00,77323.0234375,77515.4296875,76722.34375,77289.6796875,5466898432
2026-08-22 05:30:00+00:00,77274.0234375,77535.34375,76930.9765625,77150.2734375,1258094592
2026-08-22 05:45:00+00:00,77174.828125,77481.0703125,77068.5,77351.1875,445710336
2026-08-22 06:00:00+00:00,77343.546875,77423.7578125,77144.1484375,77155.96875,65298432
2026-08-22 06:15:00+00:00,77164.0,77389.3203125,77164.0,77235.0234375,499884032
2026-08-22 06:30:00+00:00,77217.4921875,77560.6875,76992.3515625,77406.4609375,0
2026-08-22 06:45:00+00:00,77383.1171875,77529.1875,77381.75,77477.25,451428352
2026-08-22 07:00:00+00:00,77475.5703125,77645.3203125,77267.1484375,77362.6484375,184729600
2026-08-22 07:15:00+00:00,77385.5625,77475.890625,77208.1796875,77475.890625,0
2026-08-22 07:30:00+00:00,77484.640625,77496.34375,77286.25,77401.7890625,0
2026-08-22 07:45:00+00:00,77401.7890625,77435.21875,77258.59375,77286.2421875,0
2026-08-22 08:00:00+00:00,77293.890625,77420.9921875,77186.3203125,77413.046875,0
2026-08-22 08:15:00+00:00,77413.046875,77429.1328125,77102.8828125,77210.0,311377920
2026-08-22 08:30:00+00:00,77215.078125,77309.15625,77021.546875,77282.4296875,150487040
2026-08-22 08:45:00+00:00,77267.140625,77267.140625,77098.4921875,77195.4921875,0
2026-08-22 09:00:00+00:00,77195.4921875,77359.6171875,77050.0234375,77359.6171875,0
2026-08-22 09:15:00+00:00,77366.7421875,77366.7421875,77164.0,77197.0703125,112730112
2026-08-22 09:30:00+00:00,77203.328125,77242.640625,77138.890625,77188.859375,84934656
2026-08-22 09:45:00+00:00,77184.75,77184.75,76835.4921875,77049.3984375,0
2026-08-22 10:00:00+00:00,77049.390625,77064.671875,76681.9765625,76701.78125,0
2026-08-22 10:15:00+00:00,76700.2109375,76941.1875,76524.3515625,76918.4765625,1517441024
2026-08-22 10:30:00+00:00,76905.046875,77160.171875,76851.46875,77144.5625,161939456
2026-08-22 10:45:00+00:00,77154.9921875,77179.3125,76887.1328125,76964.8828125,122224640
2026-08-22 11:00:00+00:00,76961.5390625,77055.0,76809.96875,76881.328125,0
2026-08-22 11:15:00+00:00,76855.5390625,76982.1484375,76808.7578125,76974.8203125,0
2026-08-22 11:30:00+00:00,76969.1875,77179.2890625,76937.578125,77161.640625,0
2026-08-22 11:45:00+00:00,77159.1484375,77206.0234375,77050.5078125,77114.3515625,13025280
2026-08-22 12:00:00+00:00,77119.921875,77270.796875,77069.0078125,77239.03125,0
2026-08-22 12:15:00+00:00,77239.03125,77335.078125,77194.5703125,77321.90625,0
2026-08-22 12:30:00+00:00,77321.8984375,77347.328125,77193.4765625,77344.390625,123650048
2026-08-22 12:45:00+00:00,77335.90625,77373.046875,77251.8671875,77300.0078125,101060608
2026-08-22 13:00:00+00:00,77300.0078125,77307.6328125,77190.7421875,77217.578125,0
2026-08-22 13:15:00+00:00,77226.453125,77248.03125,77116.8671875,77162.3828125,1217531904
2026-08-22 13:30:00+00:00,77162.3828125,77193.90625,77101.390625,77158.4765625,0
2026-08-22 13:45:00+00:00,77148.71875,77359.6328125,77141.3671875,77277.296875,0
2026-08-22 14:00:00+00:00,77277.2890625,77315.703125,76992.6328125,77018.9921875,0
2026-08-22 14:15:00+00:00,77029.3125,77086.3671875,76950.078125,77081.359375,0
2026-08-22 14:30:00+00:00,77086.3671875,77148.8125,76940.2109375,76947.71875,0
2026-08-22 14:45:00+00:00,76983.78125,77072.21875,76927.1796875,76995.59375,0
2026-08-22 15:00:00+00:00,77007.3828125,77079.8203125,76934.796875,76940.546875,0
2026-08-22 15:15:00+00:00,76934.8125,77013.8828125,76884.0078125,76965.359375,0
2026-08-22 15:30:00+00:00,76971.8984375,77093.828125,76962.78125,77049.5078125,0
2026-08-22 15:45:00+00:00,77065.828125,77084.390625,76916.2734375,76970.5625,0
2026-08-22 16:00:00+00:00,76972.4765625,77062.59375,76944.0,77036.8515625,57249792
2026-08-22 16:15:00+00:00,77044.21875,77229.0703125,77040.890625,77183.90625,0
2026-08-22 16:30:00+00:00,77186.9375,77459.40625,77168.8671875,77380.0078125,0
2026-08-22 16:45:00+00:00,77380.0,77534.4921875,77282.4609375,77282.4609375,1271984128
2026-08-22 17:00:00+00:00,77272.078125,77327.0390625,77228.953125,77268.40625,0
2026-08-22 17:15:00+00:00,77270.7265625,77328.2578125,77072.328125,77081.53125,163422208
2026-08-22 17:30:00+00:00,77095.2421875,77212.796875,77095.2421875,77212.796875,0
2026-08-22 17:45:00+00:00,77212.7890625,77367.140625,77208.2421875,77270.5234375,57098240
2026-08-22 18:00:00+00:00,77270.53125,77357.5,77209.8515625,77240.390625,172703744
2026-08-22 18:15:00+00:00,77238.84375,77342.8984375,77238.84375,77295.28125,0
2026-08-22 18:30:00+00:00,77295.28125,77324.796875,77218.0078125,77218.0078125,106315776
2026-08-22 18:45:00+00:00,77216.7890625,77268.6875,77133.9609375,77261.921875,0
2026-08-22 19:00:00+00:00,77261.921875,77345.890625,77196.7265625,77328.0078125,0
2026-08-22 19:15:00+00:00,77328.0,77343.53125,77250.0,77284.5625,182546432
2026-08-22 19:30:00+00:00,77283.0078125,77424.75,77283.0,77422.8515625,0
2026-08-22 19:45:00+00:00,77427.9609375,77475.78125,77404.65625,77419.9375,0
2026-08-22 20:00:00+00:00,77421.578125,77459.640625,77363.578125,77411.4609375,0
2026-08-22 20:15:00+00:00,77419.9375,77427.578125,77298.5,77298.5,130891776
2026-08-22 20:30:00+00:00,77300.0234375,77400.84375,77260.0078125,77358.8125,25051136
2026-08-22 20:45:00+00:00,77358.8125,77379.5234375,77263.328125,77312.9765625,140877824
2026-08-22 21:00:00+00:00,77311.2265625,77312.2109375,77040.21875,77048.140625,88911872
2026-08-22 21:15:00+00:00,77060.3203125,77209.6015625,77060.3203125,77179.578125,139509760
2026-08-22 21:30:00+00:00,77179.5703125,77201.1796875,76913.0078125,77025.2734375,511365120
2026-08-22 21:45:00+00:00,77025.28125,77025.28125,76839.796875,76847.3671875,0
2026-08-22 22:00:00+00:00,76873.6796875,77144.5625,76770.53125,77097.5703125,57466880
2026-08-22 22:15:00+00:00,77087.78125,77146.4921875,77034.1171875,77045.578125,83423232
2026-08-22 22:30:00+00:00,77037.953125,77066.96875,76887.78125,77041.5,208818176
2026-08-22 22:45:00+00:00,77072.3671875,77133.8828125,76948.6875,76989.453125,28078080
2026-08-22 23:00:00+00:00,77005.953125,77075.0,76934.25,76962.40625,88109056
2026-08-22 23:15:00+00:00,76971.4921875,77016.703125,76925.4296875,76933.4765625,0
2026-08-22 23:30:00+00:00,76946.2578125,77024.9921875,76888.96875,77008.4609375,0
2026-08-22 23:45:00+00:00,77000.0078125,77121.96875,76989.96875,77054.4375,84672512
2026-08-23 00:00:00+00:00,77054.4609375,77131.0078125,77041.5234375,77079.4921875,0
2026-08-23 00:15:00+00:00,77061.0234375,77243.8828125,77037.9375,77213.078125,81301504
2026-08-23 00:30:00+00:00,77213.0703125,77343.5625,77209.7734375,77267.1484375,123158528
2026-08-23 00:45:00+00:00,77263.84375,77337.421875,77238.84375,77289.0,3805184
2026-08-23 01:00:00+00:00,77287.4375,77393.46875,77171.6484375,77390.9921875,0
2026-08-23 01:15:00+00:00,77397.3828125,77397.3828125,77237.5078125,77261.4609375,67928064
2026-08-23 01:30:00+00:00,77266.328125,77306.7265625,77167.828125,77238.640625,13135872
2026-08-23 01:45:00+00:00,77239.171875,77320.5078125,77152.5390625,77184.53125,12431360
2026-08-23 02:00:00+00:00,77184.5390625,77206.5,77043.1796875,77043.1796875,0
2026-08-23 02:15:00+00:00,77059.859375,77122.1484375,76992.1015625,77104.4921875,14221312
2026-08-23 02:30:00+00:00,77104.4765625,77202.9375,77098.5234375,77164.21875,1380352
2026-08-23 02:45:00+00:00,77169.25,77199.9921875,77053.25,77064.6875,0
2026-08-23 03:00:00+00:00,77072.7421875,77102.9921875,77000.0,77074.0234375,0
2026-08-23 03:15:00+00:00,77074.0234375,77133.4296875,76984.0234375,76984.0234375,33673216
2026-08-23 03:30:00+00:00,76976.828125,76978.5703125,76824.03125,76839.3125,20660224
2026-08-23 03:45:00+00:00,76847.25,76979.5625,76847.25,76914.7265625,0
2026-08-23 04:00:00+00:00,76914.7265625,77009.0625,76721.0703125,76992.84375,0
2026-08-23 04:15:00+00:00,77003.5625,77025.0,76789.6484375,76952.7109375,201224192
2026-08-23 04:30:00+00:00,76952.7109375,76966.6875,76801.109375,76811.9921875,129904640
2026-08-23 04:45:00+00:00,76812.0,76812.0,76495.4765625,76602.46875,131555328
2026-08-23 05:00:00+00:00,76564.2734375,76707.0390625,75865.203125,75865.203125,0
2026-08-23 05:15:00+00:00,75986.40625,76304.953125,75601.5703125,76216.6328125,0
2026-08-23 05:30:00+00:00,76209.0078125,76319.7890625,76090.59375,76155.6171875,0
2026-08-23 05:45:00+00:00,76176.0703125,76235.7421875,76022.1015625,76048.5703125,0
2026-08-23 06:00:00+00:00,76100.0,76132.1875,75899.578125,76071.7734375,0
2026-08-23 06:15:00+00:00,76062.0078125,76289.09375,76062.0078125,76219.5078125,181059584
2026-08-23 06:30:00+00:00,76219.5078125,76339.5078125,76166.9921875,76246.5078125,0
2026-08-23 06:45:00+00:00,76249.9765625,76266.4609375,76014.5390625,76089.0,0
2026-08-23 07:00:00+00:00,76090.8203125,76307.9921875,76025.6484375,76289.0703125,0
2026-08-23 07:15:00+00:00,76284.4609375,76335.0078125,76212.828125,76216.6484375,3559424
2026-08-23 07:30:00+00:00,76203.1015625,76222.8515625,76034.0625,76049.8828125,0
2026-08-23 07:45:00+00:00,76049.8828125,76132.6015625,75899.2734375,75986.9921875,105992192
2026-08-23 08:00:00+00:00,75987.7890625,76271.5390625,75933.96875,76190.9921875,10706944
2026-08-23 08:15:00+00:00,76191.0078125,76280.953125,76182.96875,76219.4921875,306386944
2026-08-23 08:30:00+00:00,76231.453125,76583.3671875,76231.453125,76506.4921875,0
2026-08-23 08:45:00+00:00,76506.4921875,76605.8828125,76434.390625,76464.9375,106799104
2026-08-23 09:00:00+00:00,76468.46875,76629.203125,76449.671875,76568.140625,19314688
2026-08-23 09:15:00+00:00,76569.671875,76594.8203125,76461.1328125,76537.53125,0
2026-08-23 09:30:00+00:00,76541.8515625,76559.59375,76461.2265625,76559.59375,0
2026-08-23 09:45:00+00:00,76559.59375,76625.3828125,76499.3515625,76540.0078125,39159808
2026-08-23 10:00:00+00:00,76533.7109375,76724.6015625,76533.7109375,76642.3515625,0
2026-08-23 10:15:00+00:00,76669.03125,76869.203125,76630.5625,76738.703125,0
2026-08-23 10:30:00+00:00,76750.890625,76896.609375,76724.7109375,76841.453125,192847872
2026-08-23 10:45:00+00:00,76841.453125,76862.21875,76762.8984375,76776.9296875,0
2026-08-23 11:00:00+00:00,76776.9375,76869.671875,76729.578125,76862.21875,0
2026-08-23 11:15:00+00:00,76873.8515625,77301.5234375,76805.7734375,77145.953125,54009856
2026-08-23 11:30:00+00:00,77133.453125,77368.203125,77113.4921875,77257.1015625,171796480
2026-08-23 11:45:00+00:00,77262.84375,77369.140625,77169.0078125,77288.15625,167747584
2026-08-23 12:00:00+00:00,77288.15625,77288.15625,76999.75,77068.40625,70262784
2026-08-23 12:15:00+00:00,77062.53125,77118.15625,77002.53125,77030.296875,206983168
2026-08-23 12:30:00+00:00,77031.0,77241.75,77031.0,77228.9375,11788288
2026-08-23 12:45:00+00:00,77228.953125,77250.0,77144.9296875,77201.59375,96083968
2026-08-23 13:00:00+00:00,77201.59375,77320.0,77184.8828125,77318.359375,18051072
2026-08-23 13:15:00+00:00,77318.359375,77715.546875,77312.9921875,77425.6328125,467324928
2026-08-23 13:30:00+00:00,77368.3515625,77595.65625,77346.2890625,77510.2890625,412655616
2026-08-23 13:45:00+00:00,77500.171875,77557.4609375,77365.59375,77477.2421875,65062912
2026-08-23 14:00:00+00:00,77481.78125,77598.28125,77320.6328125,77541.8828125,145389568
2026-08-23 14:15:00+00:00,77541.8828125,77630.578125,77392.6875,77439.2421875,199426048
2026-08-23 14:30:00+00:00,77417.78125,77478.9921875,76829.4296875,77004.2890625,63645696
2026-08-23 14:45:00+00:00,77044.2421875,77308.2578125,77017.3828125,77180.453125,853143552
2026-08-23 15:00:00+00:00,77212.0078125,77320.0625,77071.7109375,77144.90625,196411392
2026-08-23 15:15:00+00:00,77144.90625,77225.1171875,76917.921875,77185.390625,57454592
2026-08-23 15:30:00+00:00,77199.203125,77289.1171875,77118.171875,77255.640625,53192704
2026-08-23 15:45:00+00:00,77250.0,77250.0,77116.890625,77133.453125,102119424
2026-08-23 16:00:00+00:00,77133.453125,77274.7578125,77133.453125,77259.4765625,59328512
2026-08-23 16:15:00+00:00,77259.4921875,77316.7890625,77194.5625,77306.3203125,0
2026-08-23 16:30:00+00:00,77306.3203125,77425.2890625,77291.4609375,77362.6484375,65857536
2026-08-23 16:45:00+00:00,77347.3671875,77454.0,77339.7265625,77405.671875,28295168
2026-08-23 17:00:00+00:00,77405.671875,77433.1171875,77149.1328125,77270.96875,45504512
2026-08-23 17:15:00+00:00,77282.421875,77367.7578125,77183.109375,77243.3515625,182181888
2026-08-23 17:30:00+00:00,77243.3515625,77290.0703125,77144.90625,77229.0078125,60268544
2026-08-23 17:45:00+00:00,77233.1328125,77309.1484375,77175.46875,77175.46875,75558912
2026-08-23 18:00:00+00:00,77179.28125,77396.921875,77104.453125,77337.25,122941440
2026-08-23 18:15:00+00:00,77327.7578125,77396.6171875,77253.421875,77343.546875,302665728
2026-08-23 18:30:00+00:00,77340.1796875,77355.25,77288.390625,77333.609375,20584448
2026-08-23 18:45:00+00:00,77333.609375,77335.8984375,77258.5703125,77325.0,92465152
2026-08-23 19:00:00+00:00,77347.359375,77406.7265625,77237.6328125,77316.0078125,169039872
2026-08-23 19:15:00+00:00,77316.0234375,77389.71875,77279.7421875,77343.5390625,97253376
2026-08-23 19:30:00+00:00,77343.5390625,77430.0,77240.40625,77429.0625,8529920
2026-08-23 19:45:00+00:00,77416.9296875,77455.078125,77314.03125,77328.2734375,137005056
2026-08-23 20:00:00+00:00,77320.6328125,77324.2734375,77186.84375,77266.1796875,6436864
2026-08-23 20:15:00+00:00,77255.6875,77400.15625,77255.6875,77360.6328125,38727680
2026-08-23 20:30:00+00:00,77364.890625,77431.3984375,77360.75,77412.3203125,322039808
2026-08-23 20:45:00+00:00,77405.34375,77428.03125,77379.171875,77393.1875,487424
2026-08-23 21:00:00+00:00,77400.0,77693.390625,77400.0,77691.828125,0
2026-08-23 21:15:00+00:00,77689.5,78021.9921875,77689.5,78015.609375,363907072
2026-08-23 21:30:00+00:00,78014.046875,78025.8984375,77574.703125,77622.3984375,276766720
2026-08-23 21:45:00+00:00,77628.3828125,77857.4765625,77628.3828125,77832.5,438743040
2026-08-23 22:00:00+00:00,77866.8828125,77966.2421875,77572.71875,77695.4375,312883200
2026-08-23 22:15:00+00:00,77683.53125,77805.7578125,77641.5078125,77668.2421875,889155584
2026-08-23 22:30:00+00:00,77654.0078125,77729.3515625,77595.671875,77642.5625,280543232
2026-08-23 22:45:00+00:00,77641.203125,77704.578125,77560.0234375,77600.671875,17725440
2026-08-23 23:00:00+00:00,77612.5234375,77616.4765625,77329.2578125,77465.78125,36136960
2026-08-23 23:15:00+00:00,77469.0390625,77668.2421875,77447.0625,77668.2421875,345442304
2026-08-23 23:30:00+00:00,77690.2109375,77819.03125,77396.5,77478.1015625,161261568
2026-08-23 23:45:00+00:00,77484.8671875,77782.5703125,77479.96875,77725.5390625,290295808
2026-08-24 00:00:00+00:00,77733.703125,77740.3203125,77515.4375,77601.8515625,248494080
2026-08-24 00:15:00+00:00,77622.40625,77636.8515625,77258.890625,77423.7734375,119691264
2026-08-24 00:30:00+00:00,77431.3984375,77572.7421875,77225.1328125,77225.7421875,226701312
2026-08-24 00:45:00+00:00,77248.03125,77672.046875,77175.7265625,77672.046875,9578496
2026-08-24 01:00:00+00:00,77684.5234375,77700.2421875,77427.609375,77427.609375,169033728
2026-08-24 01:15:00+00:00,77423.7734375,77462.5625,77221.3125,77228.953125,1004783616
2026-08-24 01:30:00+00:00,77228.953125,77365.109375,77163.640625,77210.96875,54259712
2026-08-24 01:45:00+00:00,77209.8515625,77258.7578125,76907.8515625,76907.8515625,430131200
2026-08-24 02:00:00+00:00,76913.0625,77397.0234375,76867.84375,77356.5703125,304429056
2026-08-24 02:15:00+00:00,77362.640625,77504.1171875,77362.640625,77442.4765625,137943040
2026-08-24 02:30:00+00:00,77442.4765625,77542.1796875,77393.2265625,77439.0390625,215490560
2026-08-24 02:45:00+00:00,77439.046875,77512.9375,77232.7578125,77466.328125,865150976
2026-08-24 03:00:00+00:00,77474.15625,77519.2578125,77200.0,77200.0,270151680
2026-08-24 03:15:00+00:00,77200.0,77254.7109375,77116.40625,77116.40625,336447488
2026-08-24 03:30:00+00:00,77114.3515625,77156.2734375,76960.5390625,76976.8203125,440956928
2026-08-24 03:45:00+00:00,76970.296875,77146.203125,76919.53125,76933.4609375,198356992
2026-08-24 04:00:00+00:00,76969.8671875,77089.0390625,76969.8671875,77019.546875,126904320
2026-08-24 04:15:00+00:00,77021.109375,77250.09375,77021.109375,77221.578125,0
2026-08-24 04:30:00+00:00,77221.578125,77231.0625,77056.8125,77094.75,221546496
2026-08-24 04:45:00+00:00,77108.7734375,77133.1875,76678.859375,76893.2265625,0
2026-08-24 05:00:00+00:00,76877.5,77213.65625,76835.4921875,77213.53125,0
2026-08-24 05:15:00+00:00,77202.3984375,77202.3984375,76950.859375,77066.34375,1303558144
2026-08-24 05:30:00+00:00,77060.8671875,77184.921875,76854.546875,77100.0703125,36974592
2026-08-24 05:45:00+00:00,77092.7265625,77188.03125,76993.9609375,77159.59375,52934656
2026-08-24 06:00:00+00:00,77152.53125,77423.7578125,77064.6875,77404.65625,28522496
2026-08-24 06:15:00+00:00,77389.390625,77461.9609375,77293.90625,77359.84375,46733312
2026-08-24 06:30:00+00:00,77341.7734375,77381.578125,77217.4921875,77350.0625,242860032
2026-08-24 06:45:00+00:00,77339.8984375,77520.09375,77333.40625,77459.1328125,125429760
2026-08-24 07:00:00+00:00,77459.7265625,77782.53125,77450.5078125,77740.828125,0
2026-08-24 07:15:00+00:00,77740.078125,77740.078125,77533.0625,77575.0625,206737408
2026-08-24 07:30:00+00:00,77583.40625,77589.2578125,77331.2734375,77338.1796875,190562304
2026-08-24 07:45:00+00:00,77329.359375,77422.0,77276.4375,77297.8671875,40032256
2026-08-24 08:00:00+00:00,77316.1171875,77397.96875,77209.859375,77239.9921875,122867712
2026-08-24 08:15:00+00:00,77239.9921875,77239.9921875,76819.7109375,76905.9765625,0
2026-08-24 08:30:00+00:00,76883.53125,77108.8515625,76883.53125,77108.8515625,525987840
2026-08-24 08:45:00+00:00,77121.96875,77135.3125,76994.7890625,77032.90625,56594432
2026-08-24 09:00:00+00:00,77025.0703125,77285.5234375,77007.8984375,77271.3671875,150188032
2026-08-24 09:15:00+00:00,77271.3671875,77417.5390625,77201.46875,77411.7421875,231043072
2026-08-24 09:30:00+00:00,77417.546875,77496.9296875,77388.078125,77457.2421875,165220352
2026-08-24 09:45:00+00:00,77457.2421875,77590.921875,77430.796875,77540.8828125,108306432
2026-08-24 10:00:00+00:00,77540.7265625,77837.9921875,77523.5625,77837.9921875,246401024
2026-08-24 10:15:00+00:00,77820.28125,77923.7421875,77753.3828125,77842.5390625,317126656
2026-08-24 10:30:00+00:00,77832.1015625,78004.0703125,77696.4921875,77713.3203125,298002432
2026-08-24 10:45:00+00:00,77713.3203125,77818.859375,77526.1796875,77608.859375,223240192
2026-08-24 11:00:00+00:00,77614.2421875,77843.6171875,77449.96875,77809.328125,160411648
2026-08-24 11:15:00+00:00,77783.171875,77870.546875,77707.8125,77829.8671875,282566656
2026-08-24 11:30:00+00:00,77821.4921875,78550.0390625,77814.46875,78544.7578125,144005120
2026-08-24 11:45:00+00:00,78577.890625,78589.0,78083.7109375,78434.0234375,1457911808
2026-08-24 12:00:00+00:00,78400.7109375,78400.7109375,78094.046875,78141.953125,398589952
2026-08-24 12:15:00+00:00,78125.8984375,78482.8828125,77967.6328125,78430.8203125,208027648
2026-08-24 12:30:00+00:00,78416.25,78863.21875,78401.546875,78719.1328125,1671880704
2026-08-24 12:45:00+00:00,78744.6796875,79279.3828125,78725.6484375,79137.0390625,1505165312
2026-08-24 13:00:00+00:00,79136.359375,79345.2109375,78952.59375,79201.640625,961343488
2026-08-24 13:15:00+00:00,79220.6796875,79220.6796875,78876.2734375,78995.3515625,509739008
2026-08-24 13:30:00+00:00,79000.2421875,79011.390625,78159.8515625,78262.53125,1546498048
2026-08-24 13:45:00+00:00,78218.3125,78592.359375,77873.2578125,78562.3984375,1653293056
2026-08-24 14:00:00+00:00,78578.6875,79220.6796875,78578.6875,79173.09375,580132864
2026-08-24 14:15:00+00:00,79199.9765625,79593.6015625,78891.1328125,79361.1171875,972607488
2026-08-24 14:30:00+00:00,79353.9609375,79798.1171875,79328.59375,79643.8515625,1388441600
2026-08-24 14:45:00+00:00,79661.140625,79738.203125,79270.2890625,79484.3203125,323182592
2026-08-24 15:00:00+00:00,79486.1015625,79698.1328125,79369.28125,79544.3515625,1303851008
2026-08-24 15:15:00+00:00,79520.5625,79967.4296875,79520.5625,79888.25,312410112
2026-08-24 15:30:00+00:00,79823.328125,79987.03125,79040.640625,79258.390625,1440870400
2026-08-24 15:45:00+00:00,79264.890625,79539.2109375,78809.28125,79079.5,1472237568
2026-08-24 16:00:00+00:00,79091.3828125,79511.28125,79091.3828125,79485.046875,1525719040
2026-08-24 16:15:00+00:00,79475.0078125,79838.546875,79475.0078125,79658.609375,466956288
2026-08-24 16:30:00+00:00,79672.8828125,79771.140625,79361.2265625,79361.2265625,1710100480
2026-08-24 16:45:00+00:00,79367.203125,79386.8984375,78894.75,79041.0390625,329400320
2026-08-24 17:00:00+00:00,79040.2421875,79182.640625,78597.921875,79096.921875,1035055104
2026-08-24 17:15:00+00:00,79075.859375,79167.8671875,78469.078125,78515.3984375,866185216
2026-08-24 17:30:00+00:00,78592.359375,78847.5078125,78477.3203125,78647.9921875,892096512
2026-08-24 17:45:00+00:00,78611.578125,78811.59375,78552.046875,78744.9375,330764288
2026-08-24 18:00:00+00:00,78763.71875,79018.453125,78737.703125,78985.7421875,525377536
2026-08-24 18:15:00+00:00,79005.203125,79073.109375,78925.5703125,79016.0,57131008
2026-08-24 18:30:00+00:00,79030.7421875,79091.3828125,78722.4375,78970.0,495288320
2026-08-24 18:45:00+00:00,78976.4375,79084.046875,78854.171875,78926.4921875,248328192
2026-08-24 19:00:00+00:00,78935.078125,79114.953125,78783.4609375,79018.8125,1654538240
2026-08-24 19:15:00+00:00,79013.171875,79031.2265625,78682.390625,78870.6328125,199667712
2026-08-24 19:30:00+00:00,78856.1328125,78961.0625,78744.6875,78875.9609375,586883072
2026-08-24 19:45:00+00:00,78881.75,78881.75,78588.359375,78744.359375,429563904
2026-08-24 20:00:00+00:00,78787.5234375,78818.890625,78550.1328125,78685.828125,303779840
2026-08-24 20:15:00+00:00,78673.2890625,78787.6328125,78606.6796875,78692.5703125,288325632
2026-08-24 20:30:00+00:00,78690.90625,78984.6328125,78633.7890625,78908.7578125,4222976
2026-08-24 20:45:00+00:00,78874.5390625,78935.109375,78811.328125,78913.78125,1575837696
2026-08-24 21:00:00+00:00,78929.2578125,79036.8515625,78929.2578125,79023.3203125,0
2026-08-24 21:15:00+00:00,79018.90625,79034.40625,78843.453125,78916.0390625,17641472
2026-08-24 21:30:00+00:00,78920.796875,79015.0078125,78903.359375,78972.78125,92651520
2026-08-24 21:45:00+00:00,78972.78125,79036.28125,78908.2734375,78970.3125,131911680
2026-08-24 22:00:00+00:00,78970.3125,78977.9765625,78816.1015625,78867.2734375,397189120
2026-08-24 22:15:00+00:00,78862.5078125,78924.6171875,78740.328125,78767.15625,0
2026-08-24 22:30:00+00:00,78767.171875,78909.8203125,78720.890625,78754.203125,0
2026-08-24 22:45:00+00:00,78744.6875,78833.421875,78696.1015625,78734.6171875,3706880
2026-08-24 23:00:00+00:00,78734.6171875,78820.96875,78635.2109375,78730.3984375,95002624
2026-08-24 23:15:00+00:00,78740.7109375,78973.15625,78730.5234375,78887.4921875,221605888
2026-08-24 23:30:00+00:00,78887.0,78977.3828125,78855.3828125,78954.046875,93077504
2026-08-24 23:45:00+00:00,78963.640625,79009.2109375,78820.859375,78987.4296875,30892032
2026-08-25 00:00:00+00:00,78969.171875,79055.2890625,78889.046875,78951.65625,254058496
2026-08-25 00:15:00+00:00,78935.09375,78935.09375,78711.4921875,78796.046875,235003904
2026-08-25 00:30:00+00:00,78788.6796875,79352.3125,78731.53125,79352.3125,49324032
2026-08-25 00:45:00+00:00,79369.5078125,79880.2890625,79331.0390625,79743.828125,485015552
2026-08-25 01:00:00+00:00,79741.6875,79969.03125,79601.4921875,79636.8203125,591327232
2026-08-25 01:15:00+00:00,79644.2890625,79948.90625,79481.8203125,79820.4296875,296976384
2026-08-25 01:30:00+00:00,79815.7578125,79908.6875,79663.3671875,79693.5703125,271081472
2026-08-25 01:45:00+00:00,79706.171875,79840.546875,79504.71875,79821.8984375,43499520
2026-08-25 02:00:00+00:00,79821.890625,79924.3828125,79730.0078125,79851.796875,18042880
2026-08-25 02:15:00+00:00,79851.796875,81044.6484375,79806.3125,81010.453125,1688883200
2026-08-25 02:30:00+00:00,80985.609375,81245.53125,80760.0,80834.328125,1092284416
2026-08-25 02:45:00+00:00,80782.59375,80820.5078125,80420.2109375,80634.3984375,944615424
2026-08-25 03:00:00+00:00,80643.921875,80938.0625,80573.4765625,80781.953125,315248640
2026-08-25 03:15:00+00:00,80773.8671875,80798.59375,80525.59375,80634.390625,551960576
2026-08-25 03:30:00+00:00,80601.078125,80859.140625,80529.828125,80577.1875,0
2026-08-25 03:45:00+00:00,80572.9609375,80663.6171875,80303.2109375,80468.96875,299204608
2026-08-25 04:00:00+00:00,80458.25,80591.5625,80267.2265625,80479.3828125,52453376
2026-08-25 04:15:00+00:00,80479.3828125,80485.390625,80214.7734375,80231.6484375,302612480
2026-08-25 04:30:00+00:00,80231.28125,80367.1171875,80126.03125,80217.4609375,633270272
2026-08-25 04:45:00+00:00,80215.390625,80348.7890625,80193.7421875,80348.0703125,174919680
2026-08-25 05:00:00+00:00,80382.7265625,80559.6015625,80303.2109375,80524.9296875,53395456
2026-08-25 05:15:00+00:00,80529.6796875,80709.9296875,80453.5390625,80605.6796875,159952896
2026-08-25 05:30:00+00:00,80620.1171875,80796.2421875,80567.7734375,80688.296875,428380160
2026-08-25 05:45:00+00:00,80688.296875,80786.71875,80627.859375,80702.0,74559488
2026-08-25 06:00:00+00:00,80688.46875,80839.078125,80639.171875,80839.078125,139550720
2026-08-25 06:15:00+00:00,80813.5390625,80874.5625,80715.328125,80725.1015625,44916736
2026-08-25 06:30:00+00:00,80715.328125,80724.828125,80477.328125,80499.5078125,208842752
2026-08-25 06:45:00+00:00,80505.8828125,80533.7734375,80374.3828125,80533.7734375,103739392
2026-08-25 07:00:00+00:00,80533.7734375,80772.4375,80505.890625,80688.3984375,124788736
2026-08-25 07:15:00+00:00,80678.140625,80712.65625,80570.96875,80639.171875,153120768
2026-08-25 07:30:00+00:00,80634.40625,80667.671875,80439.8515625,80467.15625,169734144
2026-08-25 07:45:00+00:00,80480.3203125,80480.3203125,79362.3125,79674.2109375,737136640
2026-08-25 08:00:00+00:00,79704.6328125,79950.75,79580.59375,79902.3203125,621400064
2026-08-25 08:15:00+00:00,79902.3203125,80226.4765625,79902.3203125,80168.0234375,0
2026-08-25 08:30:00+00:00,80173.890625,80208.0234375,79891.3828125,80086.390625,90025984
2026-08-25 08:45:00+00:00,80101.28125,80101.28125,79816.5703125,79905.8125,19746816
2026-08-25 09:00:00+00:00,79919.3125,79930.7265625,79691.8515625,79820.4375,379723776
2026-08-25 09:15:00+00:00,79823.2421875,79929.921875,79751.953125,79798.421875,103940096
2026-08-25 09:30:00+00:00,79829.953125,79927.8828125,79720.4921875,79720.4921875,338284544
2026-08-25 09:45:00+00:00,79724.921875,79758.546875,78885.21875,79177.828125,446521344
2026-08-25 10:00:00+00:00,79176.859375,79318.25,78982.6796875,79300.4296875,487337984
2026-08-25 10:15:00+00:00,79311.109375,79402.3671875,79245.9296875,79273.7421875,422481920
2026-08-25 10:30:00+00:00,79266.2734375,79314.828125,79231.8203125,79310.796875,0
2026-08-25 10:45:00+00:00,79310.796875,79466.34375,79280.6796875,79293.1796875,0
2026-08-25 11:00:00+00:00,79294.8828125,79390.0703125,79073.296875,79075.6328125,224399360
2026-08-25 11:15:00+00:00,79085.1484375,79287.78125,79065.359375,79245.0234375,21094400
2026-08-25 11:30:00+00:00,79281.96875,79434.6328125,79159.3984375,79159.3984375,1105920
2026-08-25 11:45:00+00:00,79144.5625,79182.4765625,79036.7734375,79118.9921875,150384640
2026-08-25 12:00:00+00:00,79114.109375,79167.953125,78671.5703125,79073.71875,96411648
2026-08-25 12:15:00+00:00,79071.171875,79074.34375,78632.7734375,78872.7578125,289918976
2026-08-25 12:30:00+00:00,78859.4921875,78992.4921875,78779.5234375,78906.9609375,249618432
2026-08-25 12:45:00+00:00,78906.4609375,79081.1875,78876.390625,78966.9609375,0
2026-08-25 13:00:00+00:00,78971.2890625,79081.6328125,78726.609375,78800.921875,0
2026-08-25 13:15:00+00:00,78804.3125,78809.5,78592.7734375,78621.8515625,0
2026-08-25 13:30:00+00:00,78617.7890625,79200.0078125,78600.671875,78644.640625,0
2026-08-25 13:45:00+00:00,78641.5234375,78653.46875,78114.640625,78627.359375,412082176
2026-08-25 14:00:00+00:00,78626.859375,79041.0390625,78541.390625,78983.0625,0
2026-08-25 14:15:00+00:00,78969.953125,79294.4765625,78905.328125,79200.0078125,52039680
2026-08-25 14:30:00+00:00,79200.0,79368.84375,79056.046875,79151.1171875,1268834304
2026-08-25 14:45:00+00:00,79165.9609375,79376.09375,79159.9609375,79225.0078125,27750400
2026-08-25 15:00:00+00:00,79232.7265625,79343.8671875,79049.53125,79112.890625,33427456
2026-08-25 15:15:00+00:00,79110.9609375,79278.0234375,79031.1328125,79246.890625,31166464
2026-08-25 15:30:00+00:00,79250.1796875,79481.40625,79181.3671875,79409.9765625,0
2026-08-25 15:45:00+00:00,79411.1484375,79537.4609375,79263.4609375,79506.2265625,0
2026-08-25 16:00:00+00:00,79495.0625,79574.9921875,79149.71875,79164.53125,0
2026-08-25 16:15:00+00:00,79163.2109375,79278.71875,79065.3828125,79149.1796875,0
2026-08-25 16:30:00+00:00,79137.96875,79350.0,79137.96875,79227.109375,0
2026-08-25 16:45:00+00:00,79230.2578125,79364.9765625,79092.34375,79153.296875,70565888
2026-08-25 17:00:00+00:00,79144.5703125,79150.03125,78878.1796875,78965.6796875,0
2026-08-25 17:15:00+00:00,78971.2421875,79025.7578125,78779.7578125,78806.328125,53833728
2026-08-25 17:30:00+00:00,78827.75,79179.1015625,78827.75,79147.0234375,0
2026-08-25 17:45:00+00:00,79141.7734375,79261.9375,79141.7734375,79234.1015625,0
2026-08-25 18:00:00+00:00,79235.7578125,79343.203125,79213.7890625,79318.40625,0
2026-08-25 18:15:00+00:00,79318.5,79336.453125,79233.28125,79264.7734375,310980608
2026-08-25 18:30:00+00:00,79256.8125,79256.8125,79101.0078125,79161.15625,0
2026-08-25 18:45:00+00:00,79167.921875,79237.109375,79045.53125,79135.6796875,187719680
2026-08-25 19:00:00+00:00,79120.8125,79190.0,79013.15625,79157.140625,56950784
2026-08-25 19:15:00+00:00,79157.140625,79233.9375,78913.046875,78930.8984375,89948160
2026-08-25 19:30:00+00:00,78920.8125,78945.6015625,78736.4375,78756.640625,212996096
2026-08-25 19:45:00+00:00,78769.90625,78952.921875,78744.6015625,78923.8125,0
2026-08-25 20:00:00+00:00,78964.0,78981.0703125,78687.96875,78887.0,72003584
2026-08-25 20:15:00+00:00,78880.6328125,78965.2734375,78759.2265625,78772.3203125,267554816
2026-08-25 20:30:00+00:00,78772.328125,78789.3671875,78406.078125,78463.4296875,150020096
2026-08-25 20:45:00+00:00,78484.4375,78526.2109375,78171.1015625,78184.046875,278544384
2026-08-25 21:00:00+00:00,78165.2890625,78292.2265625,77871.7421875,78280.4765625,779456512
2026-08-25 21:15:00+00:00,78265.453125,78478.0625,78200.0078125,78447.7109375,444538880
2026-08-25 21:30:00+00:00,78447.609375,78642.21875,78370.0078125,78577.8984375,122187776
2026-08-25 21:45:00+00:00,78569.2734375,78660.53125,78520.8515625,78550.578125,212643840
2026-08-25 22:00:00+00:00,78552.2109375,78935.84375,78552.2109375,78914.890625,118272000
2026-08-25 22:15:00+00:00,78914.890625,78989.9921875,78590.15625,78632.5390625,137728000
2026-08-25 22:30:00+00:00,78627.1484375,78851.5078125,78583.5234375,78777.9921875,235757568
2026-08-25 22:45:00+00:00,78764.40625,78933.6171875,78764.40625,78876.8671875,32444416
2026-08-25 23:00:00+00:00,78876.8671875,78963.3984375,78788.1484375,78940.0,170995712
2026-08-25 23:15:00+00:00,78938.640625,78954.4375,78618.859375,78723.03125,202022912
2026-08-25 23:30:00+00:00,78721.8125,78795.2734375,78511.0078125,78585.2109375,15765504
2026-08-25 23:45:00+00:00,78566.40625,78597.578125,78388.96875,78526.796875,222019584
2026-08-26 00:00:00+00:00,78574.0390625,78613.6015625,78310.8515625,78351.921875,106823680
2026-08-26 00:15:00+00:00,78351.921875,78605.9921875,78328.796875,78587.4765625,0
2026-08-26 00:30:00+00:00,78587.4765625,78649.9765625,78357.0078125,78380.8515625,92172288
2026-08-26 00:45:00+00:00,78373.40625,78707.6796875,78365.96875,78632.359375,1063415808
2026-08-26 01:00:00+00:00,78613.71875,78898.21875,78613.71875,78741.2265625,53739520
2026-08-26 01:15:00+00:00,78738.1484375,78867.921875,78690.203125,78709.546875,69070848
2026-08-26 01:30:00+00:00,78708.859375,78954.4765625,78708.859375,78863.9375,173350912
2026-08-26 01:45:00+00:00,78863.578125,78863.578125,78755.890625,78809.6328125,0
2026-08-26 02:00:00+00:00,78835.671875,78872.7265625,78743.3515625,78776.7109375,0
2026-08-26 02:15:00+00:00,78776.7109375,79239.09375,78770.46875,79227.953125,0
2026-08-26 02:30:00+00:00,79221.6875,79234.609375,79114.9921875,79138.109375,0
2026-08-26 02:45:00+00:00,79138.109375,79168.3125,79047.109375,79098.25,0
2026-08-26 03:00:00+00:00,79092.4765625,79176.2421875,79033.75,79057.2421875,0
2026-08-26 03:15:00+00:00,79034.296875,79104.9609375,78979.8515625,79033.1484375,0
2026-08-26 03:30:00+00:00,79033.1484375,79104.9609375,78891.1328125,79041.6171875,0
2026-08-26 03:45:00+00:00,79041.6171875,79096.9921875,78933.2265625,79075.5234375,0
2026-08-26 04:00:00+00:00,79066.40625,79188.2421875,78954.3125,79033.96875,0
2026-08-26 04:15:00+00:00,79038.796875,79128.71875,78970.328125,79004.046875,69160960
2026-08-26 04:30:00+00:00,79025.0703125,79053.4296875,78886.6328125,78961.140625,25952256
2026-08-26 04:45:00+00:00,78956.96875,78956.96875,78784.75,78823.8515625,0
2026-08-26 05:00:00+00:00,78823.8515625,78938.6328125,78633.1015625,78887.1796875,108691456
2026-08-26 05:15:00+00:00,78887.1796875,79056.578125,78740.640625,79007.5,0
2026-08-26 05:30:00+00:00,79012.2890625,79124.3984375,78977.3125,79104.9609375,1049194496
2026-08-26 05:45:00+00:00,79097.671875,79097.671875,78938.9375,79080.25,38137856
2026-08-26 06:00:00+00:00,79079.25,79194.90625,78962.40625,78999.2734375,0
2026-08-26 06:15:00+00:00,78986.53125,79049.5234375,78812.359375,78889.296875,0
2026-08-26 06:30:00+00:00,78878.6015625,78950.453125,78806.9296875,78929.4296875,5541888
2026-08-26 06:45:00+00:00,78929.4375,78955.5625,78855.2265625,78934.0234375,162406400
2026-08-26 07:00:00+00:00,78931.453125,79085.796875,78855.1015625,78975.6171875,0
2026-08-26 07:15:00+00:00,78983.03125,79017.75,78895.15625,78939.8203125,0
2026-08-26 07:30:00+00:00,78931.5078125,79034.3203125,78880.609375,78986.25,154103808
2026-08-26 07:45:00+00:00,78986.25,79045.59375,78907.8828125,78915.9765625,0
2026-08-26 08:00:00+00:00,78915.9765625,79110.7734375,78815.6171875,79029.28125,0
2026-08-26 08:15:00+00:00,79029.28125,79093.8828125,78901.2265625,78975.1171875,52080640
2026-08-26 08:30:00+00:00,78975.1171875,79015.5625,78889.046875,79006.046875,77537280
2026-08-26 08:45:00+00:00,78994.078125,79007.0234375,78603.6328125,78690.9765625,137646080
2026-08-26 09:00:00+00:00,78695.7265625,78875.7265625,78672.4921875,78760.953125,138010624
2026-08-26 09:15:00+00:00,78754.5390625,78760.0078125,78379.03125,78518.03125,0
2026-08-26 09:30:00+00:00,78518.03125,78578.6328125,78321.5703125,78321.5703125,300650496
2026-08-26 09:45:00+00:00,78333.171875,78481.5625,78239.1015625,78434.75,0
2026-08-26 10:00:00+00:00,78423.2109375,78460.5,78288.40625,78417.2109375,22126592
2026-08-26 10:15:00+00:00,78417.203125,78624.8984375,78410.8125,78605.578125,134078464
2026-08-26 10:30:00+00:00,78614.421875,78783.53125,78561.21875,78709.078125,57268224
2026-08-26 10:45:00+00:00,78707.890625,78862.3203125,78687.7421875,78707.890625,111677440
2026-08-26 11:00:00+00:00,78710.140625,78770.21875,78640.6875,78697.578125,0
2026-08-26 11:15:00+00:00,78702.5078125,78728.7109375,78603.359375,78608.390625,57958400
2026-08-26 11:30:00+00:00,78604.6484375,78611.609375,78303.3671875,78457.859375,131538944
2026-08-26 11:45:00+00:00,78460.2890625,78562.5390625,78364.2734375,78467.421875,761726976
2026-08-26 12:00:00+00:00,78488.34375,78552.21875,78349.71875,78379.1015625,17457152
2026-08-26 12:15:00+00:00,78376.53125,78693.171875,78269.6875,78683.0703125,51345408
2026-08-26 12:30:00+00:00,78675.6484375,78675.6484375,78135.4765625,78253.96875,902901760
2026-08-26 12:45:00+00:00,78295.609375,78421.3828125,78199.671875,78300.1484375,163526656
2026-08-26 13:00:00+00:00,78298.2734375,78432.1328125,77990.59375,78114.28125,0
2026-08-26 13:15:00+00:00,78125.390625,78164.9765625,77907.6875,78037.609375,164345856
2026-08-26 13:30:00+00:00,78104.5234375,78494.140625,78061.640625,78494.140625,163864576
2026-08-26 13:45:00+00:00,78488.1015625,78545.4296875,78115.1015625,78446.78125,0
2026-08-26 14:00:00+00:00,78410.7578125,78606.5625,78300.6171875,78459.03125,173481984
2026-08-26 14:15:00+00:00,78457.578125,78573.8515625,78199.9765625,78239.09375,0
2026-08-26 14:30:00+00:00,78234.3984375,78278.53125,77936.921875,77971.7890625,0
2026-08-26 14:45:00+00:00,77981.6484375,78038.53125,77768.2265625,77787.5390625,245807104
2026-08-26 15:00:00+00:00,77787.53125,77946.578125,77632.0390625,77846.8828125,1314068480
2026-08-26 15:15:00+00:00,77836.7578125,78160.21875,77722.46875,78151.8125,0
2026-08-26 15:30:00+00:00,78163.390625,78163.390625,77931.2578125,78030.8203125,765114368
2026-08-26 15:45:00+00:00,78064.21875,78146.0625,77972.890625,78013.359375,138506240
2026-08-26 16:00:00+00:00,78005.4375,78165.1328125,77977.2265625,78082.7734375,0
2026-08-26 16:15:00+00:00,78088.6328125,78129.0,77984.578125,78059.4921875,20951040
2026-08-26 16:30:00+00:00,78056.0234375,78155.2109375,77856.2890625,77883.25,10358784
2026-08-26 16:45:00+00:00,77880.078125,78167.9921875,77880.078125,77982.2265625,157980672
2026-08-26 17:00:00+00:00,77999.78125,78130.6328125,77997.71875,78130.6328125,0
2026-08-26 17:15:00+00:00,78134.4921875,78519.9765625,78134.4921875,78519.9765625,83658752
2026-08-26 17:30:00+00:00,78519.96875,78611.25,78490.96875,78511.640625,211107840
2026-08-26 17:45:00+00:00,78514.5078125,78517.21875,78368.75,78441.453125,0
2026-08-26 18:00:00+00:00,78448.046875,78643.921875,78397.2890625,78566.5625,12644352
2026-08-26 18:15:00+00:00,78575.6796875,78606.390625,78436.3203125,78466.2421875,55754752
2026-08-26 18:30:00+00:00,78464.7109375,78492.953125,78277.0390625,78291.5390625,82186240
2026-08-26 18:45:00+00:00,78302.1015625,78504.296875,78294.3984375,78471.3828125,658434048
2026-08-26 19:00:00+00:00,78471.390625,78507.5390625,78376.3203125,78382.2421875,48349184
2026-08-26 19:15:00+00:00,78391.96875,78563.4765625,78281.96875,78530.6015625,57536512
2026-08-26 19:30:00+00:00,78547.7421875,78547.7421875,78372.78125,78431.9375,186195968
2026-08-26 19:45:00+00:00,78430.3828125,78536.53125,78430.3828125,78463.0078125,33894400
2026-08-26 20:00:00+00:00,78487.609375,78535.859375,78392.4921875,78419.296875,2062336
2026-08-26 20:15:00+00:00,78419.296875,78465.4296875,78200.0078125,78398.9921875,56324096
2026-08-26 20:30:00+00:00,78399.9765625,78432.2421875,78281.6015625,78399.9921875,2191360
2026-08-26 20:45:00+00:00,78386.0234375,78449.9921875,78373.9296875,78448.546875,0
2026-08-26 21:00:00+00:00,78448.546875,78798.0234375,78379.0625,78763.8671875,0
2026-08-26 21:15:00+00:00,78778.5703125,78838.7890625,78704.171875,78773.21875,0
2026-08-26 21:30:00+00:00,78722.671875,78838.78125,78650.0078125,78716.28125,139708416
2026-08-26 21:45:00+00:00,78717.5,78802.78125,78679.3984375,78720.8984375,18030592
2026-08-26 22:00:00+00:00,78718.609375,78873.5703125,78679.046875,78780.890625,51406848
2026-08-26 22:15:00+00:00,78765.109375,78987.671875,78765.109375,78813.390625,145221632
2026-08-26 22:30:00+00:00,78806.5234375,78823.1484375,78591.59375,78689.671875,34934784
2026-08-26 22:45:00+00:00,78680.96875,78738.78125,78553.1875,78704.171875,69527552
2026-08-26 23:00:00+00:00,78692.671875,78753.0,78653.7421875,78705.5234375,192172032
2026-08-26 23:15:00+00:00,78697.4609375,78882.578125,78680.3984375,78855.9921875,0
2026-08-26 23:30:00+00:00,78856.0,79066.3984375,78856.0,79046.359375,130172928
2026-08-26 23:45:00+00:00,79046.4375,79156.546875,79000.3984375,79026.1796875,183332864
2026-08-27 00:00:00+00:00,79019.71875,79019.71875,78822.4296875,78843.75,745928704
2026-08-27 00:15:00+00:00,78843.75,78943.703125,78818.34375,78909.3671875,0
2026-08-27 00:30:00+00:00,78903.953125,78914.34375,78782.15625,78886.140625,8468480
2026-08-27 00:45:00+00:00,78879.2734375,78896.4765625,78692.7734375,78695.1171875,249554944
2026-08-27 01:00:00+00:00,78678.0078125,78781.390625,78647.671875,78658.359375,5486592
2026-08-27 01:15:00+00:00,78623.6484375,78958.0,78583.4921875,78928.171875,71903232
2026-08-27 01:30:00+00:00,78934.140625,78975.1484375,78707.0390625,78707.0390625,119197696
2026-08-27 01:45:00+00:00,78718.921875,79024.109375,78696.0078125,78893.5,163055616
2026-08-27 02:00:00+00:00,78897.75,78978.59375,78849.0703125,78886.296875,87353344
2026-08-27 02:15:00+00:00,78878.1484375,78878.1484375,78715.34375,78758.9765625,23558144
2026-08-27 02:30:00+00:00,78758.9765625,78800.109375,78712.3828125,78740.34375,47087616
2026-08-27 02:45:00+00:00,78749.296875,78788.6484375,78703.859375,78725.0,0
2026-08-27 03:00:00+00:00,78726.4765625,78781.390625,78656.578125,78669.0234375,255457280
2026-08-27 03:15:00+00:00,78675.46875,78980.078125,78630.0,78882.2578125,45086720
2026-08-27 03:30:00+00:00,78882.25,78903.421875,78813.5703125,78857.1875,25534464
2026-08-27 03:45:00+00:00,78857.203125,78912.890625,78756.96875,78820.8203125,162080768
2026-08-27 04:00:00+00:00,78820.828125,78885.6484375,78785.46875,78844.046875,36163584
2026-08-27 04:15:00+00:00,78844.0625,78887.9609375,78771.5390625,78771.5390625,12580864
2026-08-27 04:30:00+00:00,78751.8203125,78804.75,78670.0,78798.703125,0
2026-08-27 04:45:00+00:00,78798.7109375,78805.7265625,78689.3125,78765.2734375,68005888
2026-08-27 05:00:00+00:00,78770.28125,78770.28125,78627.90625,78627.90625,0
2026-08-27 05:15:00+00:00,78627.921875,78786.2421875,78611.4609375,78649.9921875,88410112
2026-08-27 05:30:00+00:00,78649.9921875,78787.421875,78590.0,78701.0,2727936
2026-08-27 05:45:00+00:00,78701.0,78919.3984375,78692.65625,78876.53125,213528576
2026-08-27 06:00:00+00:00,78895.34375,78895.34375,78644.0703125,78669.9296875,0
2026-08-27 06:15:00+00:00,78669.9296875,78787.359375,78609.828125,78647.4609375,28637184
2026-08-27 06:30:00+00:00,78653.2109375,78783.53125,78653.2109375,78741.8828125,175749120
2026-08-27 06:45:00+00:00,78741.8828125,78832.8203125,78737.46875,78820.0,27545600
2026-08-27 07:00:00+00:00,78801.1171875,78854.9609375,78743.8671875,78830.703125,0
2026-08-27 07:15:00+00:00,78830.7109375,78830.7109375,78735.359375,78787.4296875,647168
2026-08-27 07:30:00+00:00,78784.2421875,78868.953125,78776.6875,78840.5625,5251072
2026-08-27 07:45:00+00:00,78830.703125,79093.890625,78830.703125,79067.34375,0
2026-08-27 08:00:00+00:00,79082.53125,79858.1328125,79034.921875,79622.2890625,672929792
2026-08-27 08:15:00+00:00,79623.6484375,79742.1796875,79432.6796875,79736.8671875,647469056
2026-08-27 08:30:00+00:00,79750.0,79982.6171875,79724.7734375,79911.6484375,363284480
2026-08-27 08:45:00+00:00,79960.8125,80022.4296875,79685.0078125,79755.2578125,146601984
2026-08-27 09:00:00+00:00,79755.2578125,79875.3671875,79671.1484375,79875.3671875,231876608
2026-08-27 09:15:00+00:00,79868.59375,80496.71875,79791.140625,80492.7109375,131768320
2026-08-27 09:30:00+00:00,80496.7265625,80500.0,80200.4375,80248.6796875,530040832
2026-08-27 09:45:00+00:00,80240.671875,80277.859375,79927.4296875,79988.75,313516032
2026-08-27 10:00:00+00:00,79988.7421875,80163.078125,79806.84375,79934.4765625,55846912
2026-08-27 10:15:00+00:00,79936.09375,80022.0703125,79346.609375,79667.171875,132653056
2026-08-27 10:30:00+00:00,79650.046875,79675.0,79360.7890625,79602.3671875,579252224
2026-08-27 10:45:00+00:00,79602.3671875,79627.4921875,79494.046875,79619.4921875,106377216
2026-08-27 11:00:00+00:00,79617.9921875,79757.53125,79560.3515625,79757.53125,66672640
2026-08-27 11:15:00+00:00,79752.328125,79776.90625,79501.1796875,79529.8828125,156602368
2026-08-27 11:30:00+00:00,79520.0078125,79560.34375,79372.1484375,79429.109375,169525248
2026-08-27 11:45:00+00:00,79423.03125,79498.921875,79217.7734375,79476.34375,333320192
2026-08-27 12:00:00+00:00,79475.5,79552.7890625,79364.0,79490.9609375,109148160
2026-08-27 12:15:00+00:00,79490.9609375,79577.75,79390.7890625,79548.0625,136841216
2026-08-27 12:30:00+00:00,79531.0,79534.4609375,79256.1796875,79259.4609375,40816640
2026-08-27 12:45:00+00:00,79276.5,79349.6796875,79252.9375,79276.0703125,0
2026-08-27 13:00:00+00:00,79272.5,79373.3203125,79251.6171875,79354.953125,0
2026-08-27 13:15:00+00:00,79387.4296875,79488.1171875,79311.2734375,79346.84375,19265536
2026-08-27 13:30:00+00:00,79335.9921875,79345.7890625,79092.578125,79239.25,117727232
2026-08-27 13:45:00+00:00,79255.859375,79553.9921875,78921.5,79533.0,243705856
2026-08-27 14:00:00+00:00,79533.1171875,79799.4296875,79353.2109375,79435.8203125,252172288
2026-08-27 14:15:00+00:00,79470.0390625,79920.75,79420.6015625,79920.75,320483328
2026-08-27 14:30:00+00:00,79922.828125,80406.109375,79816.1875,80371.0078125,170264576
2026-08-27 14:45:00+00:00,80345.0234375,80359.0625,80050.78125,80221.296875,326639616
2026-08-27 15:00:00+00:00,80221.4375,80799.0,80116.5234375,80692.921875,128421888
2026-08-27 15:15:00+00:00,80707.2890625,80745.3125,80438.6875,80625.1875,726992896
2026-08-27 15:30:00+00:00,80623.4609375,80625.8984375,80385.4765625,80508.5703125,366774272
2026-08-27 15:45:00+00:00,80514.0,80514.0,80305.5390625,80316.9609375,328280064
2026-08-27 16:00:00+00:00,80332.359375,80548.671875,80205.6328125,80451.5390625,263540736
2026-08-27 16:15:00+00:00,80430.0234375,80567.0390625,80423.6171875,80434.4921875,266946560
2026-08-27 16:30:00+00:00,80437.53125,80631.671875,80285.3828125,80610.7265625,94244864
2026-08-27 16:45:00+00:00,80599.6328125,80621.390625,80365.78125,80389.3203125,159205376
2026-08-27 17:00:00+00:00,80384.7890625,80665.6171875,80239.5078125,80635.296875,159975424
2026-08-27 17:15:00+00:00,80651.6015625,80816.0,80603.46875,80737.296875,393242624
2026-08-27 17:30:00+00:00,80737.546875,80808.0703125,80482.328125,80485.5,264812544
2026-08-27 17:45:00+00:00,80506.921875,80573.640625,80445.1328125,80445.1328125,200634368
2026-08-27 18:00:00+00:00,80441.2109375,80454.03125,80020.7890625,80089.46875,192333824
2026-08-27 18:15:00+00:00,80129.390625,80205.0,79759.5078125,79913.859375,327895040
2026-08-27 18:30:00+00:00,79931.65625,80028.4609375,79838.1484375,79979.296875,275718144
2026-08-27 18:45:00+00:00,79957.359375,80174.53125,79923.578125,80174.53125,257765376
2026-08-27 19:00:00+00:00,80175.8984375,80302.8984375,80118.2265625,80176.1875,77406208
2026-08-27 19:15:00+00:00,80170.71875,80250.0,80052.0,80193.71875,34205696
2026-08-27 19:30:00+00:00,80207.140625,80244.09375,79988.9765625,80020.4765625,104054784
2026-08-27 19:45:00+00:00,80020.4921875,80058.8125,79931.6796875,79932.53125,557367296
2026-08-27 20:00:00+00:00,79934.53125,80061.5625,79881.1875,79954.5390625,265785344
2026-08-27 20:15:00+00:00,79948.03125,80122.9375,79947.359375,79994.046875,177659904
2026-08-27 20:30:00+00:00,79994.0390625,80060.7578125,79980.8515625,80018.5625,4030464
2026-08-27 20:45:00+00:00,80023.1796875,80111.546875,79965.3984375,80111.046875,78352384
2026-08-27 21:00:00+00:00,80108.8203125,80167.078125,80028.203125,80107.5078125,0
2026-08-27 21:15:00+00:00,80107.5234375,80148.0234375,80001.7578125,80047.8984375,124907520
2026-08-27 21:30:00+00:00,80047.8984375,80140.21875,79987.1796875,80046.0390625,0
2026-08-27 21:45:00+00:00,80046.0390625,80204.1328125,80023.1328125,80202.15625,33218560
2026-08-27 22:00:00+00:00,80210.390625,80325.140625,80210.390625,80261.0625,2850816
2026-08-27 22:15:00+00:00,80261.046875,80447.9765625,80217.5078125,80255.453125,0
2026-08-27 22:30:00+00:00,80250.5703125,80315.1875,80165.3984375,80297.96875,21024768
2026-08-27 22:45:00+00:00,80285.3828125,80322.046875,80240.0,80322.0390625,131911680
2026-08-27 23:00:00+00:00,80308.1171875,80321.9375,80171.6015625,80191.90625,27672576
2026-08-27 23:15:00+00:00,80172.5078125,80416.640625,80162.640625,80345.0234375,150444032
2026-08-27 23:30:00+00:00,80345.03125,80350.9375,80266.75,80286.3671875,34191360
2026-08-27 23:45:00+00:00,80271.921875,80338.640625,80205.859375,80275.34375,0
2026-08-28 00:00:00+00:00,80287.390625,80294.7421875,80172.1171875,80249.09375,106772480
2026-08-28 00:15:00+00:00,80241.3125,80487.0078125,80241.3125,80452.578125,183279616
2026-08-28 00:30:00+00:00,80425.7578125,80527.53125,80397.0078125,80439.5390625,129220608
2026-08-28 00:45:00+00:00,80438.3515625,80720.7265625,80367.3984375,80595.140625,23623680
2026-08-28 01:00:00+00:00,80623.3515625,80832.078125,80623.3515625,80771.203125,133271552
2026-08-28 01:15:00+00:00,80752.5625,81179.9921875,80700.0078125,81145.9296875,227241984
2026-08-28 01:30:00+00:00,81138.0,81435.09375,80833.0234375,80861.8984375,900370432
2026-08-28 01:45:00+00:00,80859.8828125,80904.21875,80454.359375,80519.1171875,284770304
2026-08-28 02:00:00+00:00,80511.25,80511.6484375,80242.9765625,80252.8828125,355430400
2026-08-28 02:15:00+00:00,80229.078125,80305.25,79932.78125,79932.78125,1200140288
2026-08-28 02:30:00+00:00,79932.78125,80164.7890625,79870.90625,79994.9609375,611237888
2026-08-28 02:45:00+00:00,80035.171875,80035.171875,79785.8125,79937.4921875,439525376
2026-08-28 03:00:00+00:00,79937.4765625,79983.3828125,79789.3515625,79887.78125,1097728
2026-08-28 03:15:00+00:00,79900.1875,80064.0703125,79897.71875,79919.7890625,191303680
2026-08-28 03:30:00+00:00,79919.7890625,80000.0,79821.6171875,79821.6171875,575520768
2026-08-28 03:45:00+00:00,79821.6328125,79876.421875,79788.390625,79824.703125,219205632
2026-08-28 04:00:00+00:00,79818.203125,79866.890625,79619.859375,79865.109375,65409024
2026-08-28 04:15:00+00:00,79860.421875,79976.0078125,79814.5703125,79816.6875,534020096
2026-08-28 04:30:00+00:00,79823.9609375,79852.46875,79640.3828125,79718.9765625,125251584
2026-08-28 04:45:00+00:00,79718.9921875,79750.0,79628.03125,79649.21875,72069120
2026-08-28 05:00:00+00:00,79649.2265625,79729.40625,79567.2265625,79649.2109375,95002624
2026-08-28 05:15:00+00:00,79661.7890625,79737.2578125,79573.4765625,79737.25,168333312
2026-08-28 05:30:00+00:00,79737.25,79877.7578125,79713.3984375,79826.8125,27779072
2026-08-28 05:45:00+00:00,79817.6015625,79887.7734375,79650.0,79693.7265625,28147712
2026-08-28 06:00:00+00:00,79698.921875,79923.4921875,79698.921875,79917.59375,94953472
2026-08-28 06:15:00+00:00,79917.59375,79917.59375,79814.3984375,79838.078125,92315648
2026-08-28 06:30:00+00:00,79838.078125,79886.796875,79805.0,79867.828125,0
2026-08-28 06:45:00+00:00,79867.8203125,80000.0,79867.8203125,79909.078125,44720128
2026-08-28 07:00:00+00:00,79909.078125,79909.078125,79666.0,79691.921875,132571136
2026-08-28 07:15:00+00:00,79695.5078125,79827.3984375,79684.171875,79808.421875,129748992
2026-08-28 07:30:00+00:00,79818.203125,79818.2109375,79595.0,79598.4375,297598976
2026-08-28 07:45:00+00:00,79595.0,79684.34375,79595.0,79684.34375,581365760
2026-08-28 08:00:00+00:00,79690.4921875,79848.0078125,79689.4375,79744.34375,30187520
2026-08-28 08:15:00+00:00,79744.34375,79849.0,79744.34375,79788.3828125,0
2026-08-28 08:30:00+00:00,79788.3828125,79821.9296875,79718.796875,79718.796875,0
2026-08-28 08:45:00+00:00,79728.7578125,79734.7265625,79489.3828125,79520.0625,0
2026-08-28 09:00:00+00:00,79520.046875,79521.3125,79275.1171875,79392.953125,82071552
2026-08-28 09:15:00+00:00,79399.96875,79473.171875,79380.84375,79393.59375,2211840
2026-08-28 09:30:00+00:00,79393.59375,79424.578125,79296.03125,79296.6484375,0
2026-08-28 09:45:00+00:00,79284.359375,79357.59375,79281.546875,79292.9921875,0
2026-08-28 10:00:00+00:00,79302.078125,79317.0,79025.6875,79220.0703125,79609856
2026-08-28 10:15:00+00:00,79220.0703125,79309.046875,79150.046875,79305.6015625,30310400
2026-08-28 10:30:00+00:00,79306.59375,79370.2890625,79293.828125,79327.46875,37167104
2026-08-28 10:45:00+00:00,79325.5078125,79576.8984375,79319.96875,79568.6171875,116006912
2026-08-28 11:00:00+00:00,79574.421875,79708.1875,79559.3203125,79701.2265625,154558464
2026-08-28 11:15:00+00:00,79699.6484375,79768.5,79646.7421875,79673.0390625,0
2026-08-28 11:30:00+00:00,79673.046875,79743.53125,79582.046875,79621.6875,114987008
2026-08-28 11:45:00+00:00,79627.4375,79645.4921875,79560.7734375,79604.4296875,62230528
2026-08-28 12:00:00+00:00,79606.03125,79684.453125,79520.0,79535.9765625,0
2026-08-28 12:15:00+00:00,79541.5234375,79723.359375,79525.2265625,79529.953125,129093632
2026-08-28 12:30:00+00:00,79523.5,79528.96875,79300.5625,79418.171875,96788480
2026-08-28 12:45:00+00:00,79418.1796875,79446.3125,79355.65625,79417.59375,138129408
2026-08-28 13:00:00+00:00,79400.71875,79480.0,79293.0234375,79377.7421875,0
2026-08-28 13:15:00+00:00,79377.7421875,79377.7421875,79156.65625,79205.9921875,17608704
2026-08-28 13:30:00+00:00,79198.921875,79360.9609375,79035.9296875,79094.25,113651712
2026-08-28 13:45:00+00:00,79091.859375,79549.890625,79076.3984375,79490.15625,0
2026-08-28 14:00:00+00:00,79326.296875,79628.546875,78461.796875,78625.5625,2117877760
2026-08-28 14:15:00+00:00,78589.6484375,79035.0,78509.0,78953.4296875,896225280
2026-08-28 14:30:00+00:00,78953.5625,79698.78125,78861.03125,79436.15625,369311744
2026-08-28 14:45:00+00:00,79471.0234375,79620.890625,79119.40625,79546.4609375,263880704
2026-08-28 15:00:00+00:00,79578.1015625,79809.75,79311.796875,79320.421875,970821632
2026-08-28 15:15:00+00:00,79332.921875,79532.796875,79278.2109375,79352.9765625,58634240
2026-08-28 15:30:00+00:00,79352.96875,79363.5078125,78783.921875,78795.8515625,23945216
2026-08-28 15:45:00+00:00,78827.671875,78920.1796875,78324.2265625,78324.2265625,103522304
2026-08-28 16:00:00+00:00,78373.359375,78397.0,77812.7265625,77812.7265625,892674048
2026-08-28 16:15:00+00:00,77813.34375,77845.9921875,76880.0078125,77515.9765625,506322944
2026-08-28 16:30:00+00:00,77533.4609375,77941.4375,77533.4609375,77795.2734375,1421275136
2026-08-28 16:45:00+00:00,77811.9921875,77994.28125,77766.0,77788.4921875,1255886848
2026-08-28 17:00:00+00:00,77791.203125,77993.9765625,77656.7265625,77985.6015625,460685312
2026-08-28 17:15:00+00:00,78000.6171875,78079.5234375,77828.5,77934.1015625,802873344
2026-08-28 17:30:00+00:00,77934.640625,77992.03125,77686.453125,77787.921875,92782592
2026-08-28 17:45:00+00:00,77787.953125,77980.96875,77787.953125,77900.9765625,104681472
2026-08-28 18:00:00+00:00,77901.2421875,77933.9921875,77726.7578125,77729.0078125,178311168
2026-08-28 18:15:00+00:00,77730.53125,77789.3125,77485.65625,77564.0625,68104192
2026-08-28 18:30:00+00:00,77580.21875,77606.7890625,77321.46875,77393.5,287227904
2026-08-28 18:45:00+00:00,77414.0,77543.546875,77265.7109375,77543.546875,259420160
2026-08-28 19:00:00+00:00,77566.4609375,77728.140625,77501.7109375,77663.6796875,64327680
2026-08-28 19:15:00+00:00,77646.328125,77783.796875,77616.859375,77683.046875,167194624
2026-08-28 19:30:00+00:00,77686.6484375,77686.6484375,77504.6171875,77504.6171875,110952448
2026-08-28 19:45:00+00:00,77516.2265625,77568.0,77364.8984375,77533.640625,7155712
2026-08-28 20:00:00+00:00,77558.0625,77599.9296875,77457.9765625,77548.6796875,157618176
2026-08-28 20:15:00+00:00,77548.671875,77548.671875,77393.9296875,77493.3125,29650944
2026-08-28 20:30:00+00:00,77478.0234375,77478.0234375,77294.296875,77404.171875,126783488
2026-08-28 20:45:00+00:00,77385.9296875,77455.3515625,77329.3828125,77399.9921875,111988736
2026-08-28 21:00:00+00:00,77412.3203125,77424.65625,77324.8828125,77400.2578125,0
2026-08-28 21:15:00+00:00,77397.2109375,77423.84375,77313.703125,77393.1328125,22642688
2026-08-28 21:30:00+00:00,77405.7578125,77529.6484375,77403.953125,77472.46875,296714240
2026-08-28 21:45:00+00:00,77472.4609375,77473.9921875,77287.28125,77365.4765625,40960000
2026-08-28 22:00:00+00:00,77349.921875,77464.0703125,77342.1875,77452.4765625,18628608
2026-08-28 22:15:00+00:00,77452.4765625,77591.078125,77400.0078125,77577.7265625,101916672
2026-08-28 22:30:00+00:00,77569.4921875,77741.8671875,77566.75,77735.1015625,155934720
2026-08-28 22:45:00+00:00,77736.8828125,77761.140625,77678.2890625,77749.34375,98963456
2026-08-28 23:00:00+00:00,77741.75,77773.7890625,77669.5,77769.5,0
2026-08-28 23:15:00+00:00,77760.4375,77763.1328125,77656.2109375,77681.9375,264863744
2026-08-28 23:30:00+00:00,77681.9375,77713.28125,77661.859375,77686.25,93569024
2026-08-28 23:45:00+00:00,77681.75,77839.5234375,77632.0703125,77838.671875,39817216
2026-08-29 00:00:00+00:00,77839.1875,77870.9375,77781.2109375,77812.4765625,120557568
2026-08-29 00:15:00+00:00,77812.4765625,77950.3125,77808.6875,77901.671875,120414208
2026-08-29 00:30:00+00:00,77897.703125,77897.703125,77767.6484375,77784.75,88735744
2026-08-29 00:45:00+00:00,77784.7421875,77819.3984375,77715.7421875,77734.4765625,0
2026-08-29 01:00:00+00:00,77717.8671875,77724.9921875,77631.0234375,77632.78125,0
2026-08-29 01:15:00+00:00,77639.2578125,77795.9765625,77639.2578125,77795.9765625,0
2026-08-29 01:30:00+00:00,77788.4609375,77832.0625,77761.4921875,77827.4765625,0
2026-08-29 01:45:00+00:00,77815.28125,77854.1484375,77750.828125,77792.0390625,0
2026-08-29 02:00:00+00:00,77792.0390625,77825.9765625,77735.203125,77738.4609375,0
2026-08-29 02:15:00+00:00,77738.46875,77748.8984375,77578.0625,77633.296875,0
2026-08-29 02:30:00+00:00,77633.2890625,77679.78125,77588.2890625,77611.4921875,0
2026-08-29 02:45:00+00:00,77641.1796875,77710.6328125,77625.3984375,77668.09375,0
2026-08-29 03:00:00+00:00,77668.09375,77735.859375,77668.09375,77676.140625,0
2026-08-29 03:15:00+00:00,77675.5625,77717.8515625,77628.3515625,77686.796875,8421376
2026-08-29 03:30:00+00:00,77691.96875,77705.1328125,77574.859375,77610.0703125,0
2026-08-29 03:45:00+00:00,77610.0625,77610.0625,77501.0390625,77501.046875,986013696
2026-08-29 04:00:00+00:00,77505.703125,77592.296875,77504.0,77580.4921875,89866240
2026-08-29 04:15:00+00:00,77580.4765625,77619.671875,77575.8125,77608.5390625,0
2026-08-29 04:30:00+00:00,77608.5390625,77640.0390625,77578.921875,77613.796875,113709056
2026-08-29 04:45:00+00:00,77613.8125,77674.9296875,77600.84375,77640.421875,4974592
2026-08-29 05:00:00+00:00,77640.4296875,77709.9921875,77625.109375,77695.5234375,0
2026-08-29 05:15:00+00:00,77695.5078125,77702.8203125,77633.859375,77661.4296875,0
2026-08-29 05:30:00+00:00,77658.65625,77711.9921875,77629.0703125,77687.609375,0
2026-08-29 05:45:00+00:00,77687.609375,77699.1796875,77603.3828125,77635.4296875,3966976
2026-08-29 06:00:00+00:00,77641.2578125,77641.2578125,77471.5625,77480.6796875,0
2026-08-29 06:15:00+00:00,77472.9921875,77514.8671875,77369.4375,77404.828125,33642496
2026-08-29 06:30:00+00:00,77404.828125,77486.90625,77404.828125,77442.0,133591040
2026-08-29 06:45:00+00:00,77442.0,77474.6015625,77426.9765625,77459.9765625,871438336
2026-08-29 07:00:00+00:00,77459.9921875,77534.7109375,77433.3828125,77460.2265625,0
2026-08-29 07:15:00+00:00,77455.359375,77532.3203125,77445.4375,77520.46875,8787968
2026-08-29 07:30:00+00:00,77518.96875,77655.140625,77495.15625,77655.140625,143032320
2026-08-29 07:45:00+00:00,77655.140625,77672.3984375,77619.0,77619.0,0
2026-08-29 08:00:00+00:00,77619.25,77619.25,77475.2109375,77516.890625,16943104
2026-08-29 08:15:00+00:00,77518.046875,77594.1328125,77502.078125,77594.1171875,0
2026-08-29 08:30:00+00:00,77580.28125,77585.5703125,77506.0390625,77584.359375,9361408
2026-08-29 08:45:00+00:00,77577.8203125,77641.78125,77542.46875,77641.78125,0
2026-08-29 09:00:00+00:00,77643.828125,77676.7734375,77550.1875,77642.5,69505024
2026-08-29 09:15:00+00:00,77642.5,77671.578125,77607.7734375,77632.921875,0
2026-08-29 09:30:00+00:00,77632.921875,77752.5,77625.9296875,77677.078125,0
2026-08-29 09:45:00+00:00,77651.203125,77676.7265625,77641.75,77642.40625,174716928
2026-08-29 10:00:00+00:00,77642.40625,77642.40625,77518.46875,77585.3984375,0
2026-08-29 10:15:00+00:00,77585.3984375,77720.03125,77585.3984375,77665.1328125,182714368
2026-08-29 10:30:00+00:00,77665.140625,77723.1796875,77662.6171875,77686.3984375,0
2026-08-29 10:45:00+00:00,77684.4609375,77727.578125,77628.4609375,77628.4609375,0
2026-08-29 11:00:00+00:00,77628.46875,77719.6875,77614.078125,77719.6875,45524992
2026-08-29 11:15:00+00:00,77727.1171875,77727.1328125,77668.6171875,77693.453125,49428480
2026-08-29 11:30:00+00:00,77688.8671875,77699.9921875,77626.921875,77628.3828125,0
2026-08-29 11:45:00+00:00,77629.1875,77659.4921875,77544.421875,77575.40625,8437760
2026-08-29 12:00:00+00:00,77581.75,77612.640625,77557.828125,77589.8203125,89573376
2026-08-29 12:15:00+00:00,77595.0078125,77658.4765625,77530.5234375,77583.796875,0
2026-08-29 12:30:00+00:00,77583.796875,77593.7890625,77501.3203125,77575.296875,46843904
2026-08-29 12:45:00+00:00,77575.296875,77599.9765625,77544.40625,77584.6171875,0
2026-08-29 13:00:00+00:00,77584.6171875,77660.0,77559.6796875,77648.96875,0
2026-08-29 13:15:00+00:00,77635.6796875,77720.03125,77633.171875,77643.5,0
2026-08-29 13:30:00+00:00,77643.5,77713.0234375,77629.796875,77660.6171875,50753536
2026-08-29 13:45:00+00:00,77660.6171875,77717.7578125,77651.7734375,77692.7578125,0
2026-08-29 14:00:00+00:00,77688.59375,77721.609375,77651.1015625,77688.953125,0
2026-08-29 14:15:00+00:00,77695.9296875,77750.0,77666.2109375,77693.1015625,0
2026-08-29 14:30:00+00:00,77693.09375,78019.296875,77683.578125,77925.421875,0
2026-08-29 14:45:00+00:00,77917.796875,78142.6328125,77917.796875,78001.5625,0
2026-08-29 15:00:00+00:00,78013.609375,78013.609375,77845.1328125,77938.4375,0
2026-08-29 15:15:00+00:00,77938.4375,77987.671875,77854.4375,77901.5625,0
2026-08-29 15:30:00+00:00,77891.578125,77894.421875,77797.4609375,77831.1328125,19191808
2026-08-29 15:45:00+00:00,77825.359375,77936.609375,77805.328125,77855.578125,0
2026-08-29 16:00:00+00:00,77862.078125,77982.8125,77845.96875,77975.46875,0
2026-08-29 16:15:00+00:00,77996.703125,78108.546875,77900.7421875,77948.5,0
2026-08-29 16:30:00+00:00,77950.109375,78028.0625,77886.671875,78011.1875,0
2026-08-29 16:45:00+00:00,78018.3203125,78094.546875,77989.546875,78018.2578125,0
2026-08-29 17:00:00+00:00,78019.46875,78084.9921875,78007.09375,78053.0,0
2026-08-29 17:15:00+00:00,78053.5625,78106.25,77980.1875,77981.3671875,0
2026-08-29 17:30:00+00:00,77981.6484375,78033.7578125,77890.3515625,78012.8125,0
2026-08-29 17:45:00+00:00,78012.796875,78098.40625,77986.7421875,78096.40625,0
2026-08-29 18:00:00+00:00,78091.34375,78145.1484375,78060.7890625,78060.796875,0
2026-08-29 18:15:00+00:00,78060.796875,78096.7421875,78020.8125,78050.5625,0
2026-08-29 18:30:00+00:00,78048.5703125,78210.21875,78007.8828125,78143.1015625,0
2026-08-29 18:45:00+00:00,78143.09375,78255.0,78137.65625,78153.0,0
2026-08-29 19:00:00+00:00,78153.0,78306.609375,78152.9921875,78306.609375,0
2026-08-29 19:15:00+00:00,78307.828125,78334.4375,78240.5390625,78249.578125,19266560
2026-08-29 19:30:00+00:00,78249.578125,78271.5390625,78185.0078125,78257.578125,98304
2026-08-29 19:45:00+00:00,78257.578125,78268.796875,78138.578125,78193.6015625,0
2026-08-29 20:00:00+00:00,78193.6015625,78298.5625,78168.96875,78234.75,9628672
2026-08-29 20:15:00+00:00,78242.1875,78265.0,78176.8125,78176.8203125,0
2026-08-29 20:30:00+00:00,78171.9375,78171.9375,78115.359375,78134.453125,14211072
2026-08-29 20:45:00+00:00,78134.4609375,78157.4921875,78113.4375,78119.671875,40197120
2026-08-29 21:00:00+00:00,78119.4765625,78191.09375,78041.6015625,78149.7734375,0
2026-08-29 21:15:00+00:00,78143.703125,78178.3984375,78094.9296875,78100.9921875,44275712
2026-08-29 21:30:00+00:00,78101.0390625,78123.0,78065.5703125,78094.1015625,1870848
2026-08-29 21:45:00+00:00,78095.0078125,78199.4765625,78089.09375,78164.21875,0
2026-08-29 22:00:00+00:00,78163.671875,78219.1875,78110.078125,78134.21875,0
2026-08-29 22:15:00+00:00,78134.2265625,78157.4921875,78079.8984375,78144.84375,6984704
2026-08-29 22:30:00+00:00,78140.7109375,78181.078125,78136.84375,78176.5390625,39267328
2026-08-29 22:45:00+00:00,78174.96875,78236.59375,78174.9609375,78221.859375,0
2026-08-29 23:00:00+00:00,78221.1796875,78253.1796875,78192.796875,78240.0,7416832
2026-08-29 23:15:00+00:00,78240.0,78262.078125,78187.296875,78259.96875,0
2026-08-29 23:30:00+00:00,78259.9609375,78268.5390625,78219.203125,78219.2109375,71652352
2026-08-29 23:45:00+00:00,78222.1171875,78277.203125,78222.109375,78233.9296875,37224448
2026-08-30 00:00:00+00:00,78232.609375,78233.2109375,78146.140625,78176.109375,31730688
2026-08-30 00:15:00+00:00,78176.109375,78323.0703125,78176.109375,78213.9296875,80552960
2026-08-30 00:30:00+00:00,78212.71875,78299.6015625,78183.328125,78207.828125,0
2026-08-30 00:45:00+00:00,78189.4375,78253.421875,78175.921875,78175.921875,5474304
2026-08-30 01:00:00+00:00,78175.921875,78179.5234375,78040.2109375,78062.5078125,20362240
2026-08-30 01:15:00+00:00,78062.5078125,78065.78125,77987.7109375,78008.34375,71006208
2026-08-30 01:30:00+00:00,78008.34375,78066.640625,77980.8828125,78050.390625,86645760
2026-08-30 01:45:00+00:00,78050.4765625,78125.8984375,78033.0,78076.90625,71096320
2026-08-30 02:00:00+00:00,78076.8984375,78129.4921875,78058.8515625,78087.3828125,16908288
2026-08-30 02:15:00+00:00,78087.3671875,78087.3828125,78007.1328125,78030.96875,2010112
2026-08-30 02:30:00+00:00,78030.9765625,78119.0078125,78002.7265625,78096.9921875,7621632
2026-08-30 02:45:00+00:00,78096.0,78176.78125,78073.2734375,78097.6484375,398336
2026-08-30 03:00:00+00:00,78097.65625,78127.6328125,78057.9609375,78076.71875,66586624
2026-08-30 03:15:00+00:00,78076.71875,78160.421875,78055.0078125,78160.421875,0
2026-08-30 03:30:00+00:00,78169.59375,78230.0,78133.6015625,78188.6015625,66233344
2026-08-30 03:45:00+00:00,78188.6015625,78188.6015625,78135.0625,78135.1015625,49335296
2026-08-30 04:00:00+00:00,78135.0625,78223.9296875,78135.046875,78158.2890625,10517504
2026-08-30 04:15:00+00:00,78158.2890625,78177.90625,78086.3125,78115.15625,22298624
2026-08-30 04:30:00+00:00,78108.640625,78114.9921875,78011.1875,78011.1875,28795904
2026-08-30 04:45:00+00:00,78005.6328125,78116.1484375,77991.046875,78116.1484375,62596096
2026-08-30 05:00:00+00:00,78117.3828125,78220.0234375,78110.6484375,78149.96875,81381376
2026-08-30 05:15:00+00:00,78149.96875,78149.96875,78125.6875,78146.53125,37752832
2026-08-30 05:30:00+00:00,78146.5390625,78146.5390625,78110.078125,78122.6796875,14172160
2026-08-30 05:45:00+00:00,78128.1484375,78142.796875,78115.0078125,78138.59375,2921472
2026-08-30 06:00:00+00:00,78138.59375,78143.5703125,78109.4921875,78110.171875,0
2026-08-30 06:15:00+00:00,78121.9921875,78199.28125,78121.9921875,78180.0,0
2026-08-30 06:30:00+00:00,78180.0078125,78294.9921875,78178.203125,78243.4296875,0
2026-08-30 06:45:00+00:00,78240.453125,78297.8125,78229.140625,78275.09375,106872832
2026-08-30 07:00:00+00:00,78280.8515625,78291.53125,78244.109375,78252.1015625,0
2026-08-30 07:15:00+00:00,78252.1015625,78252.109375,78220.609375,78220.6171875,0
2026-08-30 07:30:00+00:00,78220.609375,78220.6171875,78139.1875,78139.203125,0
2026-08-30 07:45:00+00:00,78142.9765625,78159.390625,78100.171875,78103.0234375,0
2026-08-30 08:00:00+00:00,78105.15625,78194.90625,78105.15625,78141.7109375,0
2026-08-30 08:15:00+00:00,78141.7109375,78199.3515625,78133.8671875,78142.421875,12766208
2026-08-30 08:30:00+00:00,78142.421875,78142.421875,78021.1171875,78058.078125,2948096
2026-08-30 08:45:00+00:00,78052.7734375,78081.5390625,78021.8984375,78065.203125,24088576
2026-08-30 09:00:00+00:00,78055.0625,78099.171875,78055.0625,78094.921875,0
2026-08-30 09:15:00+00:00,78094.90625,78117.640625,77984.390625,77984.390625,34289664
2026-08-30 09:30:00+00:00,78004.7734375,78050.5625,77985.8671875,78030.34375,72924160
2026-08-30 09:45:00+00:00,78030.34375,78057.171875,77985.8828125,77992.140625,1937408
2026-08-30 10:00:00+00:00,77979.40625,78070.390625,77959.1171875,78005.546875,0
2026-08-30 10:15:00+00:00,78005.5625,78113.390625,77985.7421875,78039.7578125,49965056
2026-08-30 10:30:00+00:00,78048.2109375,78113.78125,78035.46875,78106.5703125,24471552
2026-08-30 10:45:00+00:00,78106.5703125,78145.078125,78106.5703125,78144.9375,10517504
2026-08-30 11:00:00+00:00,78144.953125,78191.1015625,78140.859375,78163.3828125,0
2026-08-30 11:15:00+00:00,78163.3828125,78213.3984375,78140.859375,78213.390625,16483328
2026-08-30 11:30:00+00:00,78213.390625,78233.8828125,78139.7265625,78172.0234375,40135680
2026-08-30 11:45:00+00:00,78172.0234375,78180.71875,78109.5078125,78163.40625,74656768
2026-08-30 12:00:00+00:00,78171.8203125,78720.65625,78170.609375,78659.71875,161353728
2026-08-30 12:15:00+00:00,78612.2890625,78625.328125,78489.2578125,78625.328125,300325888
2026-08-30 12:30:00+00:00,78628.6328125,78838.28125,78545.703125,78648.40625,260302848
2026-08-30 12:45:00+00:00,78659.9921875,78763.453125,78580.578125,78746.8203125,141471744
2026-08-30 13:00:00+00:00,78764.796875,78807.2265625,78623.7890625,78631.3984375,226641920
2026-08-30 13:15:00+00:00,78625.4765625,78728.921875,78584.1015625,78721.890625,76704768
2026-08-30 13:30:00+00:00,78721.890625,78819.0625,78671.828125,78791.6875,81785856
2026-08-30 13:45:00+00:00,78791.6796875,78963.71875,78791.6796875,78849.7734375,293899264
2026-08-30 14:00:00+00:00,78852.3984375,78946.28125,78771.15625,78916.5390625,216563712
2026-08-30 14:15:00+00:00,78916.53125,78931.078125,78789.8671875,78852.4609375,86381568
2026-08-30 14:30:00+00:00,78859.2421875,78927.921875,78701.2109375,78748.578125,50145280
2026-08-30 14:45:00+00:00,78729.0078125,78817.0234375,78706.9609375,78778.3984375,0
2026-08-30 15:00:00+00:00,78778.390625,78860.65625,78638.328125,78660.53125,17580032
2026-08-30 15:15:00+00:00,78653.296875,78833.3515625,78619.390625,78779.328125,504136704
2026-08-30 15:30:00+00:00,78779.3203125,78859.609375,78774.390625,78859.609375,122762240
2026-08-30 15:45:00+00:00,78852.078125,78894.1484375,78777.578125,78821.6875,79181824
2026-08-30 16:00:00+00:00,78827.1171875,79168.578125,78731.03125,79115.203125,0
2026-08-30 16:15:00+00:00,79139.75,79218.0,79000.0,79030.75,428059648
2026-08-30 16:30:00+00:00,79034.40625,79242.828125,79007.8828125,79188.5234375,173897728
2026-08-30 16:45:00+00:00,79179.953125,79387.859375,79127.328125,79331.6796875,12804096
2026-08-30 17:00:00+00:00,79331.65625,79331.65625,79125.0,79174.609375,177964032
2026-08-30 17:15:00+00:00,79174.6015625,79174.609375,78778.578125,78923.5,251384832
2026-08-30 17:30:00+00:00,78925.140625,79049.5625,78869.6484375,79038.78125,225627136
2026-08-30 17:45:00+00:00,79056.7265625,79078.1484375,78953.9375,79011.7421875,140469248
2026-08-30 18:00:00+00:00,79019.9921875,79059.3984375,78787.578125,78836.40625,73726976
2026-08-30 18:15:00+00:00,78836.40625,78999.8671875,78836.40625,78999.8671875,146708480
2026-08-30 18:30:00+00:00,79007.0078125,79169.84375,79007.0078125,79090.078125,94817280
2026-08-30 18:45:00+00:00,79088.4921875,79088.4921875,79005.3125,79028.046875,86544384
2026-08-30 19:00:00+00:00,79028.046875,79038.9765625,78927.3828125,79021.9375,6462464
2026-08-30 19:15:00+00:00,79021.9375,79031.296875,78896.0625,78903.5625,42093568
2026-08-30 19:30:00+00:00,78899.0,78941.25,78764.5703125,78780.0703125,32167936
2026-08-30 19:45:00+00:00,78780.0625,78864.90625,78704.5,78856.109375,57431040
2026-08-30 20:00:00+00:00,78864.90625,78910.421875,78819.4921875,78850.3515625,31703040
2026-08-30 20:15:00+00:00,78850.34375,78922.59375,78826.1171875,78830.5078125,35202048
2026-08-30 20:30:00+00:00,78826.796875,78879.96875,78433.3671875,78463.8671875,30257152
2026-08-30 20:45:00+00:00,78471.65625,78735.0,78471.65625,78582.296875,256528384
2026-08-30 21:00:00+00:00,78582.3125,78582.3125,78260.2890625,78493.8125,403824640
2026-08-30 21:15:00+00:00,78493.8125,78655.7890625,78456.78125,78628.28125,80774144
2026-08-30 21:30:00+00:00,78625.7734375,78723.4921875,78592.359375,78633.59375,185163776
2026-08-30 21:45:00+00:00,78626.640625,78689.8671875,78530.8984375,78646.7734375,72967168
2026-08-30 22:00:00+00:00,78601.8671875,78795.8984375,78536.21875,78555.9921875,119201792
2026-08-30 22:15:00+00:00,78554.46875,78554.46875,78292.65625,78371.84375,168760320
2026-08-30 22:30:00+00:00,78371.84375,78534.796875,78284.6875,78449.3984375,102844416
2026-08-30 22:45:00+00:00,78435.609375,78498.0,78370.8125,78425.9609375,152150016
2026-08-30 23:00:00+00:00,78415.8828125,78437.8671875,78300.578125,78357.359375,220646400
2026-08-30 23:15:00+00:00,78354.4765625,78396.4765625,77668.9609375,77682.5703125,672410624
2026-08-30 23:30:00+00:00,77676.171875,77876.2890625,77339.8984375,77466.65625,660924416
2026-08-30 23:45:00+00:00,77473.828125,77712.828125,77049.703125,77683.5,1112176640
2026-08-31 00:00:00+00:00,77657.453125,77807.09375,77428.2734375,77738.4609375,502265856
2026-08-31 00:15:00+00:00,77745.9375,77962.46875,77712.921875,77896.5625,366739456
2026-08-31 00:30:00+00:00,77885.0078125,78150.8515625,77875.2578125,78017.5703125,225849344
2026-08-31 00:45:00+00:00,78017.5625,78026.1484375,77905.0078125,77921.5234375,85463040
2026-08-31 01:00:00+00:00,77897.7109375,77985.7109375,77540.15625,77657.078125,134184960
2026-08-31 01:15:00+00:00,77637.3125,77839.5390625,77555.40625,77751.109375,176404480
2026-08-31 01:30:00+00:00,77763.796875,77932.21875,77633.9921875,77730.1171875,289869824
2026-08-31 01:45:00+00:00,77736.546875,77839.0234375,77604.1171875,77632.203125,151115776
2026-08-31 02:00:00+00:00,77621.078125,77988.171875,77508.5234375,77934.5625,145592320
2026-08-31 02:15:00+00:00,77927.046875,77943.59375,77799.90625,77862.8984375,389625856
2026-08-31 02:30:00+00:00,77864.8125,77907.53125,77688.6796875,77688.6796875,37634048
2026-08-31 02:45:00+00:00,77700.7109375,77751.921875,77369.59375,77453.578125,90513408
2026-08-31 03:00:00+00:00,77477.15625,77668.78125,77373.1328125,77626.8125,217419776
2026-08-31 03:15:00+00:00,77618.0234375,77736.4609375,77565.1875,77709.453125,138375168
2026-08-31 03:30:00+00:00,77692.7265625,77820.09375,77653.2109375,77804.140625,5873664
2026-08-31 03:45:00+00:00,77804.140625,77849.9765625,77733.4609375,77744.828125,110876672
2026-08-31 04:00:00+00:00,77751.0,77763.7109375,77555.40625,77581.6328125,0
2026-08-31 04:15:00+00:00,77581.640625,77594.4921875,77471.578125,77500.0078125,1058177024
2026-08-31 04:30:00+00:00,77500.0,77570.609375,77448.359375,77564.140625,191281152
2026-08-31 04:45:00+00:00,77559.8984375,77646.7734375,77457.609375,77603.8984375,100628480
2026-08-31 05:00:00+00:00,77603.8984375,77772.1796875,77500.0,77744.7578125,545435648
2026-08-31 05:15:00+00:00,77748.6875,78142.7734375,77748.6875,77983.0,254312448
2026-08-31 05:30:00+00:00,77995.09375,78052.40625,77854.296875,77960.828125,485928960
2026-08-31 05:45:00+00:00,77973.6484375,78033.75,77940.28125,78012.1484375,102162432
2026-08-31 06:00:00+00:00,77995.5078125,78069.859375,77855.5,78015.046875,113199104
2026-08-31 06:15:00+00:00,78021.0,78112.3828125,77969.4765625,78008.0,212699136
2026-08-31 06:30:00+00:00,78007.9921875,78128.28125,77912.8125,78066.890625,311339008
2026-08-31 06:45:00+00:00,78063.9609375,78112.8515625,78001.03125,78083.5234375,162222080
2026-08-31 07:00:00+00:00,78067.140625,78159.0,78021.3828125,78116.78125,488431616
2026-08-31 07:15:00+00:00,78116.7890625,78299.9609375,78116.78125,78202.5703125,188608512
2026-08-31 07:30:00+00:00,78191.109375,78282.0,78116.7890625,78256.328125,313612288
2026-08-31 07:45:00+00:00,78264.8828125,78273.2578125,78151.2265625,78178.9765625,88924160
2026-08-31 08:00:00+00:00,78189.7890625,78324.78125,78030.0,78146.921875,281763840
2026-08-31 08:15:00+00:00,78135.2734375,78151.4921875,77966.15625,78083.5078125,250152960
2026-08-31 08:30:00+00:00,78081.953125,78413.59375,78063.9609375,78320.796875,187916288
2026-08-31 08:45:00+00:00,78314.328125,78499.9765625,78299.1796875,78459.796875,446003200
2026-08-31 09:00:00+00:00,78454.3828125,78765.8515625,78379.5078125,78638.453125,364193792
2026-08-31 09:15:00+00:00,78638.6875,78779.671875,78580.1171875,78639.9765625,284121088
2026-08-31 09:30:00+00:00,78637.390625,78698.390625,78584.078125,78692.2578125,224589824
2026-08-31 09:45:00+00:00,78703.1484375,78790.3515625,78493.3125,78493.3125,36999168
2026-08-31 10:00:00+00:00,78509.34375,78510.2421875,78282.1015625,78497.9296875,84449280
2026-08-31 10:15:00+00:00,78463.3984375,78482.1796875,78367.109375,78410.7421875,161738752
2026-08-31 10:30:00+00:00,78410.84375,78516.890625,78349.3203125,78501.546875,274548736
2026-08-31 10:45:00+00:00,78485.546875,78675.6171875,78475.0,78675.6171875,243290112
2026-08-31 11:00:00+00:00,78675.6171875,78675.6171875,78532.328125,78593.671875,284102656
2026-08-31 11:15:00+00:00,78593.671875,78609.6328125,78440.4375,78454.9921875,275138560
2026-08-31 11:30:00+00:00,78454.9921875,78456.390625,78331.453125,78360.3203125,179122176
2026-08-31 11:45:00+00:00,78366.578125,78393.921875,78266.6484375,78286.96875,99860480
2026-08-31 12:00:00+00:00,78281.203125,78506.7109375,78246.046875,78377.6484375,46311424
2026-08-31 12:15:00+00:00,78383.0625,78429.96875,78025.171875,78064.21875,225191936
2026-08-31 12:30:00+00:00,78050.0,78122.0625,77691.921875,77856.2265625,332476416
2026-08-31 12:45:00+00:00,77868.0234375,77913.421875,77747.6484375,77913.421875,197896192
2026-08-31 13:00:00+00:00,77913.3671875,78172.3203125,77913.3671875,78063.6796875,1163784192
2026-08-31 13:15:00+00:00,78062.1875,78062.203125,77863.5,78021.53125,50546688
2026-08-31 13:30:00+00:00,78045.0,78262.4921875,77816.2109375,77975.359375,579643392
2026-08-31 13:45:00+00:00,77972.4375,78015.1015625,77720.21875,77837.3984375,429985792
2026-08-31 14:00:00+00:00,77844.2265625,78050.8671875,77782.65625,77870.71875,132741120
2026-08-31 14:15:00+00:00,77851.3984375,78015.15625,77724.4296875,77983.453125,179953664
2026-08-31 14:30:00+00:00,78004.9609375,78660.84375,77943.3125,78492.7109375,565008384
2026-08-31 14:45:00+00:00,78501.65625,78631.890625,78350.0,78548.5234375,491407360
2026-08-31 15:00:00+00:00,78605.0,78660.4609375,78299.03125,78299.03125,549718016
2026-08-31 15:15:00+00:00,78294.6328125,78523.7421875,78190.1484375,78441.2265625,365887488
2026-08-31 15:30:00+00:00,78433.5,78749.9921875,78383.796875,78699.9921875,167671808
2026-08-31 15:45:00+00:00,78693.0703125,78728.1171875,78535.4609375,78559.078125,360439808
2026-08-31 16:00:00+00:00,78566.5390625,78780.3828125,78512.9375,78652.171875,41781248
2026-08-31 16:15:00+00:00,78650.0,78733.09375,78506.59375,78635.59375,772134912
2026-08-31 16:30:00+00:00,78615.21875,78742.71875,78559.1171875,78703.3125,77705216
2026-08-31 16:45:00+00:00,78705.109375,78843.59375,78616.5390625,78616.6015625,67782656
2026-08-31 17:00:00+00:00,78602.1328125,78794.6796875,78594.4375,78724.140625,842821632
2026-08-31 17:15:00+00:00,78736.109375,78736.109375,78479.5,78521.21875,132853760
2026-08-31 17:30:00+00:00,78528.296875,78982.5703125,78526.9765625,78903.109375,81485824
2026-08-31 17:45:00+00:00,78906.6171875,78952.4921875,78829.328125,78888.59375,949387264
2026-08-31 18:00:00+00:00,78890.1484375,78953.4765625,78768.5625,78950.2421875,140376064
2026-08-31 18:15:00+00:00,78958.1171875,79081.40625,78833.0078125,78892.546875,45682688
2026-08-31 18:30:00+00:00,78890.0,79196.6875,78873.6484375,79187.1796875,83412992
2026-08-31 18:45:00+00:00,79168.1875,79168.1875,78972.0234375,79003.953125,386570240
2026-08-31 19:00:00+00:00,79017.390625,79253.8984375,79017.390625,79177.7109375,34140160
2026-08-31 19:15:00+00:00,79166.6484375,79166.6484375,79018.5390625,79095.421875,269637632
2026-08-31 19:30:00+00:00,79093.953125,79144.046875,78935.9921875,78976.046875,186765312
2026-08-31 19:45:00+00:00,78957.0078125,79094.7734375,78844.65625,78878.859375,193015808
2026-08-31 20:00:00+00:00,78904.09375,78963.1796875,78854.0234375,78948.5,924381184
2026-08-31 20:15:00+00:00,78959.9921875,79149.0390625,78900.2421875,78900.2421875,176349184
2026-08-31 20:30:00+00:00,78914.2421875,78941.359375,78772.5078125,78860.359375,1886208
2026-08-31 20:45:00+00:00,78866.8828125,78903.390625,78811.0703125,78842.6875,126785536
2026-08-31 21:00:00+00:00,78853.2890625,78874.890625,78720.0234375,78824.7421875,732090368
2026-08-31 21:15:00+00:00,78844.65625,78949.1484375,78794.6171875,78940.0,10385408
2026-08-31 21:30:00+00:00,78956.0078125,79050.0,78943.2734375,79043.0078125,74295296
2026-08-31 21:45:00+00:00,79040.109375,79049.34375,78931.96875,78944.7734375,108767232
2026-08-31 22:00:00+00:00,78945.7578125,79000.0,78872.15625,78872.15625,53776384
2026-08-31 22:15:00+00:00,78870.03125,78870.03125,78733.1484375,78746.9921875,24840192
2026-08-31 22:30:00+00:00,78747.0,78755.0078125,78638.0078125,78651.0234375,98039808
2026-08-31 22:45:00+00:00,78644.2578125,78644.2578125,78555.0078125,78568.328125,48947200
2026-08-31 23:00:00+00:00,78568.328125,78568.328125,78380.046875,78430.78125,881860608
2026-08-31 23:15:00+00:00,78435.0,78560.7890625,78432.953125,78559.6328125,10534912
2026-08-31 23:30:00+00:00,78559.640625,78568.1796875,78480.6015625,78541.9921875,0
2026-08-31 23:45:00+00:00,78541.9921875,78566.6328125,78522.328125,78562.7265625,0
2026-09-01 00:00:00+00:00,78556.859375,78770.4375,78537.71875,78732.21875,0
2026-09-01 00:15:00+00:00,78732.046875,78880.4921875,78717.1796875,78844.5078125,98711552
2026-09-01 00:30:00+00:00,78844.5234375,78869.7421875,78652.1796875,78680.078125,6144
2026-09-01 00:45:00+00:00,78680.84375,78787.1328125,78561.03125,78628.03125,135098368
2026-09-01 01:00:00+00:00,78640.7421875,78780.296875,78507.6875,78526.546875,624553984
2026-09-01 01:15:00+00:00,78536.6484375,78623.703125,78390.0,78393.0234375,101541888
2026-09-01 01:30:00+00:00,78403.7421875,78558.0234375,78353.4921875,78549.90625,163629056
2026-09-01 01:45:00+00:00,78549.9296875,78551.4375,78353.9375,78377.171875,83689472
2026-09-01 02:00:00+00:00,78351.0,78355.0,78161.4765625,78263.6796875,67024896
2026-09-01 02:15:00+00:00,78277.6796875,78298.5078125,78178.046875,78191.34375,2144256
2026-09-01 02:30:00+00:00,78205.0703125,78375.0,78199.1171875,78339.8515625,286799872
2026-09-01 02:45:00+00:00,78339.8515625,78428.609375,78315.7578125,78422.4609375,119189504
2026-09-01 03:00:00+00:00,78422.46875,78466.828125,78370.5234375,78397.546875,47060992
2026-09-01 03:15:00+00:00,78403.5625,78485.65625,78376.5078125,78457.59375,47734784
2026-09-01 03:30:00+00:00,78457.59375,78849.9921875,78445.8984375,78773.8515625,106577920
2026-09-01 03:45:00+00:00,78760.0390625,78773.8515625,78638.1328125,78653.9296875,927547392
2026-09-01 04:00:00+00:00,78653.9296875,78763.3515625,78619.5625,78643.59375,0
2026-09-01 04:15:00+00:00,78643.6015625,78870.0625,78643.4921875,78801.6171875,122372096
2026-09-01 04:30:00+00:00,78801.6328125,78828.7109375,78688.7890625,78690.53125,0
2026-09-01 04:45:00+00:00,78690.5390625,78765.5078125,78656.6328125,78704.4765625,380000256
2026-09-01 05:00:00+00:00,78716.296875,78949.9921875,78716.296875,78837.5625,126654464
2026-09-01 05:15:00+00:00,78842.2421875,78979.3671875,78768.5625,78979.3671875,101795840
2026-09-01 05:30:00+00:00,78979.3828125,79153.5,78945.0,79147.8828125,0
2026-09-01 05:45:00+00:00,79138.7109375,79195.3203125,79065.7109375,79136.0625,189429760
2026-09-01 06:00:00+00:00,79115.7890625,79115.7890625,78952.7109375,79007.1484375,48513024
2026-09-01 06:15:00+00:00,78993.796875,78993.796875,78789.359375,78863.1171875,121786368
2026-09-01 06:30:00+00:00,78863.1171875,78921.2109375,78834.0234375,78852.109375,2015232
2026-09-01 06:45:00+00:00,78852.109375,78855.7734375,78708.71875,78708.71875,132640768
2026-09-01 07:00:00+00:00,78702.0078125,78781.5234375,78692.3828125,78698.0625,9359360
2026-09-01 07:15:00+00:00,78712.5234375,78772.03125,78681.828125,78757.09375,15243264
2026-09-01 07:30:00+00:00,78765.890625,78774.40625,78480.609375,78599.609375,15581184
2026-09-01 07:45:00+00:00,78599.609375,78661.453125,78565.3125,78609.921875,140537856
2026-09-01 08:00:00+00:00,78615.9375,78635.0,78246.0,78282.3671875,179509248
2026-09-01 08:15:00+00:00,78295.5703125,78317.9375,77859.7265625,77864.2109375,156700672
2026-09-01 08:30:00+00:00,77868.1171875,78019.59375,77825.65625,77952.1796875,1046587392
2026-09-01 08:45:00+00:00,77936.5234375,78002.328125,77802.9296875,77858.359375,209997824
2026-09-01 09:00:00+00:00,77875.0,77897.3671875,77757.3125,77800.0,0
2026-09-01 09:15:00+00:00,77793.1328125,77952.6015625,77790.0078125,77908.453125,158912512
2026-09-01 09:30:00+00:00,77912.203125,78031.5,77832.0078125,78031.5,284272640
2026-09-01 09:45:00+00:00,78031.5078125,78037.3984375,77883.453125,77893.2421875,304443392
2026-09-01 10:00:00+00:00,77885.3515625,77980.0,77792.96875,77862.78125,0
2026-09-01 10:15:00+00:00,77864.3515625,78027.5625,77740.5625,77989.65625,130504704
2026-09-01 10:30:00+00:00,77989.65625,78174.7734375,77989.65625,78117.75,180543488
2026-09-01 10:45:00+00:00,78111.0,78142.0,77957.4765625,77989.078125,18868224
2026-09-01 11:00:00+00:00,77984.6328125,78019.5234375,77881.1796875,77949.421875,0
2026-09-01 11:15:00+00:00,77961.4609375,77986.5625,77850.0078125,77967.6171875,7833600
2026-09-01 11:30:00+00:00,77970.640625,78168.5234375,77915.03125,78069.859375,0
2026-09-01 11:45:00+00:00,78097.6796875,78167.6171875,78020.953125,78061.7109375,1004128256
2026-09-01 12:00:00+00:00,78061.71875,78121.109375,77917.2578125,78000.1328125,41175040
2026-09-01 12:15:00+00:00,78021.2421875,78068.9296875,77886.2265625,77957.46875,56500224
2026-09-01 12:30:00+00:00,77957.46875,77957.46875,77716.84375,77933.3984375,179636224
2026-09-01 12:45:00+00:00,77933.390625,78048.9765625,77900.2109375,77968.9765625,0
2026-09-01 13:00:00+00:00,77959.2734375,77986.59375,77589.3984375,77769.7890625,355921920
2026-09-01 13:15:00+00:00,77774.2734375,77864.4609375,77700.90625,77850.4765625,229623808
2026-09-01 13:30:00+00:00,77859.5625,77986.5625,77471.9921875,77895.65625,206925824
2026-09-01 13:45:00+00:00,77891.2109375,78176.0078125,77820.2578125,78041.09375,744636416
2026-09-01 14:00:00+00:00,78112.109375,78372.0625,78025.8828125,78244.5078125,141742080
2026-09-01 14:15:00+00:00,78249.703125,78385.5,78114.8125,78233.7890625,121384960
2026-09-01 14:30:00+00:00,78228.3203125,78378.78125,78202.046875,78364.0078125,74272768
2026-09-01 14:45:00+00:00,78370.8203125,78397.0234375,78108.7578125,78139.75,124356608
2026-09-01 15:00:00+00:00,78129.84375,78129.84375,77691.453125,77787.0,0
2026-09-01 15:15:00+00:00,77771.2890625,77840.9765625,77725.640625,77827.7890625,24774656
2026-09-01 15:30:00+00:00,77834.2265625,77950.671875,77765.0234375,77945.671875,98783232
2026-09-01 15:45:00+00:00,77963.3828125,78067.65625,77875.0078125,77881.4296875,52951040
2026-09-01 16:00:00+00:00,77893.71875,77947.4609375,77629.5703125,77634.5703125,35745792
2026-09-01 16:15:00+00:00,77622.3671875,77710.3125,77433.03125,77592.9296875,104077312
2026-09-01 16:30:00+00:00,77585.5625,77592.1484375,77288.9921875,77406.609375,408287232
2026-09-01 16:45:00+00:00,77424.71875,77627.7890625,77394.046875,77565.4375,11046912
2026-09-01 17:00:00+00:00,77566.84375,77629.921875,77471.6171875,77491.4765625,39815168
2026-09-01 17:15:00+00:00,77471.9609375,77599.4296875,77380.5,77496.59375,78747648
2026-09-01 17:30:00+00:00,77493.1484375,77692.6015625,77478.6171875,77491.328125,66359296
2026-09-01 17:45:00+00:00,77489.53125,77494.3984375,77224.90625,77238.203125,108394496
2026-09-01 18:00:00+00:00,77259.7578125,77294.6484375,77094.2109375,77188.890625,121591808
2026-09-01 18:15:00+00:00,77197.1328125,77218.7109375,76736.9296875,77035.0,184313856
2026-09-01 18:30:00+00:00,77000.5234375,77080.7109375,76550.0,76550.0,866426880
2026-09-01 18:45:00+00:00,76550.0,77126.9296875,76381.09375,77126.9296875,351516672
2026-09-01 19:00:00+00:00,77111.28125,77264.1328125,77081.109375,77174.28125,182489088
2026-09-01 19:15:00+00:00,77152.390625,77413.5234375,77106.46875,77322.8984375,82173952
2026-09-01 19:30:00+00:00,77319.7890625,77350.28125,77254.0234375,77279.90625,120918016
2026-09-01 19:45:00+00:00,77284.4921875,77291.5234375,77155.203125,77267.890625,109033472
2026-09-01 20:00:00+00:00,77277.15625,77390.0625,77199.3828125,77390.0625,145602560
2026-09-01 20:15:00+00:00,77403.3515625,77429.203125,77289.0,77364.8125,0
2026-09-01 20:30:00+00:00,77388.1015625,77440.8515625,77302.0,77350.9296875,134072320
2026-09-01 20:45:00+00:00,77354.328125,77431.65625,77306.3828125,77403.8125,28801024
2026-09-01 21:00:00+00:00,77418.171875,77479.140625,77038.3828125,77065.3515625,11159552
2026-09-01 21:15:00+00:00,77070.90625,77222.7578125,76875.1171875,77153.2421875,106448896
2026-09-01 21:30:00+00:00,77152.671875,77167.6484375,76984.96875,77109.25,199438336
2026-09-01 21:45:00+00:00,77098.03125,77238.3515625,77086.8125,77165.9296875,10182656
2026-09-01 22:00:00+00:00,77166.578125,77268.59375,77138.453125,77256.3984375,85104640
2026-09-01 22:15:00+00:00,77256.3984375,77256.3984375,77023.3984375,77023.3984375,13735936
2026-09-01 22:30:00+00:00,77023.40625,77140.0,76985.171875,77115.9765625,136611840
2026-09-01 22:45:00+00:00,77126.96875,77328.796875,77126.96875,77224.9765625,97499136
2026-09-01 23:00:00+00:00,77231.7734375,77277.15625,77164.9609375,77211.25,0
2026-09-01 23:15:00+00:00,77217.9765625,77349.2265625,77210.0234375,77349.2265625,170121216
2026-09-01 23:30:00+00:00,77349.2265625,77546.7421875,77325.9765625,77497.8671875,144328704
2026-09-01 23:45:00+00:00,77504.7890625,77558.203125,77377.3828125,77398.703125,159037440
2026-09-02 00:00:00+00:00,77423.46875,77473.6875,77316.1328125,77351.59375,112484352
2026-09-02 00:15:00+00:00,77351.59375,77431.4921875,77223.28125,77223.28125,755935232
2026-09-02 00:30:00+00:00,77218.203125,77302.859375,77088.453125,77197.3828125,10586112
2026-09-02 00:45:00+00:00,77207.5625,77239.2109375,77136.6015625,77171.5625,128841728
2026-09-02 01:00:00+00:00,77152.453125,77317.4609375,77107.1171875,77301.4765625,0
2026-09-02 01:15:00+00:00,77278.203125,77303.0,77095.4921875,77095.4921875,112044032
2026-09-02 01:30:00+00:00,77095.4921875,77118.296875,76806.0234375,76832.71875,162770944
2026-09-02 01:45:00+00:00,76853.3125,76988.4609375,76663.5390625,76965.7265625,254279680
2026-09-02 02:00:00+00:00,76962.3671875,77158.953125,76897.3125,77027.421875,133302272
2026-09-02 02:15:00+00:00,77027.40625,77292.203125,77026.28125,77266.1484375,46665728
2026-09-02 02:30:00+00:00,77254.03125,77254.03125,77112.7578125,77164.046875,1049804800
2026-09-02 02:45:00+00:00,77155.6484375,77277.15625,77138.15625,77277.15625,46071808
2026-09-02 03:00:00+00:00,77277.15625,77545.75,77255.546875,77456.359375,169854976
2026-09-02 03:15:00+00:00,77464.4921875,77749.9921875,77440.2421875,77612.2734375,255379456
2026-09-02 03:30:00+00:00,77598.578125,77608.3203125,77457.1875,77502.328125,101138432
2026-09-02 03:45:00+00:00,77492.3984375,77596.65625,77458.1015625,77512.453125,28491776
2026-09-02 04:00:00+00:00,77501.8828125,77501.8828125,77308.0625,77320.0078125,24997888
2026-09-02 04:15:00+00:00,77320.0078125,77404.046875,77239.7109375,77389.7109375,166449152
2026-09-02 04:30:00+00:00,77395.3203125,77556.4609375,77388.1484375,77550.71875,100300800
2026-09-02 04:45:00+00:00,77558.671875,77577.1015625,77491.7734375,77516.75,74366976
2026-09-02 05:00:00+00:00,77516.75,77563.640625,77392.8671875,77563.640625,19216384
2026-09-02 05:15:00+00:00,77563.640625,77722.71875,77563.6328125,77694.859375,142063616
2026-09-02 05:30:00+00:00,77706.7890625,77708.296875,77621.40625,77654.0390625,20371456
2026-09-02 05:45:00+00:00,77659.953125,77710.6328125,77546.90625,77605.3984375,0
2026-09-02 06:00:00+00:00,77626.71875,77678.0625,77531.71875,77541.6328125,22712320
2026-09-02 06:15:00+00:00,77568.1171875,77623.890625,77505.0078125,77505.0078125,0
2026-09-02 06:30:00+00:00,77505.0078125,77639.78125,77415.2890625,77582.7109375,101351424
2026-09-02 06:45:00+00:00,77577.5390625,77591.390625,77459.3671875,77573.6875,208766976
2026-09-02 07:00:00+00:00,77573.6875,77732.921875,77559.6171875,77637.5390625,80281600
2026-09-02 07:15:00+00:00,77614.1796875,77662.3515625,77548.7734375,77559.6328125,67246080
2026-09-02 07:30:00+00:00,77561.1875,77597.359375,77515.9609375,77519.2734375,81141760
2026-09-02 07:45:00+00:00,77512.890625,77559.609375,77435.109375,77436.2421875,50739200
2026-09-02 08:00:00+00:00,77459.609375,77510.90625,77341.078125,77381.2578125,62216192
2026-09-02 08:15:00+00:00,77394.03125,77445.0703125,77210.3984375,77212.34375,97789952
2026-09-02 08:30:00+00:00,77214.4765625,77214.4765625,76899.5,76927.4765625,0
2026-09-02 08:45:00+00:00,76911.8984375,76993.0078125,76701.578125,76802.0078125,0
2026-09-02 09:00:00+00:00,76807.4296875,77013.0390625,76807.4296875,76908.7890625,74782720
2026-09-02 09:15:00+00:00,76907.5078125,76930.578125,76623.4375,76849.8125,23654400
2026-09-02 09:30:00+00:00,76858.09375,76858.09375,76475.90625,76521.5,148570112
2026-09-02 09:45:00+00:00,76546.8515625,76718.921875,76449.09375,76711.0703125,199655424
2026-09-02 10:00:00+00:00,76708.0,76716.703125,76527.75,76595.890625,357572608
2026-09-02 10:15:00+00:00,76595.890625,76658.3984375,76527.4921875,76529.2421875,100466688
2026-09-02 10:30:00+00:00,76533.0390625,76574.5,76431.109375,76565.21875,55099392
2026-09-02 10:45:00+00:00,76549.53125,76655.046875,76244.7421875,76638.8125,476473344
2026-09-02 11:00:00+00:00,76627.9921875,76679.15625,76469.7734375,76679.15625,328949760
2026-09-02 11:15:00+00:00,76671.03125,76698.40625,76310.1171875,76455.59375,132939776
2026-09-02 11:30:00+00:00,76455.6015625,76692.0703125,76443.8671875,76595.34375,120483840
2026-09-02 11:45:00+00:00,76594.2421875,76800.2265625,76547.5078125,76778.4921875,28737536
2026-09-02 12:00:00+00:00,76760.0390625,76796.078125,76643.5234375,76790.2890625,152084480
2026-09-02 12:15:00+00:00,76727.84375,77011.1875,76727.84375,76950.2734375,260339712
2026-09-02 12:30:00+00:00,76938.90625,76948.890625,76751.703125,76780.078125,28129280
2026-09-02 12:45:00+00:00,76787.5,76787.5,76567.9296875,76567.9375,105349120
2026-09-02 13:00:00+00:00,76565.40625,76840.921875,76565.40625,76695.328125,0
2026-09-02 13:15:00+00:00,76699.328125,76916.78125,76655.828125,76836.3203125,77129728
2026-09-02 13:30:00+00:00,76763.28125,77362.84375,76572.078125,77314.6484375,0
2026-09-02 13:45:00+00:00,77341.4765625,77375.0,76959.953125,77112.640625,289503232
2026-09-02 14:00:00+00:00,77085.0,77305.0,76965.1484375,77298.90625,105932800
2026-09-02 14:15:00+00:00,77294.453125,77449.0625,77190.3515625,77297.2421875,145072128
2026-09-02 14:30:00+00:00,77290.3984375,77347.921875,77067.0,77278.3984375,201111552
2026-09-02 14:45:00+00:00,77287.40625,77287.40625,77020.4765625,77025.328125,70711296
2026-09-02 15:00:00+00:00,77016.75,77133.21875,76700.5234375,76771.8125,98996224
2026-09-02 15:15:00+00:00,76773.171875,77104.546875,76771.859375,76998.1796875,280381440
2026-09-02 15:30:00+00:00,77010.0,77349.5234375,76952.46875,77332.0234375,222261248
2026-09-02 15:45:00+00:00,77329.546875,77329.546875,77084.28125,77253.0390625,200775680
2026-09-02 16:00:00+00:00,77244.5234375,77357.21875,77171.21875,77311.90625,77608960
2026-09-02 16:15:00+00:00,77320.28125,77538.578125,77285.0,77421.171875,343412736
2026-09-02 16:30:00+00:00,77426.8203125,77534.9765625,77250.2265625,77253.4765625,155774976
2026-09-02 16:45:00+00:00,77229.0,77299.9921875,77139.9375,77139.9375,457828352
2026-09-02 17:00:00+00:00,77144.109375,77214.0390625,77024.09375,77086.7734375,106786816
2026-09-02 17:15:00+00:00,77089.609375,77133.21875,76922.046875,77054.6328125,284817408
2026-09-02 17:30:00+00:00,77070.1796875,77276.5078125,77043.7265625,77276.5078125,411858944
2026-09-02 17:45:00+00:00,77284.9609375,77368.9296875,77284.9609375,77351.4609375,369698816
2026-09-02 18:00:00+00:00,77351.4609375,77411.7578125,77289.078125,77380.0390625,0
2026-09-02 18:15:00+00:00,77389.09375,77486.328125,77356.25,77417.4921875,57184256
2026-09-02 18:30:00+00:00,77423.5234375,77426.2421875,77264.421875,77282.0078125,0
2026-09-02 18:45:00+00:00,77292.421875,77388.640625,77267.2734375,77348.28125,131889152
2026-09-02 19:00:00+00:00,77339.7734375,77376.4921875,77295.6484375,77359.0,0
2026-09-02 19:15:00+00:00,77359.0078125,77394.0,77138.828125,77138.828125,194017280
2026-09-02 19:30:00+00:00,77112.21875,77223.53125,77090.0078125,77206.7421875,468578304
2026-09-02 19:45:00+00:00,77203.59375,77324.640625,77115.3515625,77324.640625,92082176
2026-09-02 20:00:00+00:00,77332.9921875,77502.1015625,77273.921875,77335.3671875,40830976
2026-09-02 20:15:00+00:00,77316.5234375,77436.5078125,77177.71875,77351.296875,69140480
2026-09-02 20:30:00+00:00,77340.828125,77455.5390625,77289.1171875,77350.2265625,543336448
2026-09-02 20:45:00+00:00,77327.6484375,77453.140625,77279.578125,77378.109375,430520320
2026-09-02 21:00:00+00:00,77378.109375,77378.109375,77286.8828125,77299.34375,75882496
2026-09-02 21:15:00+00:00,77299.3515625,77310.0,77219.9765625,77260.0390625,258836480
2026-09-02 21:30:00+00:00,77253.8515625,77401.828125,77216.1484375,77401.1484375,226242560
2026-09-02 21:45:00+00:00,77404.2578125,77404.2578125,77246.5234375,77264.90625,150239232
2026-09-02 22:00:00+00:00,77256.671875,77256.671875,77050.0078125,77126.8203125,283441152
2026-09-02 22:15:00+00:00,77138.8203125,77148.9609375,76991.921875,76993.703125,424894464
2026-09-02 22:30:00+00:00,76989.640625,77134.9609375,76989.640625,77094.4296875,9865216
2026-09-02 22:45:00+00:00,77090.65625,77090.65625,76994.4296875,77003.6015625,309336064
2026-09-02 23:00:00+00:00,77006.59375,77194.7734375,76980.0,77193.2421875,50855936
2026-09-02 23:15:00+00:00,77193.2421875,77193.96875,77104.5703125,77164.0,371464192
2026-09-02 23:30:00+00:00,77155.6875,77227.2890625,77081.296875,77118.453125,98009088
2026-09-02 23:45:00+00:00,77127.0,77347.359375,77127.0,77316.1015625,0
2026-09-03 00:00:00+00:00,77302.84375,77363.3125,77134.9765625,77134.9765625,46690304
2026-09-03 00:15:00+00:00,77134.9921875,77134.9921875,77003.171875,77010.078125,459161600
2026-09-03 00:30:00+00:00,77006.2421875,77104.2109375,76955.75,77070.4921875,152455168
2026-09-03 00:45:00+00:00,77084.5703125,77114.6875,77005.828125,77027.84375,40843264
2026-09-03 01:00:00+00:00,77035.1015625,77404.796875,76937.859375,77390.0,402393088
2026-09-03 01:15:00+00:00,77378.34375,77407.546875,77257.03125,77400.6875,106086400
2026-09-03 01:30:00+00:00,77431.84375,77512.4921875,77289.5,77307.3671875,591937536
2026-09-03 01:45:00+00:00,77310.890625,77435.25,77256.6796875,77323.5234375,0
2026-09-03 02:00:00+00:00,77319.71875,77458.46875,77200.8203125,77458.46875,744960000
2026-09-03 02:15:00+00:00,77458.4609375,77586.8515625,77399.9375,77569.75,17543168
2026-09-03 02:30:00+00:00,77565.7578125,77877.1875,77531.9921875,77756.0625,343584768
2026-09-03 02:45:00+00:00,77743.390625,77850.8828125,77711.4765625,77786.9765625,242505728
2026-09-03 03:00:00+00:00,77760.3125,77834.671875,77670.8515625,77800.0,482654208
2026-09-03 03:15:00+00:00,77794.09375,77853.0,77682.9921875,77712.96875,66138112
2026-09-03 03:30:00+00:00,77712.96875,77742.546875,77613.7734375,77631.7734375,23670784
2026-09-03 03:45:00+00:00,77642.7734375,77714.9765625,77606.4375,77673.9609375,101943296
2026-09-03 04:00:00+00:00,77673.9609375,77804.2109375,77603.0625,77614.078125,23752704
2026-09-03 04:15:00+00:00,77614.0703125,77624.0703125,77516.7265625,77548.546875,70623232
2026-09-03 04:30:00+00:00,77548.546875,77594.71875,77510.0390625,77524.8828125,70543360
2026-09-03 04:45:00+00:00,77546.4375,77766.4296875,77546.4375,77740.7109375,15161344
2026-09-03 05:00:00+00:00,77754.9921875,77793.0,77572.8515625,77603.1328125,171155456
2026-09-03 05:15:00+00:00,77609.3125,77621.453125,77056.84375,77160.0,0
2026-09-03 05:30:00+00:00,77155.2734375,77483.5234375,77140.7734375,77453.0,834254848
2026-09-03 05:45:00+00:00,77453.0,77798.3203125,77385.6015625,77781.09375,148285440
2026-09-03 06:00:00+00:00,77781.09375,77786.4765625,77658.8515625,77678.7578125,203919360
2026-09-03 06:15:00+00:00,77692.53125,77753.5,77671.71875,77723.0390625,32366592
2026-09-03 06:30:00+00:00,77709.9765625,77793.671875,77683.5625,77793.671875,0
2026-09-03 06:45:00+00:00,77793.671875,77818.046875,77742.2265625,77797.9921875,107745280
2026-09-03 07:00:00+00:00,77797.25,78147.203125,77776.0234375,78028.7109375,133672960
2026-09-03 07:15:00+00:00,78028.453125,78028.7109375,77849.7421875,77915.7734375,235931648
2026-09-03 07:30:00+00:00,77905.6328125,78037.4296875,77824.390625,77870.46875,119154688
2026-09-03 07:45:00+00:00,77865.0625,77911.25,77560.8671875,77621.7109375,654440448
2026-09-03 08:00:00+00:00,77639.3671875,78037.421875,77639.3671875,77894.5390625,149041152
2026-09-03 08:15:00+00:00,77893.3984375,77943.0078125,77791.5234375,77938.3984375,21477376
2026-09-03 08:30:00+00:00,77951.2421875,77963.5390625,77825.0234375,77837.59375,164417536
2026-09-03 08:45:00+00:00,77837.59375,77876.640625,77725.2109375,77803.1328125,0
2026-09-03 09:00:00+00:00,77803.8203125,77924.359375,77766.7578125,77830.046875,0
2026-09-03 09:15:00+00:00,77830.0625,77883.7578125,77712.0078125,77712.0078125,108206080
2026-09-03 09:30:00+00:00,77712.0234375,77749.140625,77630.0625,77697.453125,0
2026-09-03 09:45:00+00:00,77697.453125,77741.9921875,77571.0,77571.0,0
2026-09-03 10:00:00+00:00,77571.0,77645.390625,77500.0,77529.671875,0
2026-09-03 10:15:00+00:00,77529.6796875,77676.5703125,77499.0078125,77602.859375,3219456
2026-09-03 10:30:00+00:00,77595.6171875,77617.796875,77436.28125,77476.5078125,582639616
2026-09-03 10:45:00+00:00,77470.0078125,77745.578125,77470.0078125,77708.578125,0
2026-09-03 11:00:00+00:00,77715.1015625,77792.9765625,77675.203125,77789.2421875,0
2026-09-03 11:15:00+00:00,77789.2421875,77929.7265625,77789.2421875,77894.7109375,0
2026-09-03 11:30:00+00:00,77900.5078125,77946.359375,77811.53125,77890.0,35778560
2026-09-03 11:45:00+00:00,77910.25,77971.6015625,77842.09375,77910.2734375,32153600
2026-09-03 12:00:00+00:00,77901.8515625,78059.21875,77852.890625,78059.21875,0
2026-09-03 12:15:00+00:00,78039.9375,78098.71875,77905.3125,77933.2734375,113754112
2026-09-03 12:30:00+00:00,78011.9375,78405.296875,77994.796875,78284.2421875,336824320
2026-09-03 12:45:00+00:00,78267.8125,78764.9765625,78232.5078125,78621.2890625,250718208
2026-09-03 13:00:00+00:00,78614.90625,78680.1328125,78488.2109375,78525.671875,416182272
2026-09-03 13:15:00+00:00,78527.90625,78578.9921875,78421.96875,78466.9296875,144343040
2026-09-03 13:30:00+00:00,78479.7578125,78903.0078125,78432.75,78892.453125,54255616
2026-09-03 13:45:00+00:00,78876.2890625,78982.03125,78717.5,78823.921875,125442048
2026-09-03 14:00:00+00:00,78785.4375,78972.09375,78678.96875,78972.03125,11345920
2026-09-03 14:15:00+00:00,78977.640625,79652.1328125,78977.640625,79652.1328125,316741632
2026-09-03 14:30:00+00:00,79617.34375,79865.4609375,79584.7421875,79748.4765625,1116917760
2026-09-03 14:45:00+00:00,79760.71875,80556.1484375,79760.71875,80556.1484375,861427712
2026-09-03 15:00:00+00:00,80519.4375,80939.0234375,80368.40625,80555.046875,1591762944
2026-09-03 15:15:00+00:00,80578.1484375,80783.921875,80483.3203125,80740.4296875,1203804160
2026-09-03 15:30:00+00:00,80749.3671875,80992.71875,80700.7578125,80861.4921875,321007616
2026-09-03 15:45:00+00:00,80890.65625,81391.4765625,80730.1171875,81358.2109375,541124608
2026-09-03 16:00:00+00:00,81366.609375,81387.1328125,80816.3203125,80966.25,561733632
2026-09-03 16:15:00+00:00,80957.40625,80957.40625,80631.7421875,80763.6796875,923174912
2026-09-03 16:30:00+00:00,80771.8125,80953.421875,80760.0078125,80811.2890625,319772672
2026-09-03 16:45:00+00:00,80793.1171875,81042.0078125,80788.84375,80973.953125,106027008
2026-09-03 17:00:00+00:00,80969.7890625,81110.5078125,80880.8125,81084.1171875,332349440
2026-09-03 17:15:00+00:00,81113.09375,81146.609375,80930.0,81025.59375,319373312
2026-09-03 17:30:00+00:00,81005.46875,81179.0,80997.0234375,81080.8671875,194609152
2026-09-03 17:45:00+00:00,81056.7734375,81197.9921875,81012.1171875,81052.4921875,203540480
2026-09-03 18:00:00+00:00,81048.1875,81340.046875,81036.359375,81282.1328125,233547776
2026-09-03 18:15:00+00:00,81260.0,81288.0234375,80943.0234375,80948.03125,800315392
2026-09-03 18:30:00+00:00,80948.7109375,81057.2890625,80904.0234375,80996.1171875,252817408
2026-09-03 18:45:00+00:00,80994.1328125,81278.46875,80961.6015625,81268.421875,182587392
2026-09-03 19:00:00+00:00,81253.390625,81500.1015625,81174.7109375,81211.578125,352731136
2026-09-03 19:15:00+00:00,81199.28125,81605.4296875,81180.0078125,81549.28125,466944000
2026-09-03 19:30:00+00:00,81550.390625,81613.15625,81386.671875,81554.28125,123756544
2026-09-03 19:45:00+00:00,81554.2734375,81803.078125,81459.2578125,81759.421875,276410368
2026-09-03 20:00:00+00:00,81771.9921875,81794.7734375,81419.7578125,81425.0,800325632
2026-09-03 20:15:00+00:00,81448.75,81605.9921875,81400.0234375,81547.28125,105963520
2026-09-03 20:30:00+00:00,81554.7578125,81648.359375,81425.0,81475.75,283365376
2026-09-03 20:45:00+00:00,81475.7421875,81590.5,81425.0,81482.8515625,147525632
2026-09-03 21:00:00+00:00,81468.7890625,81639.7734375,81314.359375,81604.578125,157597696
2026-09-03 21:15:00+00:00,81615.140625,81779.4609375,81521.0234375,81739.2421875,270295040
2026-09-03 21:30:00+00:00,81789.0390625,82272.0,81527.921875,81530.828125,737124352
2026-09-03 21:45:00+00:00,81542.078125,81759.0078125,81444.59375,81600.1875,1360830464
2026-09-03 22:00:00+00:00,81603.2109375,81627.2109375,81285.0,81397.46875,86507520
2026-09-03 22:15:00+00:00,81408.3125,81423.2421875,81138.8984375,81141.53125,182788096
2026-09-03 22:30:00+00:00,81121.078125,81257.7890625,80921.203125,81211.7578125,706883584
2026-09-03 22:45:00+00:00,81213.78125,81294.0,81072.703125,81155.5625,226029568
2026-09-03 23:00:00+00:00,81153.3984375,81221.25,81079.953125,81186.890625,53850112
2026-09-03 23:15:00+00:00,81168.2265625,81291.578125,81165.796875,81289.1328125,243806208
2026-09-03 23:30:00+00:00,81302.9921875,81341.3125,81135.03125,81237.390625,135294976
2026-09-03 23:45:00+00:00,81236.6328125,81340.1015625,81184.796875,81272.4609375,215887872
2026-09-04 00:00:00+00:00,81261.453125,81262.9921875,81078.953125,81252.921875,67018752
2026-09-04 00:15:00+00:00,81272.6328125,81352.078125,81147.9765625,81160.3828125,161189888
2026-09-04 00:30:00+00:00,81153.5078125,81438.0,81135.9375,81239.46875,267714560
2026-09-04 00:45:00+00:00,81222.2421875,81249.7265625,80965.0078125,80977.3125,284598272
2026-09-04 01:00:00+00:00,80979.109375,81094.9921875,80919.6328125,80948.1328125,376455168
2026-09-04 01:15:00+00:00,80953.6484375,81034.7421875,80788.5703125,80829.15625,32333824
2026-09-04 01:30:00+00:00,80822.2734375,80931.34375,80780.0078125,80797.546875,174571520
2026-09-04 01:45:00+00:00,80797.921875,81039.2109375,80785.5,80975.296875,9973760
2026-09-04 02:00:00+00:00,80968.3984375,80974.0,80784.5625,80809.8515625,928866304
2026-09-04 02:15:00+00:00,80809.8515625,80869.671875,80689.0078125,80719.1875,192503808
2026-09-04 02:30:00+00:00,80738.9921875,80849.5625,80682.921875,80741.4296875,0
2026-09-04 02:45:00+00:00,80739.921875,80836.0078125,80667.9375,80827.4921875,995917824
2026-09-04 03:00:00+00:00,80836.0078125,80999.4375,80836.0078125,80931.3203125,111874048
2026-09-04 03:15:00+00:00,80931.3125,80945.4296875,80832.1328125,80833.5078125,257957888
2026-09-04 03:30:00+00:00,80849.5,80885.8515625,80800.0078125,80874.421875,191983616
2026-09-04 03:45:00+00:00,80876.2265625,80967.84375,80850.5078125,80850.5078125,84615168
2026-09-04 04:00:00+00:00,80840.0,80966.53125,80814.0,80965.6171875,42409984
2026-09-04 04:15:00+00:00,80965.609375,81281.9921875,80946.0078125,81260.0078125,98004992
2026-09-04 04:30:00+00:00,81257.21875,81271.1328125,81019.1328125,81033.46875,397094912
2026-09-04 04:45:00+00:00,81025.28125,81142.40625,81021.4765625,81071.890625,251875328
2026-09-04 05:00:00+00:00,81071.8828125,81079.6484375,80970.046875,80979.7578125,89186304
2026-09-04 05:15:00+00:00,80981.859375,81138.5,80947.7578125,81022.203125,36143104
2026-09-04 05:30:00+00:00,81012.1015625,81018.0078125,80902.0390625,80969.9765625,22888448
2026-09-04 05:45:00+00:00,80981.7890625,81061.8671875,80856.9375,80983.203125,58306560
2026-09-04 06:00:00+00:00,80983.203125,81082.796875,80906.9765625,81000.609375,148844544
2026-09-04 06:15:00+00:00,81005.0078125,81024.546875,80672.296875,80708.7265625,30715904
2026-09-04 06:30:00+00:00,80707.109375,80839.0,80576.046875,80831.1875,205176832
2026-09-04 06:45:00+00:00,80831.2421875,80847.59375,80682.703125,80792.0,67416064
2026-09-04 07:00:00+00:00,80768.796875,80954.75,80768.796875,80914.96875,0
2026-09-04 07:15:00+00:00,80913.0390625,80955.0625,80831.59375,80847.0390625,157478912
2026-09-04 07:30:00+00:00,80873.171875,80897.65625,80738.0,80768.140625,180531200
2026-09-04 07:45:00+00:00,80768.140625,80780.9609375,80635.34375,80650.84375,310763520
2026-09-04 08:00:00+00:00,80664.7421875,80767.6796875,80523.609375,80767.6796875,95936512
2026-09-04 08:15:00+00:00,80764.859375,80987.359375,80761.0,80982.84375,274288640
2026-09-04 08:30:00+00:00,80956.9765625,81134.171875,80956.9765625,81039.203125,385028096
2026-09-04 08:45:00+00:00,81032.78125,81223.546875,80989.6328125,81140.0078125,277368832
2026-09-04 09:00:00+00:00,81142.9921875,81211.4765625,81071.2734375,81075.078125,152248320
2026-09-04 09:15:00+00:00,81075.078125,81288.8515625,80926.0234375,81026.7421875,229883904
2026-09-04 09:30:00+00:00,81017.6796875,81209.7734375,80981.3203125,81155.109375,467910656
2026-09-04 09:45:00+00:00,81158.9375,81205.578125,81015.0078125,81045.2109375,50491392
2026-09-04 10:00:00+00:00,81039.90625,81116.9765625,80886.0390625,80959.0625,499085312
2026-09-04 10:15:00+00:00,80959.2421875,80961.5078125,80816.5,80951.3828125,1170067456
2026-09-04 10:30:00+00:00,80940.9609375,81108.7890625,80901.6328125,81078.8828125,455577600
2026-09-04 10:45:00+00:00,81061.6015625,81190.8125,81026.6796875,81179.09375,131670016
2026-09-04 11:00:00+00:00,81191.9765625,81216.4921875,81074.0625,81185.0,58191872
2026-09-04 11:15:00+00:00,81185.0078125,81405.3828125,81123.796875,81326.84375,36753408
2026-09-04 11:30:00+00:00,81291.0078125,81321.75,81191.609375,81248.59375,93749248
2026-09-04 11:45:00+00:00,81241.7421875,81335.2578125,81207.0078125,81219.59375,139689984
2026-09-04 12:00:00+00:00,81221.1875,81263.9765625,81130.8515625,81223.5703125,156798976
2026-09-04 12:15:00+00:00,81239.2109375,81356.0625,81129.0,81356.0625,36061184
2026-09-04 12:30:00+00:00,80844.859375,80844.859375,79413.90625,79716.8984375,2054508544
2026-09-04 12:45:00+00:00,79650.0234375,79651.90625,79195.2421875,79434.609375,2375651328
2026-09-04 13:00:00+00:00,79452.390625,79560.0,79194.1015625,79231.2265625,256196608
2026-09-04 13:15:00+00:00,79227.03125,79491.4765625,79200.65625,79309.171875,1834729472
2026-09-04 13:30:00+00:00,79296.7265625,79521.7578125,78979.5234375,79390.2578125,52510720
2026-09-04 13:45:00+00:00,79344.4375,79691.0703125,79212.796875,79363.0,1599557632
2026-09-04 14:00:00+00:00,79361.3984375,79547.0703125,79252.1796875,79407.0,319954944
2026-09-04 14:15:00+00:00,79405.1015625,79499.9921875,79065.0625,79361.6796875,0
2026-09-04 14:30:00+00:00,79351.203125,79460.0625,78898.5234375,79004.4921875,61341696
2026-09-04 14:45:00+00:00,79016.1484375,79130.0,78627.578125,78894.6484375,86491136
2026-09-04 15:00:00+00:00,78889.6015625,79198.9921875,78783.6015625,79188.5,752508928
2026-09-04 15:15:00+00:00,79200.0,79425.1484375,79167.4765625,79400.578125,804225024
2026-09-04 15:30:00+00:00,79411.796875,79547.5703125,79365.0078125,79524.90625,0
2026-09-04 15:45:00+00:00,79514.3203125,79556.2890625,79389.8203125,79422.953125,24375296
2026-09-04 16:00:00+00:00,79421.359375,79525.9296875,79377.7578125,79448.1015625,0
2026-09-04 16:15:00+00:00,79448.9765625,79560.84375,79435.890625,79554.296875,0
2026-09-04 16:30:00+00:00,79554.3125,79867.4375,79535.6796875,79858.546875,257974272
2026-09-04 16:45:00+00:00,79854.0625,79869.8203125,79730.75,79747.96875,17231872
2026-09-04 17:00:00+00:00,79759.5703125,79763.390625,79618.6015625,79619.8984375,1002844160
2026-09-04 17:15:00+00:00,79604.609375,79650.421875,79512.4296875,79512.4609375,62341120
2026-09-04 17:30:00+00:00,79529.2578125,79591.4921875,79439.3984375,79481.25,111407104
2026-09-04 17:45:00+00:00,79482.640625,79520.9921875,79393.4609375,79469.8515625,155607040
2026-09-04 18:00:00+00:00,79476.1171875,79600.0,79476.1171875,79528.3125,0
2026-09-04 18:15:00+00:00,79528.2890625,79631.6484375,79528.2890625,79540.0703125,91688960
2026-09-04 18:30:00+00:00,79558.2421875,79655.5625,79546.5234375,79640.7265625,0
2026-09-04 18:45:00+00:00,79640.7265625,79668.2734375,79590.5,79617.921875,10809344
2026-09-04 19:00:00+00:00,79630.03125,79744.203125,79627.0234375,79715.109375,24862720
2026-09-04 19:15:00+00:00,79715.109375,79832.1796875,79701.078125,79812.0234375,0
2026-09-04 19:30:00+00:00,79810.328125,79810.328125,79636.2578125,79699.90625,67895296
2026-09-04 19:45:00+00:00,79699.546875,79825.390625,79647.0234375,79812.5234375,48148480
2026-09-04 20:00:00+00:00,79775.78125,79884.78125,79775.78125,79831.1328125,0
2026-09-04 20:15:00+00:00,79831.1171875,79860.2109375,79758.46875,79779.3515625,54104064
2026-09-04 20:30:00+00:00,79780.53125,79797.5078125,79709.421875,79732.4296875,0
2026-09-04 20:45:00+00:00,79732.5625,79795.390625,79690.1171875,79723.4765625,19951616
2026-09-04 21:00:00+00:00,79718.65625,79820.671875,79716.796875,79794.1328125,0
2026-09-04 21:15:00+00:00,79794.140625,79833.9765625,79759.84375,79798.5078125,74452992
2026-09-04 21:30:00+00:00,79799.1328125,79846.9375,79773.7578125,79791.671875,0
2026-09-04 21:45:00+00:00,79797.0078125,79825.84375,79544.4921875,79654.1171875,240017408
2026-09-04 22:00:00+00:00,79654.1328125,79719.7265625,79654.1328125,79719.7265625,79183872
2026-09-04 22:15:00+00:00,79719.7265625,79733.046875,79667.671875,79726.9921875,0
2026-09-04 22:30:00+00:00,79726.9921875,79734.2421875,79680.0234375,79680.0234375,14409728
2026-09-04 22:45:00+00:00,79680.0234375,79697.2265625,79639.6484375,79654.1015625,0
2026-09-04 23:00:00+00:00,79654.1015625,79671.171875,79614.59375,79630.828125,0
2026-09-04 23:15:00+00:00,79630.84375,79772.03125,79623.890625,79749.9921875,0
2026-09-04 23:30:00+00:00,79749.9921875,79750.0,79681.703125,79682.2421875,0
2026-09-04 23:45:00+00:00,79682.25,79686.9765625,79632.0,79675.1171875,0
2026-09-05 00:00:00+00:00,79675.1171875,79732.8828125,79628.890625,79682.9921875,0
2026-09-05 00:15:00+00:00,79682.9921875,79682.9921875,79614.578125,79672.8125,15683584
2026-09-05 00:30:00+00:00,79676.59375,79722.3671875,79642.0,79645.84375,0
2026-09-05 00:45:00+00:00,79646.2265625,79670.1484375,79574.46875,79584.0078125,0
2026-09-05 01:00:00+00:00,79601.5,79703.9609375,79565.640625,79644.8984375,0
2026-09-05 01:15:00+00:00,79639.3984375,79720.46875,79619.5703125,79705.46875,0
2026-09-05 01:30:00+00:00,79707.4609375,79731.5703125,79624.1171875,79650.75,101908480
2026-09-05 01:45:00+00:00,79660.0,79673.7109375,79551.0078125,79551.0078125,135790592
2026-09-05 02:00:00+00:00,79551.0078125,79600.921875,79500.0,79581.09375,25612288
2026-09-05 02:15:00+00:00,79582.6875,79614.46875,79528.7890625,79536.1015625,31244288
2026-09-05 02:30:00+00:00,79539.2265625,79635.2578125,79539.2265625,79633.390625,0
2026-09-05 02:45:00+00:00,79630.453125,79633.8984375,79555.0,79584.5,94658560
2026-09-05 03:00:00+00:00,79584.90625,79586.3671875,79527.2578125,79565.8125,0
2026-09-05 03:15:00+00:00,79572.859375,79632.703125,79572.859375,79597.390625,0
2026-09-05 03:30:00+00:00,79605.7265625,79640.9765625,79603.90625,79635.7265625,0
2026-09-05 03:45:00+00:00,79635.7265625,79642.34375,79590.3671875,79596.2734375,0
2026-09-05 04:00:00+00:00,79606.4765625,79606.4765625,79522.25,79554.4609375,0
2026-09-05 04:15:00+00:00,79554.4609375,79590.0,79553.84375,79568.6796875,0
2026-09-05 04:30:00+00:00,79566.1015625,79571.84375,79545.0078125,79551.4609375,0
2026-09-05 04:45:00+00:00,79551.4609375,79571.0,79511.0,79511.0078125,11675648
2026-09-05 05:00:00+00:00,79514.9765625,79582.9609375,79463.75,79574.4296875,50380800
2026-09-05 05:15:00+00:00,79574.4296875,79598.8125,79530.109375,79598.8125,44728320
2026-09-05 05:30:00+00:00,79598.8203125,79609.8671875,79526.4609375,79526.46875,70283264
2026-09-05 05:45:00+00:00,79526.4609375,79617.453125,79510.9765625,79590.3203125,0
2026-09-05 06:00:00+00:00,79591.5,79658.9765625,79591.4921875,79640.15625,80537600
2026-09-05 06:15:00+00:00,79640.1484375,79663.6484375,79630.0,79655.9765625,77631488
2026-09-05 06:30:00+00:00,79655.9765625,79728.7265625,79646.796875,79678.7578125,0
2026-09-05 06:45:00+00:00,79678.7578125,79704.90625,79660.0,79660.0,0
2026-09-05 07:00:00+00:00,79654.1171875,79709.9765625,79654.1171875,79702.640625,21016576
2026-09-05 07:15:00+00:00,79702.640625,79740.5390625,79690.8125,79735.0,38569984
2026-09-05 07:30:00+00:00,79735.0,79761.3125,79719.1015625,79739.5078125,25800704
2026-09-05 07:45:00+00:00,79744.328125,79775.78125,79705.0,79726.796875,0
2026-09-05 08:00:00+00:00,79721.828125,79721.828125,79643.0625,79672.5078125,0
2026-09-05 08:15:00+00:00,79672.5078125,79729.046875,79620.9375,79656.140625,0
2026-09-05 08:30:00+00:00,79656.140625,79656.140625,79575.4921875,79626.421875,0
2026-09-05 08:45:00+00:00,79629.953125,79667.9921875,79598.8203125,79653.296875,0
2026-09-05 09:00:00+00:00,79653.3125,79733.2578125,79653.296875,79723.921875,0
2026-09-05 09:15:00+00:00,79723.921875,79723.921875,79693.4375,79698.828125,0
2026-09-05 09:30:00+00:00,79698.84375,79710.828125,79655.9609375,79675.7890625,0
2026-09-05 09:45:00+00:00,79678.2734375,79678.28125,79613.9921875,79634.9921875,0
2026-09-05 10:00:00+00:00,79634.9921875,79646.3984375,79620.9375,79624.9921875,1906688
2026-09-05 10:15:00+00:00,79624.9921875,79670.2421875,79606.75,79615.453125,0
2026-09-05 10:30:00+00:00,79615.4609375,79673.1328125,79597.4375,79607.4375,51161088
2026-09-05 10:45:00+00:00,79607.4375,79655.9921875,79590.703125,79621.140625,18946048
2026-09-05 11:00:00+00:00,79621.1328125,79679.9765625,79621.1328125,79661.2890625,0
2026-09-05 11:15:00+00:00,79648.3984375,79651.9765625,79628.5703125,79636.84375,0
2026-09-05 11:30:00+00:00,79636.8515625,79649.953125,79612.4609375,79617.28125,21321728
2026-09-05 11:45:00+00:00,79617.2734375,79684.0390625,79613.96875,79621.921875,0
2026-09-05 12:00:00+00:00,79621.921875,79679.2421875,79621.921875,79668.0078125,0
2026-09-05 12:15:00+00:00,79668.0078125,79683.7421875,79654.4921875,79660.046875,0
2026-09-05 12:30:00+00:00,79660.046875,79788.0078125,79616.9765625,79731.8671875,0
2026-09-05 12:45:00+00:00,79731.8828125,79771.1484375,79707.1171875,79710.7265625,0
2026-09-05 13:00:00+00:00,79720.4765625,79729.4609375,79676.2421875,79729.453125,0
2026-09-05 13:15:00+00:00,79729.453125,79775.7109375,79682.5234375,79760.421875,0
2026-09-05 13:30:00+00:00,79760.4296875,79766.03125,79649.21875,79669.1875,0
2026-09-05 13:45:00+00:00,79669.1796875,79704.7578125,79563.0078125,79624.5078125,0
2026-09-05 14:00:00+00:00,79622.90625,79694.9375,79622.90625,79676.2265625,0
2026-09-05 14:15:00+00:00,79676.2265625,79744.4765625,79676.2265625,79737.2421875,0
2026-09-05 14:30:00+00:00,79737.2421875,79753.4921875,79705.0,79721.1796875,0
2026-09-05 14:45:00+00:00,79730.046875,79759.1171875,79723.1875,79723.1875,0
2026-09-05 15:00:00+00:00,79723.203125,79775.0,79705.0625,79718.828125,0
2026-09-05 15:15:00+00:00,79718.828125,79766.703125,79681.9375,79686.03125,0
2026-09-05 15:30:00+00:00,79686.0234375,79766.5,79686.0234375,79750.0,0
2026-09-05 15:45:00+00:00,79747.3203125,79820.8828125,79731.03125,79802.0078125,0
2026-09-05 16:00:00+00:00,79802.0078125,79849.8125,79755.7578125,79769.4921875,0
2026-09-05 16:15:00+00:00,79788.296875,79905.4375,79786.84375,79898.7578125,0
2026-09-05 16:30:00+00:00,79898.7578125,79995.9765625,79898.7578125,79943.3203125,94050304
2026-09-05 16:45:00+00:00,79943.3203125,80199.9921875,79934.203125,80040.53125,0
2026-09-05 17:00:00+00:00,80056.53125,80162.8828125,80015.421875,80124.140625,204158976
2026-09-05 17:15:00+00:00,80139.0078125,80149.9921875,79990.3125,80034.046875,579035136
2026-09-05 17:30:00+00:00,80039.5390625,80140.75,79987.671875,80052.28125,106799104
2026-09-05 17:45:00+00:00,80060.0,80100.0,80030.15625,80072.1875,274429952
2026-09-05 18:00:00+00:00,80064.7109375,80085.7578125,79969.453125,79997.921875,285382656
2026-09-05 18:15:00+00:00,79997.921875,80032.03125,79957.90625,79964.4609375,0
2026-09-05 18:30:00+00:00,79958.2578125,80050.0,79936.46875,79972.5,88170496
2026-09-05 18:45:00+00:00,79972.75,80009.9921875,79931.0234375,80000.03125,106905600
2026-09-05 19:00:00+00:00,79997.75,79997.75,79928.5625,79939.34375,27875328
2026-09-05 19:15:00+00:00,79941.6796875,79988.5078125,79900.0078125,79959.75,21964800
2026-09-05 19:30:00+00:00,79959.7421875,79976.5625,79756.6328125,79857.7890625,58675200
2026-09-05 19:45:00+00:00,79857.7890625,79857.796875,79715.703125,79753.2109375,96835584
2026-09-05 20:00:00+00:00,79753.2109375,79841.2265625,79716.640625,79735.4765625,0
2026-09-05 20:15:00+00:00,79735.4765625,79833.3203125,79688.296875,79720.859375,60370944
2026-09-05 20:30:00+00:00,79731.53125,79785.0,79699.390625,79785.0,162453504
2026-09-05 20:45:00+00:00,79779.34375,79798.40625,79729.1015625,79740.078125,125081600
2026-09-05 21:00:00+00:00,79740.09375,79793.9765625,79733.390625,79778.1796875,85090304
2026-09-05 21:15:00+00:00,79783.7578125,79877.2265625,79768.03125,79855.7421875,16367616
2026-09-05 21:30:00+00:00,79855.75,79928.9765625,79835.0078125,79916.0703125,0
2026-09-05 21:45:00+00:00,79928.953125,79940.0,79863.703125,79910.34375,0
2026-09-05 22:00:00+00:00,79928.9765625,79939.921875,79853.9921875,79921.03125,0
2026-09-05 22:15:00+00:00,79910.0078125,79947.0,79768.1875,79818.7421875,19023872
2026-09-05 22:30:00+00:00,79818.7421875,79856.9921875,79757.1796875,79770.5078125,0
2026-09-05 22:45:00+00:00,79764.140625,79814.078125,79754.9609375,79790.3671875,126754816
2026-09-05 23:00:00+00:00,79784.03125,79784.03125,79720.4921875,79762.0,90595328
2026-09-05 23:15:00+00:00,79761.9921875,79830.0078125,79748.609375,79800.6796875,20465664
2026-09-05 23:30:00+00:00,79800.6796875,79838.7890625,79733.3671875,79819.0078125,7755776
2026-09-05 23:45:00+00:00,79821.0,79899.4921875,79783.9609375,79840.6015625,464400384
2026-09-06 00:00:00+00:00,79835.5703125,79919.828125,79833.9609375,79911.84375,40173568
2026-09-06 00:15:00+00:00,79911.84375,79937.8671875,79870.2421875,79927.71875,19738624
2026-09-06 00:30:00+00:00,79927.703125,79945.5078125,79874.59375,79875.15625,35282944
2026-09-06 00:45:00+00:00,79875.171875,79932.0078125,79863.703125,79872.2421875,19292160
2026-09-06 01:00:00+00:00,79872.2421875,80000.0,79872.2421875,79958.4921875,29718528
2026-09-06 01:15:00+00:00,79954.8828125,79987.4765625,79899.890625,79919.84375,113299456
2026-09-06 01:30:00+00:00,79919.84375,80057.5078125,79916.0078125,79977.3828125,0
2026-09-06 01:45:00+00:00,79965.0,80016.328125,79925.6328125,79954.3203125,86859776
2026-09-06 02:00:00+00:00,79973.9921875,80019.6171875,79900.0,80000.0,9021440
2026-09-06 02:15:00+00:00,80000.0,80002.8125,79909.859375,79919.1015625,116076544
2026-09-06 02:30:00+00:00,79929.6328125,79957.703125,79880.75,79885.3125,55754752
2026-09-06 02:45:00+00:00,79882.5078125,79919.84375,79875.046875,79906.8125,17633280
2026-09-06 03:00:00+00:00,79907.0,79931.65625,79899.5390625,79931.65625,155648
2026-09-06 03:15:00+00:00,79931.6484375,79964.9921875,79890.921875,79898.4765625,62312448
2026-09-06 03:30:00+00:00,79913.9921875,80113.4765625,79913.9765625,80104.9765625,636577792
2026-09-06 03:45:00+00:00,80104.9765625,80110.796875,80006.25,80031.8671875,115488768
2026-09-06 04:00:00+00:00,80031.8828125,80031.8828125,79961.6015625,79975.1484375,0
2026-09-06 04:15:00+00:00,79975.1484375,79996.3984375,79885.8828125,79934.9765625,116506624
2026-09-06 04:30:00+00:00,79939.7890625,79939.796875,79900.203125,79917.0390625,21288960
2026-09-06 04:45:00+00:00,79928.9765625,79941.9765625,79867.7578125,79867.7578125,72972288
2026-09-06 05:00:00+00:00,79867.7578125,79909.859375,79801.0,79817.7421875,45819904
2026-09-06 05:15:00+00:00,79817.7421875,79888.2265625,79798.828125,79859.0078125,157014016
2026-09-06 05:30:00+00:00,79859.0078125,80108.9765625,79857.6875,80030.2578125,217884672
2026-09-06 05:45:00+00:00,80030.2578125,80037.890625,79949.3984375,79989.6875,157808640
2026-09-06 06:00:00+00:00,79992.15625,79992.15625,79923.6484375,79926.9609375,0
2026-09-06 06:15:00+00:00,79928.4375,79934.3203125,79829.84375,79836.421875,73502720
2026-09-06 06:30:00+00:00,79827.2890625,79850.9921875,79778.4921875,79809.9765625,35008512
2026-09-06 06:45:00+00:00,79820.0390625,79820.0390625,79700.0390625,79771.828125,90261504
2026-09-06 07:00:00+00:00,79782.7265625,79802.859375,79602.0078125,79688.21875,26122240
2026-09-06 07:15:00+00:00,79678.09375,79862.2890625,79678.09375,79833.2265625,115187712
2026-09-06 07:30:00+00:00,79830.0234375,79860.2109375,79785.53125,79844.609375,105601024
2026-09-06 07:45:00+00:00,79844.6015625,79852.5078125,79809.2265625,79810.0625,70422528
2026-09-06 08:00:00+00:00,79813.2421875,79892.9765625,79809.2421875,79870.921875,43094016
2026-09-06 08:15:00+00:00,79870.90625,79870.921875,79797.2890625,79808.6171875,99168256
2026-09-06 08:30:00+00:00,79808.6171875,79817.3515625,79765.203125,79785.703125,83499008
2026-09-06 08:45:00+00:00,79785.7109375,79879.4765625,79760.15625,79845.0,42985472
2026-09-06 09:00:00+00:00,79844.53125,79931.2421875,79810.0625,79931.2265625,8435712
2026-09-06 09:15:00+00:00,79931.2265625,79993.6015625,79913.84375,79993.6015625,92459008
2026-09-06 09:30:00+00:00,79968.7734375,79996.9609375,79859.5,79864.0234375,54267904
2026-09-06 09:45:00+00:00,79864.0234375,79907.0703125,79848.5390625,79890.4765625,778981376
2026-09-06 10:00:00+00:00,79890.4765625,79951.4765625,79890.4765625,79924.5234375,128059392
2026-09-06 10:15:00+00:00,79924.5078125,79989.7265625,79924.5078125,79981.3203125,20412416
2026-09-06 10:30:00+00:00,79981.1796875,80016.8984375,79969.7421875,80016.890625,38318080
2026-09-06 10:45:00+00:00,80011.390625,80021.671875,79979.71875,80000.6171875,28440576
2026-09-06 11:00:00+00:00,80000.6328125,80005.3125,79921.0,79984.7265625,69961728
2026-09-06 11:15:00+00:00,79984.7265625,79997.8671875,79901.859375,79907.96875,55119872
2026-09-06 11:30:00+00:00,79907.96875,79971.0078125,79893.3828125,79952.9765625,107102208
2026-09-06 11:45:00+00:00,79952.9765625,79970.0,79909.859375,79922.9921875,57499648
2026-09-06 12:00:00+00:00,79922.9765625,79946.2890625,79860.0078125,79936.03125,0
2026-09-06 12:15:00+00:00,79948.0,80012.90625,79948.0,79973.9765625,51707904
2026-09-06 12:30:00+00:00,79973.9765625,80014.59375,79935.8203125,79939.8671875,127772672
2026-09-06 12:45:00+00:00,79939.8671875,80002.359375,79918.7109375,79920.4609375,40933376
2026-09-06 13:00:00+00:00,79920.46875,79970.96875,79875.1796875,79890.0078125,31127552
2026-09-06 13:15:00+00:00,79890.0234375,79890.0234375,79789.8515625,79801.796875,131203072
2026-09-06 13:30:00+00:00,79810.0625,79856.9765625,79761.1328125,79797.0078125,23998464
2026-09-06 13:45:00+00:00,79798.0,79845.078125,79777.0,79832.9921875,0
2026-09-06 14:00:00+00:00,79827.296875,79845.7265625,79737.6015625,79748.9765625,63307776
2026-09-06 14:15:00+00:00,79750.796875,79799.09375,79593.5,79665.859375,239740928
2026-09-06 14:30:00+00:00,79663.796875,79742.53125,79333.5,79712.8125,357658624
2026-09-06 14:45:00+00:00,79708.8828125,79708.8828125,79530.6328125,79538.4921875,158142464
2026-09-06 15:00:00+00:00,79542.078125,79580.5234375,79393.109375,79539.7421875,190906368
2026-09-06 15:15:00+00:00,79539.7421875,79664.6015625,79534.59375,79633.5234375,117647360
2026-09-06 15:30:00+00:00,79632.6796875,79703.9765625,79583.7890625,79684.8828125,15517696
2026-09-06 15:45:00+00:00,79691.1796875,79722.0078125,79654.6484375,79707.6484375,51912704
2026-09-06 16:00:00+00:00,79706.2421875,79733.53125,79595.140625,79692.0,15278080
2026-09-06 16:15:00+00:00,79689.90625,79724.2421875,79629.6484375,79710.0078125,0
2026-09-06 16:30:00+00:00,79704.3125,79780.65625,79678.6015625,79721.953125,0
2026-09-06 16:45:00+00:00,79701.046875,79717.2265625,79634.5390625,79679.21875,27267072
2026-09-06 17:00:00+00:00,79679.21875,79679.2265625,79581.8125,79625.2421875,0
2026-09-06 17:15:00+00:00,79625.2265625,79770.0,79625.2265625,79686.4921875,0
2026-09-06 17:30:00+00:00,79686.4921875,79763.46875,79669.0,79737.2109375,57292800
2026-09-06 17:45:00+00:00,79739.84375,79764.0,79720.25,79741.1875,0
2026-09-06 18:00:00+00:00,79741.1875,79861.1015625,79741.1875,79846.5390625,0
2026-09-06 18:15:00+00:00,79833.0078125,79915.4921875,79821.0,79915.4765625,58025984
2026-09-06 18:30:00+00:00,79915.2890625,79966.96875,79915.28125,79930.6015625,9693184
2026-09-06 18:45:00+00:00,79947.5703125,79955.9765625,79901.3515625,79941.8828125,19382272
2026-09-06 19:00:00+00:00,79943.4765625,79943.4921875,79855.1484375,79855.1484375,0
2026-09-06 19:15:00+00:00,79855.1484375,79863.0078125,79816.4765625,79845.9921875,70572032
2026-09-06 19:30:00+00:00,79845.9765625,79845.9765625,79793.0390625,79798.4921875,21002240
2026-09-06 19:45:00+00:00,79798.5,79833.828125,79794.5,79829.9765625,15802368
2026-09-06 20:00:00+00:00,79829.9921875,79829.9921875,79774.2109375,79805.7421875,0
2026-09-06 20:15:00+00:00,79805.75,79950.0,79805.7421875,79929.75,0
2026-09-06 20:30:00+00:00,79929.7578125,79970.59375,79901.8671875,79947.9375,42608640
2026-09-06 20:45:00+00:00,79949.9921875,79973.046875,79888.390625,79892.2578125,41744384
2026-09-06 21:00:00+00:00,79928.609375,79999.96875,79919.84375,79997.9296875,140683264
2026-09-06 21:15:00+00:00,79998.9609375,80028.8984375,79893.9765625,79895.8515625,57587712
2026-09-06 21:30:00+00:00,79897.46875,79983.0,79868.2578125,79908.1875,132481024
2026-09-06 21:45:00+00:00,79914.5,79997.578125,79903.65625,79945.15625,12836864
2026-09-06 22:00:00+00:00,79945.15625,79948.4765625,79672.6328125,79750.328125,99880960
2026-09-06 22:15:00+00:00,79750.3203125,79830.0078125,79638.3125,79819.90625,118853632
2026-09-06 22:30:00+00:00,79817.203125,80009.65625,79815.203125,79974.9609375,196419584
2026-09-06 22:45:00+00:00,79966.9765625,80088.0078125,79939.796875,80048.7421875,18268160
2026-09-06 23:00:00+00:00,80052.7265625,80320.4921875,80010.1484375,80179.3515625,213790720
2026-09-06 23:15:00+00:00,80171.0,80283.90625,80099.4765625,80125.6796875,265627648
2026-09-06 23:30:00+00:00,80125.6796875,80481.25,80125.6796875,80381.75,70961152
2026-09-06 23:45:00+00:00,80396.1015625,80538.28125,80301.5,80339.3203125,715384832
2026-09-07 00:00:00+00:00,80361.0625,80442.9609375,80233.09375,80331.046875,262897664
2026-09-07 00:15:00+00:00,80320.1015625,80331.046875,80052.28125,80199.4609375,737783808
2026-09-07 00:30:00+00:00,80209.8515625,80270.859375,80095.9296875,80135.9921875,158889984
2026-09-07 00:45:00+00:00,80135.9921875,80184.46875,80067.3828125,80148.0078125,113975296
2026-09-07 01:00:00+00:00,80154.8203125,80228.5625,79940.046875,79955.9921875,97812480
2026-09-07 01:15:00+00:00,79958.9609375,80008.6171875,79844.7734375,79919.84375,194686976
2026-09-07 01:30:00+00:00,79907.8125,79985.671875,79824.546875,79846.4921875,137717760
2026-09-07 01:45:00+00:00,79848.5234375,79970.7734375,79819.7734375,79923.046875,45436928
2026-09-07 02:00:00+00:00,79916.9921875,79927.796875,79784.5703125,79823.546875,65394688
2026-09-07 02:15:00+00:00,79825.5625,80031.0,79825.546875,80013.2109375,23465984
2026-09-07 02:30:00+00:00,80029.609375,80392.703125,79988.71875,80247.3984375,386861056
2026-09-07 02:45:00+00:00,80257.578125,80269.1328125,79811.671875,79863.4296875,199262208
2026-09-07 03:00:00+00:00,79840.0078125,79970.7265625,79752.7578125,79777.078125,314994688
2026-09-07 03:15:00+00:00,79778.2890625,79823.2265625,79713.78125,79713.78125,94199808
2026-09-07 03:30:00+00:00,79720.8203125,79757.9765625,79574.0390625,79624.6484375,42598400
2026-09-07 03:45:00+00:00,79624.65625,79677.0078125,79560.5625,79587.3125,126361600
2026-09-07 04:00:00+00:00,79580.5234375,79676.9765625,79550.0,79676.9765625,107591680
2026-09-07 04:15:00+00:00,79682.9765625,79691.046875,79590.5078125,79590.5078125,128428032
2026-09-07 04:30:00+00:00,79603.3203125,79677.9765625,79535.3671875,79667.9765625,226537472
2026-09-07 04:45:00+00:00,79662.921875,79718.9921875,79634.3984375,79708.4921875,51707904
2026-09-07 05:00:00+00:00,79702.421875,79764.390625,79652.0078125,79763.9765625,37632000
2026-09-07 05:15:00+00:00,79763.9765625,79908.859375,79763.9765625,79840.0,137205760
2026-09-07 05:30:00+00:00,79845.2734375,79850.0,79800.5703125,79847.9921875,15269888
2026-09-07 05:45:00+00:00,79847.9765625,79847.9765625,79740.2109375,79740.2109375,4685824
2026-09-07 06:00:00+00:00,79734.5625,79815.078125,79733.6875,79797.8828125,197076992
2026-09-07 06:15:00+00:00,79797.8828125,79797.8828125,79680.359375,79702.7265625,11806720
2026-09-07 06:30:00+00:00,79702.71875,79728.5234375,79654.2109375,79665.2890625,185581568
2026-09-07 06:45:00+00:00,79659.5703125,79670.9921875,79643.1328125,79645.5078125,74072064
2026-09-07 07:00:00+00:00,79638.703125,79676.9765625,79572.4765625,79603.65625,394065920
2026-09-07 07:15:00+00:00,79603.6484375,79622.28125,79398.2578125,79419.1796875,186693632
2026-09-07 07:30:00+00:00,79415.0,79501.6796875,79023.5390625,79266.9375,296253440
2026-09-07 07:45:00+00:00,79274.2265625,79396.0390625,79274.2265625,79379.9375,588386304
2026-09-07 08:00:00+00:00,79393.4765625,79496.9921875,79380.921875,79452.5625,28631040
2026-09-07 08:15:00+00:00,79444.7109375,79510.453125,79434.9375,79447.2265625,86142976
2026-09-07 08:30:00+00:00,79448.9765625,79518.65625,79414.3671875,79465.4609375,69910528
2026-09-07 08:45:00+00:00,79465.4609375,79481.9765625,79405.796875,79417.8515625,37724160
2026-09-07 09:00:00+00:00,79426.578125,79538.5234375,79401.7109375,79532.046875,37830656
2026-09-07 09:15:00+00:00,79510.0625,79526.9765625,79410.671875,79472.5390625,97820672
2026-09-07 09:30:00+00:00,79473.828125,79473.84375,79309.5078125,79377.2265625,67723264
2026-09-07 09:45:00+00:00,79377.2265625,79440.46875,79293.0078125,79301.3125,27166720
2026-09-07 10:00:00+00:00,79325.0,79395.640625,79312.546875,79368.75,149506048
2026-09-07 10:15:00+00:00,79368.7421875,79419.9921875,79354.6796875,79412.5625,118992896
2026-09-07 10:30:00+00:00,79412.5625,79445.1875,79384.1171875,79445.1875,30208000
2026-09-07 10:45:00+00:00,79445.203125,79445.9765625,79343.703125,79350.6484375,62019584
2026-09-07 11:00:00+00:00,79350.640625,79406.390625,79269.109375,79406.390625,103376896
2026-09-07 11:15:00+00:00,79406.9765625,79465.390625,79388.7265625,79433.2578125,116912128
2026-09-07 11:30:00+00:00,79433.2578125,79475.9765625,79400.0,79406.1875,0
2026-09-07 11:45:00+00:00,79405.0703125,79427.2421875,79365.0234375,79409.1328125,146472960
2026-09-07 12:00:00+00:00,79416.7265625,79492.90625,79395.0234375,79417.7421875,68876288
2026-09-07 12:15:00+00:00,79417.75,79526.359375,79403.890625,79516.59375,0
2026-09-07 12:30:00+00:00,79519.546875,79525.328125,79450.9921875,79468.0,53747712
2026-09-07 12:45:00+00:00,79468.640625,79622.71875,79465.9921875,79597.7578125,68286464
2026-09-07 13:00:00+00:00,79584.4609375,79639.65625,79518.1484375,79619.9921875,181176320
2026-09-07 13:15:00+00:00,79619.9921875,79633.6484375,79565.046875,79630.7265625,120631296
2026-09-07 13:30:00+00:00,79632.3671875,79632.3671875,79301.0,79364.1015625,66334720
2026-09-07 13:45:00+00:00,79340.328125,79415.828125,79311.1328125,79344.84375,199878656
2026-09-07 14:00:00+00:00,79337.0625,79393.4296875,79111.7265625,79166.359375,30242816
2026-09-07 14:15:00+00:00,79158.53125,79208.9765625,79034.25,79046.65625,192907264
2026-09-07 14:30:00+00:00,79046.6484375,79096.4765625,78955.953125,79026.34375,0
2026-09-07 14:45:00+00:00,79021.421875,79267.359375,79015.78125,79184.1328125,164714496
2026-09-07 15:00:00+00:00,79179.0,79179.0,79020.2109375,79027.8515625,40583168
2026-09-07 15:15:00+00:00,79016.203125,79137.3203125,78877.9765625,79019.96875,301801472
2026-09-07 15:30:00+00:00,79025.96875,79025.96875,78680.359375,78759.546875,302882816
2026-09-07 15:45:00+00:00,78736.3828125,78850.4375,78685.2578125,78800.0,357269504
2026-09-07 16:00:00+00:00,78815.046875,78910.8515625,78810.03125,78894.6015625,148719616
2026-09-07 16:15:00+00:00,78889.546875,78889.546875,78780.1171875,78804.90625,164677632
2026-09-07 16:30:00+00:00,78822.3125,79019.9609375,78807.9609375,78988.1015625,85891072
2026-09-07 16:45:00+00:00,78988.1015625,79010.9921875,78951.0078125,79010.9765625,157845504
2026-09-07 17:00:00+00:00,79010.9765625,79140.0703125,78995.28125,79136.203125,51818496
2026-09-07 17:15:00+00:00,79130.90625,79148.15625,79082.1015625,79105.5,46680064
2026-09-07 17:30:00+00:00,79105.5078125,79160.078125,79057.9609375,79146.8125,116072448
2026-09-07 17:45:00+00:00,79146.8125,79198.25,79123.9296875,79170.0,43988992
2026-09-07 18:00:00+00:00,79174.921875,79195.4921875,79133.7421875,79164.15625,90951680
2026-09-07 18:15:00+00:00,79170.0,79188.28125,79117.8125,79142.9375,136060928
2026-09-07 18:30:00+00:00,79142.9375,79161.7734375,79085.3203125,79148.1484375,126253056
2026-09-07 18:45:00+00:00,79152.8125,79238.8984375,79128.6796875,79195.0234375,82931712
2026-09-07 19:00:00+00:00,79195.0234375,79195.0234375,79146.6171875,79157.21875,52801536
2026-09-07 19:15:00+00:00,79157.21875,79239.9921875,79157.21875,79221.7265625,0
2026-09-07 19:30:00+00:00,79231.46875,79394.7109375,79224.4296875,79326.8125,76711936
2026-09-07 19:45:00+00:00,79326.8125,79373.84375,79326.8125,79352.2109375,144566272
2026-09-07 20:00:00+00:00,79355.640625,79386.1875,79188.46875,79215.6875,8689664
2026-09-07 20:15:00+00:00,79215.6875,79245.0,79163.421875,79195.859375,189399040
2026-09-07 20:30:00+00:00,79195.859375,79225.1328125,79172.2578125,79172.2578125,596056064
2026-09-07 20:45:00+00:00,79171.5625,79249.4921875,79150.7890625,79220.5390625,34863104
2026-09-07 21:00:00+00:00,79227.421875,79252.203125,79183.6015625,79252.203125,0
2026-09-07 21:15:00+00:00,79252.9375,79252.9375,79194.0078125,79213.3984375,81561600
2026-09-07 21:30:00+00:00,79213.3984375,79219.59375,79159.578125,79184.6484375,40648704
2026-09-07 21:45:00+00:00,79183.0,79204.359375,79139.4921875,79139.4921875,0
2026-09-07 22:00:00+00:00,79146.1171875,79193.9296875,79087.8671875,79134.078125,32219136
2026-09-07 22:15:00+00:00,79134.078125,79187.1171875,79007.2109375,79083.0,62924800
2026-09-07 22:30:00+00:00,79065.0078125,79080.0390625,78787.9375,78800.9921875,554403840
2026-09-07 22:45:00+00:00,78823.1328125,78953.046875,78804.8203125,78929.9296875,176076800
2026-09-07 23:00:00+00:00,78923.9921875,79153.6171875,78923.9921875,79113.109375,0
2026-09-07 23:15:00+00:00,79114.4921875,79121.2265625,78941.6328125,78987.8515625,54018048
2026-09-07 23:30:00+00:00,78987.8515625,79106.65625,78965.0234375,79106.6484375,4102144
2026-09-07 23:45:00+00:00,79106.65625,79195.4765625,79082.7890625,79091.96875,0
2026-09-08 00:00:00+00:00,79076.2421875,79094.40625,78970.2109375,79033.4765625,68304896
2026-09-08 00:15:00+00:00,79033.4765625,79137.1484375,78951.6875,78980.0390625,0
2026-09-08 00:30:00+00:00,78984.328125,79263.671875,78962.203125,79197.75,41717760
2026-09-08 00:45:00+00:00,79187.7109375,79296.7734375,79176.4296875,79293.3828125,92760064
2026-09-08 01:00:00+00:00,79293.5703125,79355.390625,79245.0,79274.2734375,35946496
2026-09-08 01:15:00+00:00,79286.921875,79438.953125,79250.0,79380.75,10362880
2026-09-08 01:30:00+00:00,79370.6171875,79372.2734375,79288.7734375,79297.71875,32475136
2026-09-08 01:45:00+00:00,79297.71875,79440.0,79285.0,79413.921875,61526016
2026-09-08 02:00:00+00:00,79416.953125,79416.9609375,79233.1015625,79313.2109375,165623808
2026-09-08 02:15:00+00:00,79313.2109375,79472.3203125,79214.2265625,79249.0234375,149069824
2026-09-08 02:30:00+00:00,79231.71875,79249.0234375,79082.0390625,79113.7265625,168663040
2026-09-08 02:45:00+00:00,79124.9921875,79132.5703125,78914.546875,78914.5625,121903104
2026-09-08 03:00:00+00:00,78914.0078125,78986.9765625,78861.0,78902.9765625,174698496
2026-09-08 03:15:00+00:00,78889.3515625,78924.890625,78709.3125,78753.5390625,0
2026-09-08 03:30:00+00:00,78803.6484375,78974.9921875,78803.6484375,78922.1015625,906151936
2026-09-08 03:45:00+00:00,78930.28125,78930.2890625,78844.7265625,78875.21875,325691392
2026-09-08 04:00:00+00:00,78875.2109375,78900.6328125,78755.046875,78783.0,104951808
2026-09-08 04:15:00+00:00,78789.890625,78831.46875,78739.25,78795.1328125,187969536
2026-09-08 04:30:00+00:00,78798.0625,78846.828125,78714.0234375,78755.9921875,93581312
2026-09-08 04:45:00+00:00,78739.828125,78790.0,78649.8828125,78649.8828125,0
2026-09-08 05:00:00+00:00,78649.8828125,78785.0,78543.390625,78678.6015625,262180864
2026-09-08 05:15:00+00:00,78650.59375,78851.25,78627.9921875,78793.0625,108158976
2026-09-08 05:30:00+00:00,78794.7421875,78800.203125,78607.71875,78607.71875,117327872
2026-09-08 05:45:00+00:00,78622.0234375,78697.5390625,78541.828125,78556.7890625,141107200
2026-09-08 06:00:00+00:00,78561.7578125,78609.9921875,78440.109375,78566.640625,524410880
2026-09-08 06:15:00+00:00,78563.328125,78607.1171875,78341.1875,78356.3828125,349655040
2026-09-08 06:30:00+00:00,78345.78125,78427.4375,78334.3984375,78401.890625,413464576
2026-09-08 06:45:00+00:00,78401.890625,78458.6171875,78234.3515625,78299.28125,265412608
2026-09-08 07:00:00+00:00,78310.953125,78416.0703125,78274.5625,78384.5078125,593672192
2026-09-08 07:15:00+00:00,78384.5078125,78488.3203125,78351.0,78438.59375,635117568
2026-09-08 07:30:00+00:00,78447.7265625,78567.6875,78408.7734375,78410.7109375,363157504
2026-09-08 07:45:00+00:00,78410.7109375,78451.0703125,78162.71875,78451.0703125,854427648
2026-09-08 08:00:00+00:00,78430.453125,78430.453125,78260.7109375,78362.203125,384358400
2026-09-08 08:15:00+00:00,78369.5703125,78481.6171875,78275.5703125,78457.7421875,210024448
2026-09-08 08:30:00+00:00,78445.09375,78530.1875,78423.1796875,78480.046875,263139328
2026-09-08 08:45:00+00:00,78507.859375,78546.5703125,78345.8203125,78378.5,56561664
2026-09-08 09:00:00+00:00,78392.21875,78469.671875,78314.078125,78455.78125,896919552
2026-09-08 09:15:00+00:00,78481.6015625,78481.6015625,78320.796875,78448.5234375,348270592
2026-09-08 09:30:00+00:00,78448.5234375,78756.2421875,78423.21875,78738.953125,149041152
2026-09-08 09:45:00+00:00,78738.953125,78774.0,78706.7890625,78735.7421875,248403968
2026-09-08 10:00:00+00:00,78725.8828125,78730.0,78649.6484375,78712.2734375,80838656
2026-09-08 10:15:00+00:00,78712.28125,78958.8203125,78704.0390625,78821.40625,224524288
2026-09-08 10:30:00+00:00,78823.2734375,78839.8125,78629.25,78640.046875,152594432
2026-09-08 10:45:00+00:00,78648.7734375,78668.9921875,78534.15625,78534.15625,113076224
2026-09-08 11:00:00+00:00,78550.8515625,78552.9921875,78259.7578125,78281.59375,161046528
2026-09-08 11:15:00+00:00,78276.1484375,78455.2890625,78276.1484375,78418.078125,432224256
2026-09-08 11:30:00+00:00,78418.0703125,78468.4375,78380.0,78411.328125,97957888
2026-09-08 11:45:00+00:00,78412.0234375,78442.09375,78336.6484375,78401.1171875,119062528
2026-09-08 12:00:00+00:00,78401.8828125,78401.8828125,78189.640625,78189.6484375,481853440
2026-09-08 12:15:00+00:00,78189.640625,78369.578125,78189.640625,78347.359375,161525760
2026-09-08 12:30:00+00:00,78347.359375,78421.90625,78268.3125,78302.5703125,214054912
2026-09-08 12:45:00+00:00,78314.4609375,78454.5234375,78275.6015625,78421.90625,267321344
2026-09-08 13:00:00+00:00,78421.078125,78512.890625,78381.2421875,78440.40625,241776640
2026-09-08 13:15:00+00:00,78440.3984375,78455.7421875,78282.8515625,78301.2265625,286855168
2026-09-08 13:30:00+00:00,78291.828125,78332.9296875,77649.359375,77805.4765625,477454336
2026-09-08 13:45:00+00:00,77787.0,78062.5,77629.546875,77933.046875,1089429504
2026-09-08 14:00:00+00:00,77975.7734375,78154.5,77826.140625,78116.4609375,840212480
2026-09-08 14:15:00+00:00,78122.421875,78359.7578125,78122.421875,78317.859375,148074496
2026-09-08 14:30:00+00:00,78322.828125,78410.75,78234.65625,78381.359375,314935296
2026-09-08 14:45:00+00:00,78388.359375,78588.6171875,78359.0625,78538.6171875,106780672
2026-09-08 15:00:00+00:00,78530.0625,78641.0078125,78457.9765625,78625.9296875,231643136
2026-09-08 15:15:00+00:00,78627.171875,78694.1328125,78441.7578125,78442.09375,7895040
2026-09-08 15:30:00+00:00,78445.8984375,78745.0,78435.2109375,78698.03125,81227776
2026-09-08 15:45:00+00:00,78734.7265625,78900.0,78657.7890625,78897.53125,350662656
2026-09-08 16:00:00+00:00,78900.0,78900.0,78612.9609375,78634.9609375,81512448
2026-09-08 16:15:00+00:00,78641.0390625,78680.921875,78565.859375,78631.4296875,43810816
2026-09-08 16:30:00+00:00,78636.828125,78967.9765625,78609.0703125,78787.171875,258510848
2026-09-08 16:45:00+00:00,78802.3125,78868.0234375,78653.4921875,78730.8203125,276844544
2026-09-08 17:00:00+00:00,78730.8203125,78887.1171875,78655.109375,78700.2421875,188096512
2026-09-08 17:15:00+00:00,78707.078125,78709.28125,78534.6875,78582.4609375,353820672
2026-09-08 17:30:00+00:00,78582.453125,78658.9921875,78515.28125,78515.28125,0
2026-09-08 17:45:00+00:00,78519.8203125,78639.609375,78483.609375,78493.1796875,107528192
2026-09-08 18:00:00+00:00,78491.7109375,78716.09375,78480.9921875,78658.5,32241664
2026-09-08 18:15:00+00:00,78657.8984375,78802.4609375,78657.8984375,78723.53125,112134144
2026-09-08 18:30:00+00:00,78723.53125,78764.2890625,78562.1484375,78593.171875,96006144
2026-09-08 18:45:00+00:00,78593.1796875,78642.7109375,78280.6484375,78423.4921875,215306240
2026-09-08 19:00:00+00:00,78439.578125,78517.9765625,78384.3515625,78462.40625,198739968
2026-09-08 19:15:00+00:00,78469.6171875,78520.9296875,78338.3515625,78445.421875,325085184
2026-09-08 19:30:00+00:00,78479.828125,78512.7578125,78329.40625,78404.3984375,73388032
2026-09-08 19:45:00+00:00,78413.3671875,78437.9765625,78310.3203125,78435.5703125,236599296
2026-09-08 20:00:00+00:00,78429.8828125,78612.9375,78387.34375,78597.3515625,0
2026-09-08 20:15:00+00:00,78607.2421875,78608.453125,78445.796875,78591.28125,177106944
2026-09-08 20:30:00+00:00,78584.3203125,78584.3203125,78413.4296875,78531.8515625,138866688
2026-09-08 20:45:00+00:00,78514.75,78562.9296875,78463.0234375,78482.453125,113659904
2026-09-08 21:00:00+00:00,78482.453125,78573.859375,78462.359375,78543.7890625,62992384
2026-09-08 21:15:00+00:00,78551.5390625,78619.0390625,78494.2421875,78521.5234375,21352448
2026-09-08 21:30:00+00:00,78521.53125,78555.7578125,78443.78125,78515.8515625,60170240
2026-09-08 21:45:00+00:00,78517.8203125,78523.671875,78391.7578125,78484.359375,80986112
2026-09-08 22:00:00+00:00,78475.3828125,78628.640625,78440.0,78488.1484375,83488768
2026-09-08 22:15:00+00:00,78492.6015625,78563.75,78453.15625,78487.9609375,139304960
2026-09-08 22:30:00+00:00,78487.96875,78525.6875,78454.53125,78477.1484375,33841152
2026-09-08 22:45:00+00:00,78477.1484375,78569.703125,78475.34375,78545.40625,46833664
2026-09-08 23:00:00+00:00,78545.421875,78564.3984375,78450.0,78490.0,4849664
2026-09-08 23:15:00+00:00,78490.0,78497.2109375,78420.0,78463.4375,118439936
2026-09-08 23:30:00+00:00,78451.53125,78465.2890625,78433.0078125,78442.96875,166428672
2026-09-08 23:45:00+00:00,78442.96875,78461.2578125,78399.1328125,78447.109375,41426944
2026-09-09 00:00:00+00:00,78457.7734375,78727.8125,78447.109375,78719.296875,847034368
2026-09-09 00:15:00+00:00,78719.296875,78732.359375,78590.0,78624.4921875,99844096
2026-09-09 00:30:00+00:00,78624.4921875,78686.7578125,78558.2109375,78686.7578125,0
2026-09-09 00:45:00+00:00,78686.7578125,78792.0390625,78686.7578125,78765.5,1273856
2026-09-09 01:00:00+00:00,78768.828125,78863.6796875,78700.1796875,78733.9375,7913472
2026-09-09 01:15:00+00:00,78731.828125,78768.171875,78624.8828125,78736.1171875,223244288
2026-09-09 01:30:00+00:00,78724.0234375,78873.9921875,78693.3984375,78837.1875,39624704
2026-09-09 01:45:00+00:00,78845.9921875,78887.6875,78815.9375,78879.703125,90697728
2026-09-09 02:00:00+00:00,78892.28125,78923.390625,78788.0,78789.7890625,59150336
2026-09-09 02:15:00+00:00,78794.75,78826.3984375,78680.6484375,78815.9375,0
2026-09-09 02:30:00+00:00,78804.65625,78835.2578125,78743.6328125,78788.5234375,86908928
2026-09-09 02:45:00+00:00,78788.5703125,78800.53125,78728.6796875,78730.15625,0
2026-09-09 03:00:00+00:00,78713.140625,78713.140625,78578.9296875,78582.0703125,61741056
2026-09-09 03:15:00+00:00,78590.15625,78612.046875,78537.1171875,78569.1796875,0
2026-09-09 03:30:00+00:00,78568.6171875,78650.2578125,78565.203125,78639.9921875,0
2026-09-09 03:45:00+00:00,78632.71875,78674.0703125,78590.0234375,78619.7109375,6367232
2026-09-09 04:00:00+00:00,78629.0625,78932.7109375,78628.3828125,78823.90625,143593472
2026-09-09 04:15:00+00:00,78823.4765625,78934.828125,78768.1796875,78875.640625,48226304
2026-09-09 04:30:00+00:00,78874.9375,79182.40625,78856.3203125,79177.6171875,117116928
2026-09-09 04:45:00+00:00,79200.0,79200.0,79066.6796875,79159.109375,121018368
2026-09-09 05:00:00+00:00,79170.9609375,79274.9375,79044.7734375,79260.9296875,146120704
2026-09-09 05:15:00+00:00,79221.90625,79353.7421875,79115.03125,79115.0390625,146384896
2026-09-09 05:30:00+00:00,79126.3828125,79126.390625,78880.0078125,78912.3828125,52836352
2026-09-09 05:45:00+00:00,78901.0,78947.2734375,78823.2734375,78914.359375,0
2026-09-09 06:00:00+00:00,78921.796875,79130.0,78844.84375,79105.8203125,0
2026-09-09 06:15:00+00:00,79099.359375,79269.9609375,79078.671875,79143.5390625,0
2026-09-09 06:30:00+00:00,79159.421875,79224.3125,79126.3828125,79173.9296875,0
2026-09-09 06:45:00+00:00,79184.7890625,79192.9375,79102.5,79150.25,0
2026-09-09 07:00:00+00:00,79140.53125,79355.0,79137.25,79240.7578125,0
2026-09-09 07:15:00+00:00,79240.7578125,79291.8984375,79216.28125,79262.828125,0
2026-09-09 07:30:00+00:00,79279.78125,79279.7890625,79162.953125,79185.5078125,0
2026-09-09 07:45:00+00:00,79189.75,79271.6328125,79179.03125,79258.7890625,0
2026-09-09 08:00:00+00:00,79281.6015625,79516.2578125,79254.609375,79394.609375,123205632
2026-09-09 08:15:00+00:00,79401.90625,79683.6484375,79401.90625,79683.1171875,128761856
2026-09-09 08:30:00+00:00,79658.96875,79729.15625,79581.4296875,79633.3828125,38088704
2026-09-09 08:45:00+00:00,79638.7421875,79702.0,79580.1015625,79695.390625,172597248
2026-09-09 09:00:00+00:00,79711.4296875,79711.4296875,79463.3828125,79524.1328125,0
2026-09-09 09:15:00+00:00,79534.3125,79535.828125,79405.078125,79408.640625,103892992
2026-09-09 09:30:00+00:00,79408.640625,79431.140625,79059.8203125,79068.1171875,0
2026-09-09 09:45:00+00:00,79097.5,79108.09375,78879.6875,78940.0,290242560
2026-09-09 10:00:00+00:00,78950.8515625,79039.7109375,78922.4921875,78999.5,202792960
2026-09-09 10:15:00+00:00,78982.3203125,79114.4296875,78911.640625,79070.0078125,48771072
2026-09-09 10:30:00+00:00,79070.0,79175.7890625,79049.0078125,79060.359375,22208512
2026-09-09 10:45:00+00:00,79066.640625,79066.6484375,78855.359375,78901.7578125,100698112
2026-09-09 11:00:00+00:00,78905.609375,78947.34375,78720.5078125,78847.8125,142213120
2026-09-09 11:15:00+00:00,78855.0,78983.796875,78780.828125,78970.90625,47595520
2026-09-09 11:30:00+00:00,78961.796875,79085.9765625,78938.578125,78999.140625,111169536
2026-09-09 11:45:00+00:00,79033.8671875,79351.640625,79033.8671875,79294.2578125,79839232
2026-09-09 12:00:00+00:00,79330.2265625,79430.078125,79267.71875,79368.0,231557120
2026-09-09 12:15:00+00:00,79375.0625,79427.2421875,79297.09375,79384.9921875,205660160
2026-09-09 12:30:00+00:00,79391.75,79589.296875,79382.296875,79489.1171875,81463296
2026-09-09 12:45:00+00:00,79501.140625,79648.4609375,79496.4375,79579.9921875,71884800
2026-09-09 13:00:00+00:00,79588.1484375,79610.46875,79479.96875,79494.8125,0
2026-09-09 13:15:00+00:00,79503.9765625,79624.34375,79442.6171875,79598.75,13205504
2026-09-09 13:30:00+00:00,79552.640625,79661.7734375,79089.21875,79221.703125,0
2026-09-09 13:45:00+00:00,79217.2265625,79376.4375,79092.046875,79117.6484375,0
2026-09-09 14:00:00+00:00,79050.6796875,79172.828125,78876.890625,79059.9921875,65525760
2026-09-09 14:15:00+00:00,79058.3671875,79223.0625,78851.7109375,79223.0625,69830656
2026-09-09 14:30:00+00:00,79260.0078125,79398.6875,78943.6875,78972.34375,232306688
2026-09-09 14:45:00+00:00,78963.78125,79119.53125,78873.84375,78941.828125,64542720
2026-09-09 15:00:00+00:00,78941.828125,79404.4609375,78258.78125,78470.2578125,935536640
2026-09-09 15:15:00+00:00,78455.046875,78613.8515625,78036.5703125,78351.046875,776407040
2026-09-09 15:30:00+00:00,78351.828125,78714.09375,78310.7890625,78627.78125,362416128
2026-09-09 15:45:00+00:00,78620.9609375,78672.0625,78533.1015625,78576.40625,99948544
2026-09-09 16:00:00+00:00,78582.578125,78764.2734375,78472.9609375,78645.7265625,122161152
2026-09-09 16:15:00+00:00,78641.359375,78641.359375,78441.578125,78607.59375,179453952
2026-09-09 16:30:00+00:00,78623.4375,78897.4765625,78623.4375,78791.7734375,295270400
2026-09-09 16:45:00+00:00,78773.203125,78795.09375,78714.921875,78783.1796875,0
2026-09-09 17:00:00+00:00,78783.171875,78896.140625,78697.609375,78846.578125,0
2026-09-09 17:15:00+00:00,78875.34375,78915.4609375,78772.671875,78839.6171875,141568000
2026-09-09 17:30:00+00:00,78839.7734375,78848.46875,78670.0078125,78685.8828125,144676864
2026-09-09 17:45:00+00:00,78689.609375,78802.8671875,78655.0,78754.8828125,0
2026-09-09 18:00:00+00:00,78759.2109375,78773.4296875,78578.6171875,78587.7109375,86046720
2026-09-09 18:15:00+00:00,78588.6796875,78633.6015625,78550.0,78608.2890625,0
2026-09-09 18:30:00+00:00,78603.2421875,78633.4375,78488.421875,78521.921875,225968128
2026-09-09 18:45:00+00:00,78522.296875,78527.3515625,78399.3515625,78399.3515625,22843392
2026-09-09 19:00:00+00:00,78399.34375,78476.828125,78328.328125,78470.3828125,15421440
2026-09-09 19:15:00+00:00,78470.3828125,78569.859375,78453.40625,78512.4921875,10067968
2026-09-09 19:30:00+00:00,78506.8828125,78537.3671875,78281.328125,78282.171875,104435712
2026-09-09 19:45:00+00:00,78282.1328125,78321.8203125,78133.0390625,78216.75,72300544
2026-09-09 20:00:00+00:00,78215.546875,78282.953125,78172.8984375,78239.0,77340672
2026-09-09 20:15:00+00:00,78239.0,78325.0,77994.7265625,78100.15625,73895936
2026-09-09 20:30:00+00:00,78102.1171875,78305.15625,78101.46875,78268.453125,119826432
2026-09-09 20:45:00+00:00,78260.0,78318.390625,78083.953125,78303.890625,926154752
2026-09-09 21:00:00+00:00,78300.796875,78323.3125,78158.3671875,78224.5703125,154441728
2026-09-09 21:15:00+00:00,78229.1171875,78281.46875,78116.640625,78266.4296875,50229248
2026-09-09 21:30:00+00:00,78257.96875,78258.8828125,78124.1171875,78225.1328125,64641024
2026-09-09 21:45:00+00:00,78225.140625,78225.140625,77981.1171875,78128.28125,36823040
2026-09-09 22:00:00+00:00,78159.0078125,78182.7109375,77756.75,77845.4609375,266127360
2026-09-09 22:15:00+00:00,77862.09375,78040.6328125,77760.2109375,78016.46875,202639360
2026-09-09 22:30:00+00:00,78019.9921875,78041.21875,77919.5703125,78014.53125,240482304
2026-09-09 22:45:00+00:00,78017.7734375,78030.71875,77883.796875,77897.6015625,100317184
2026-09-09 23:00:00+00:00,77906.421875,78184.03125,77906.421875,78131.65625,73259008
2026-09-09 23:15:00+00:00,78126.59375,78169.59375,78077.7734375,78169.59375,1026048
2026-09-09 23:30:00+00:00,78163.5,78237.6328125,78151.34375,78205.1796875,38592512
2026-09-09 23:45:00+00:00,78198.40625,78291.8984375,78198.40625,78291.15625,158810112
2026-09-10 00:00:00+00:00,78283.9765625,78353.078125,78253.7578125,78253.7578125,243730432
2026-09-10 00:15:00+00:00,78258.2265625,78311.59375,78194.4765625,78308.4921875,136751104
2026-09-10 00:30:00+00:00,78294.1171875,78294.1328125,78144.25,78146.359375,221020160
2026-09-10 00:45:00+00:00,78143.8203125,78235.359375,78060.078125,78151.71875,76853248
2026-09-10 01:00:00+00:00,78151.71875,78484.1875,78139.859375,78314.9296875,197951488
2026-09-10 01:15:00+00:00,78306.03125,78307.203125,78142.4921875,78145.5234375,2205696
2026-09-10 01:30:00+00:00,78145.5234375,78218.84375,77916.890625,78143.75,107208704
2026-09-10 01:45:00+00:00,78129.9296875,78137.1015625,77960.0,78070.3984375,195336192
2026-09-10 02:00:00+00:00,78063.71875,78063.71875,77977.0,78018.140625,34148352
2026-09-10 02:15:00+00:00,78013.1796875,78048.8671875,77943.953125,77991.8671875,61083648
2026-09-10 02:30:00+00:00,77991.8671875,78239.203125,77978.0,78238.703125,2609152
2026-09-10 02:45:00+00:00,78239.2109375,78346.1875,78224.0,78326.1015625,292558848
2026-09-10 03:00:00+00:00,78326.109375,78508.8984375,78308.859375,78352.2578125,244056064
2026-09-10 03:15:00+00:00,78339.4296875,78364.2578125,78270.0078125,78357.7890625,0
2026-09-10 03:30:00+00:00,78355.109375,78427.078125,78294.7265625,78344.5234375,172255232
2026-09-10 03:45:00+00:00,78338.34375,78417.78125,78245.609375,78297.1484375,85491712
2026-09-10 04:00:00+00:00,78290.203125,78376.359375,78272.046875,78314.15625,42063872
2026-09-10 04:15:00+00:00,78314.171875,78391.1875,78314.1171875,78354.078125,17893376
2026-09-10 04:30:00+00:00,78354.078125,78386.671875,78304.2734375,78304.2734375,3336192
2026-09-10 04:45:00+00:00,78304.2734375,78407.03125,78275.0078125,78368.71875,52326400
2026-09-10 05:00:00+00:00,78372.640625,78447.3515625,78241.78125,78447.3515625,0
2026-09-10 05:15:00+00:00,78439.0390625,78485.0,78323.828125,78447.3125,158726144
2026-09-10 05:30:00+00:00,78459.6328125,78491.421875,78368.0078125,78393.109375,44320768
2026-09-10 05:45:00+00:00,78379.2578125,78525.6015625,78378.0078125,78499.0390625,35856384
2026-09-10 06:00:00+00:00,78505.5390625,78506.8671875,78274.8125,78281.0,134559744
2026-09-10 06:15:00+00:00,78274.8125,78280.9765625,78133.7734375,78190.0703125,196149248
2026-09-10 06:30:00+00:00,78190.0703125,78245.1875,78133.7734375,78177.2109375,22732800
2026-09-10 06:45:00+00:00,78177.2109375,78502.7734375,78175.1015625,78389.703125,146069504
2026-09-10 07:00:00+00:00,78394.4375,78394.4375,78131.15625,78191.0390625,127068160
2026-09-10 07:15:00+00:00,78191.0390625,78191.0390625,77998.390625,77998.390625,105064448
2026-09-10 07:30:00+00:00,78000.15625,78020.7890625,77884.4375,77979.9921875,276383744
2026-09-10 07:45:00+00:00,77985.7421875,78126.5234375,77985.7421875,78079.5078125,40048640
2026-09-10 08:00:00+00:00,78078.0234375,78135.5,78030.7109375,78049.7578125,335872
2026-09-10 08:15:00+00:00,78049.7734375,78147.3125,78011.1875,78146.21875,0
2026-09-10 08:30:00+00:00,78139.8671875,78139.8671875,78008.3515625,78076.203125,68009984
2026-09-10 08:45:00+00:00,78078.171875,78148.4921875,78059.5625,78085.4609375,17895424
2026-09-10 09:00:00+00:00,78085.453125,78183.421875,78079.0625,78129.03125,3397632
2026-09-10 09:15:00+00:00,78129.03125,78199.7265625,78106.6875,78173.109375,64671744
2026-09-10 09:30:00+00:00,78172.8671875,78172.8671875,77893.75,77934.8203125,70619136
2026-09-10 09:45:00+00:00,77939.5703125,77994.5078125,77919.2578125,77941.96875,160210944
2026-09-10 10:00:00+00:00,77956.7890625,78013.359375,77923.7734375,77962.53125,64333824
2026-09-10 10:15:00+00:00,77960.3203125,77997.0234375,77897.671875,77954.6171875,0
2026-09-10 10:30:00+00:00,77954.6171875,78021.28125,77796.0625,77962.890625,55885824
2026-09-10 10:45:00+00:00,77962.890625,78005.03125,77825.7265625,77825.7265625,35317760
2026-09-10 11:00:00+00:00,77828.21875,77894.390625,77663.59375,77894.390625,205565952
2026-09-10 11:15:00+00:00,77915.7109375,78024.0703125,77915.7109375,77984.8203125,90566656
2026-09-10 11:30:00+00:00,77984.8203125,78027.7578125,77953.796875,77978.203125,48009216
2026-09-10 11:45:00+00:00,77978.1875,77998.5078125,77800.0,77820.75,37795840
2026-09-10 12:00:00+00:00,77809.328125,77862.0,77689.9375,77801.1015625,53897216
2026-09-10 12:15:00+00:00,77797.46875,77809.9921875,77641.9765625,77732.65625,350474240
2026-09-10 12:30:00+00:00,77915.7578125,77915.7578125,77029.6875,77096.5,1450072064
2026-09-10 12:45:00+00:00,77100.0234375,77107.0625,76661.3515625,76867.2421875,1275621376
2026-09-10 13:00:00+00:00,76855.7109375,77064.0390625,76747.8515625,76808.0078125,480872448
2026-09-10 13:15:00+00:00,76808.0,76946.2890625,76709.828125,76904.6796875,530997248
2026-09-10 13:30:00+00:00,76899.0703125,77062.5703125,76736.140625,76905.640625,556400640
2026-09-10 13:45:00+00:00,76902.0625,77206.046875,76889.78125,77145.0234375,427057152
2026-09-10 14:00:00+00:00,77179.1484375,77312.0234375,76928.640625,77052.8125,336152576
2026-09-10 14:15:00+00:00,77045.8984375,77350.3984375,76920.8984375,77245.90625,151101440
2026-09-10 14:30:00+00:00,77253.84375,77327.09375,77205.0390625,77251.5078125,153440256
2026-09-10 14:45:00+00:00,77251.5078125,77403.671875,77238.421875,77390.796875,308332544
2026-09-10 15:00:00+00:00,77390.8125,77390.8125,77215.8515625,77309.40625,0
2026-09-10 15:15:00+00:00,77309.5078125,77316.421875,77062.0703125,77075.8515625,0
2026-09-10 15:30:00+00:00,77096.6328125,77328.109375,77057.421875,77185.59375,0
2026-09-10 15:45:00+00:00,77193.4375,77218.7421875,77081.0703125,77218.7421875,347801600
2026-09-10 16:00:00+00:00,77220.546875,77275.0,76865.7890625,76943.34375,120305664
2026-09-10 16:15:00+00:00,76943.34375,77042.59375,76849.171875,76890.2421875,173375488
2026-09-10 16:30:00+00:00,76880.84375,77030.859375,76757.96875,77003.0625,124432384
2026-09-10 16:45:00+00:00,77003.0625,77201.28125,77003.0625,77160.21875,649945088
2026-09-10 17:00:00+00:00,77153.5234375,77192.1171875,77079.953125,77123.9921875,13629440
2026-09-10 17:15:00+00:00,77124.0,77299.078125,77084.09375,77287.2109375,407336960
2026-09-10 17:30:00+00:00,77283.2265625,77508.796875,77279.09375,77328.1328125,457797632
2026-09-10 17:45:00+00:00,77328.1328125,77394.5703125,77284.5,77294.2578125,1051592704
2026-09-10 18:00:00+00:00,77286.046875,77304.34375,76950.0078125,76978.3671875,28145664
2026-09-10 18:15:00+00:00,76973.1484375,77116.359375,76967.0234375,77033.1875,415918080
2026-09-10 18:30:00+00:00,77032.796875,77131.546875,77008.5,77119.9921875,19001344
2026-09-10 18:45:00+00:00,77120.0,77260.0,77060.90625,77222.53125,197632000
2026-09-10 19:00:00+00:00,77207.0078125,77216.0625,77092.34375,77138.7265625,408545280
2026-09-10 19:15:00+00:00,77140.640625,77218.9375,77079.6328125,77159.1875,76791808
2026-09-10 19:30:00+00:00,77161.6484375,77252.90625,77072.6015625,77224.6796875,42326016
2026-09-10 19:45:00+00:00,77230.6015625,77230.6015625,77048.7265625,77119.53125,209567744
2026-09-10 20:00:00+00:00,77128.15625,77300.0,77088.21875,77297.4921875,227006464
2026-09-10 20:15:00+00:00,77310.0,77325.53125,77220.7890625,77259.96875,320651264
2026-09-10 20:30:00+00:00,77243.2734375,77279.2734375,77202.7890625,77273.4609375,0
2026-09-10 20:45:00+00:00,77275.0703125,77283.5234375,77192.71875,77239.0078125,0
2026-09-10 21:00:00+00:00,77247.34375,77274.2421875,77188.4375,77226.796875,1042546688
2026-09-10 21:15:00+00:00,77226.7890625,77226.796875,77164.7109375,77206.203125,242290688
2026-09-10 21:30:00+00:00,77207.7421875,77208.546875,77087.3828125,77126.7421875,234770432
2026-09-10 21:45:00+00:00,77126.7421875,77178.203125,77103.2109375,77110.0390625,42756096
2026-09-10 22:00:00+00:00,77125.9765625,77171.140625,77058.09375,77127.078125,128649216
2026-09-10 22:15:00+00:00,77124.0,77193.2890625,77048.46875,77048.5,146683904
2026-09-10 22:30:00+00:00,77052.5390625,77068.03125,76810.84375,76834.8515625,254140416
2026-09-10 22:45:00+00:00,76832.0234375,76948.3125,76786.453125,76807.109375,229050368
2026-09-10 23:00:00+00:00,76805.2578125,76845.3125,76533.921875,76543.7421875,0
2026-09-10 23:15:00+00:00,76491.21875,76765.0625,76491.21875,76710.5,1242161152
2026-09-10 23:30:00+00:00,76723.4609375,76792.2265625,76686.0078125,76750.4296875,239755264
2026-09-10 23:45:00+00:00,76753.171875,76756.921875,76497.7265625,76531.953125,422565888
2026-09-11 00:00:00+00:00,76530.203125,76821.703125,76513.25,76790.1015625,48656384
2026-09-11 00:15:00+00:00,76788.15625,76843.890625,76739.859375,76816.6796875,424046592
2026-09-11 00:30:00+00:00,76816.6796875,76816.6796875,76658.3984375,76734.390625,474656768
2026-09-11 00:45:00+00:00,76730.8984375,76902.1328125,76714.09375,76878.71875,128092160
2026-09-11 01:00:00+00:00,76880.1171875,76974.1171875,76859.75,76872.96875,54956032
2026-09-11 01:15:00+00:00,76884.5078125,76927.1875,76766.7265625,76783.2890625,243490816
2026-09-11 01:30:00+00:00,76783.2890625,76883.921875,76657.28125,76839.640625,231206912
2026-09-11 01:45:00+00:00,76866.859375,76948.3828125,76773.3515625,76948.2734375,304494592
2026-09-11 02:00:00+00:00,76956.1171875,76977.203125,76866.671875,76960.4609375,149530624
2026-09-11 02:15:00+00:00,76952.421875,76952.421875,76734.2265625,76776.9375,36714496
2026-09-11 02:30:00+00:00,76781.578125,76898.2734375,76746.28125,76835.7734375,86792192
2026-09-11 02:45:00+00:00,76835.7734375,76902.921875,76785.0234375,76813.6796875,142141440
2026-09-11 03:00:00+00:00,76802.203125,76857.890625,76672.3203125,76851.578125,59643904
2026-09-11 03:15:00+00:00,76867.6171875,76867.6171875,76725.0,76791.328125,535451648
2026-09-11 03:30:00+00:00,76782.6015625,76871.3671875,76676.3515625,76847.1875,253198336
2026-09-11 03:45:00+00:00,76852.8984375,76863.65625,76735.0078125,76863.65625,1066293248
2026-09-11 04:00:00+00:00,76865.7421875,76972.4609375,76857.421875,76946.953125,145833984
2026-09-11 04:15:00+00:00,76951.90625,77155.8984375,76916.9375,77147.28125,126887936
2026-09-11 04:30:00+00:00,77158.546875,77160.0,77053.0625,77071.390625,189364224
2026-09-11 04:45:00+00:00,77071.390625,77121.0078125,77062.1796875,77086.0,0
2026-09-11 05:00:00+00:00,77083.28125,77120.0,77036.7578125,77116.0,23232512
2026-09-11 05:15:00+00:00,77116.0,77119.9921875,77059.0,77065.359375,958261248
2026-09-11 05:30:00+00:00,77072.328125,77168.28125,77045.8828125,77162.96875,0
2026-09-11 05:45:00+00:00,77162.9921875,77225.2890625,77129.6484375,77225.28125,118642688
2026-09-11 06:00:00+00:00,77225.28125,77405.9921875,77198.71875,77369.6796875,210120704
2026-09-11 06:15:00+00:00,77351.359375,77369.6796875,77221.4765625,77245.8984375,203399168
2026-09-11 06:30:00+00:00,77245.8984375,77245.8984375,77139.2890625,77202.5078125,305352704
2026-09-11 06:45:00+00:00,77213.40625,77268.8671875,77209.3828125,77265.1171875,0
2026-09-11 07:00:00+00:00,77256.9921875,77360.359375,77256.9921875,77285.296875,31510528
2026-09-11 07:15:00+00:00,77286.140625,77379.4609375,77267.4375,77306.75,249782272
2026-09-11 07:30:00+00:00,77303.6796875,77314.96875,77222.1796875,77236.7265625,244041728
2026-09-11 07:45:00+00:00,77235.1328125,77235.671875,77168.6796875,77199.53125,260919296
2026-09-11 08:00:00+00:00,77192.6171875,77241.0234375,77107.2109375,77150.46875,186793984
2026-09-11 08:15:00+00:00,77150.46875,77394.8671875,77150.46875,77357.7734375,156186624
2026-09-11 08:30:00+00:00,77353.859375,77474.8515625,77328.8828125,77393.453125,428822528
2026-09-11 08:45:00+00:00,77393.453125,77401.6796875,77309.546875,77337.0703125,374994944
2026-09-11 09:00:00+00:00,77337.0703125,77348.1875,77226.2421875,77247.171875,140480512
2026-09-11 09:15:00+00:00,77238.96875,77271.96875,77109.8125,77110.0625,247101440
2026-09-11 09:30:00+00:00,77107.4375,77141.6484375,76833.5390625,76932.25,0
2026-09-11 09:45:00+00:00,76941.3203125,77038.7734375,76935.9296875,77021.9765625,515807232
2026-09-11 10:00:00+00:00,77004.4296875,77129.640625,76959.90625,77057.71875,0
2026-09-11 10:15:00+00:00,77065.0,77115.8671875,77006.2421875,77006.4609375,434143232
2026-09-11 10:30:00+00:00,77006.46875,77031.8828125,76928.890625,76978.0,391641088
2026-09-11 10:45:00+00:00,76978.0,77015.6796875,76965.7734375,76966.640625,344778752
2026-09-11 11:00:00+00:00,76955.6796875,76965.7578125,76726.78125,76758.578125,112484352
2026-09-11 11:15:00+00:00,76762.1484375,76885.546875,76732.796875,76815.953125,360435712
2026-09-11 11:30:00+00:00,76815.953125,76877.71875,76760.6015625,76873.8671875,259713024
2026-09-11 11:45:00+00:00,76873.8671875,77014.8828125,76859.75,77014.8828125,128423936
2026-09-11 12:00:00+00:00,76994.6875,77089.640625,76865.703125,76894.1875,71589888
2026-09-11 12:15:00+00:00,76901.328125,77309.03125,76889.7890625,77119.71875,122009600
2026-09-11 12:30:00+00:00,77136.6328125,77648.640625,76173.28125,77563.4375,1324396544
2026-09-11 12:45:00+00:00,77577.953125,78090.0,77544.2890625,77990.859375,459806720
2026-09-11 13:00:00+00:00,77968.3203125,77968.3203125,77530.03125,77683.703125,824528896
2026-09-11 13:15:00+00:00,77698.390625,77806.0,77477.0078125,77499.21875,0
2026-09-11 13:30:00+00:00,77486.3203125,77879.953125,77222.84375,77765.2734375,1107046400
2026-09-11 13:45:00+00:00,77830.0,79306.796875,77746.59375,79206.5625,899086336
2026-09-11 14:00:00+00:00,79148.1015625,79748.3828125,78814.421875,79033.421875,1606303744
2026-09-11 14:15:00+00:00,79044.1796875,79167.03125,78908.828125,79025.1796875,761952256
2026-09-11 14:30:00+00:00,78995.0,79019.4296875,78530.2734375,78616.7890625,425975808
2026-09-11 14:45:00+00:00,78656.078125,78859.7265625,78495.671875,78789.5078125,467644416
2026-09-11 15:00:00+00:00,78830.0,78830.0,78490.1328125,78491.3515625,61026304
2026-09-11 15:15:00+00:00,78484.1484375,78758.9375,78484.1484375,78697.5703125,171829248
2026-09-11 15:30:00+00:00,78693.96875,78822.3671875,78628.953125,78636.6328125,251686912
2026-09-11 15:45:00+00:00,78621.65625,78641.25,77363.21875,77703.3515625,246282240
2026-09-11 16:00:00+00:00,77664.2109375,78037.8671875,77664.2109375,77775.359375,1050753024
2026-09-11 16:15:00+00:00,77771.2890625,77819.7890625,77375.8984375,77639.4609375,398983168
2026-09-11 16:30:00+00:00,77603.5078125,77780.9765625,77529.359375,77780.9765625,291061760
2026-09-11 16:45:00+00:00,77782.546875,77967.5703125,77774.921875,77904.1171875,928972800
2026-09-11 17:00:00+00:00,77899.7109375,77946.9921875,77728.671875,77734.6328125,246693888
2026-09-11 17:15:00+00:00,77739.5078125,77897.0,77681.8828125,77822.9609375,177389568
2026-09-11 17:30:00+00:00,77822.328125,77862.3203125,77552.96875,77585.3671875,0
2026-09-11 17:45:00+00:00,77581.46875,77614.0,77466.671875,77505.1796875,20090880
2026-09-11 18:00:00+00:00,77505.1796875,77508.15625,76875.2265625,77041.3828125,583602176
2026-09-11 18:15:00+00:00,77040.0,77225.40625,77031.03125,77189.1015625,331182080
2026-09-11 18:30:00+00:00,77189.2890625,77266.0,77076.71875,77088.640625,142401536
2026-09-11 18:45:00+00:00,77093.640625,77179.1171875,76923.703125,77017.671875,7999488
2026-09-11 19:00:00+00:00,77027.8671875,77214.4765625,76980.1484375,77190.9609375,1124331520
2026-09-11 19:15:00+00:00,77186.3515625,77273.1015625,77072.0078125,77207.75,141103104
2026-09-11 19:30:00+00:00,77198.0,77307.1015625,77170.359375,77284.7578125,191700992
2026-09-11 19:45:00+00:00,77288.90625,77355.140625,77221.140625,77282.859375,27095040
2026-09-11 20:00:00+00:00,77256.6171875,77461.921875,77255.0234375,77430.96875,7393280
2026-09-11 20:15:00+00:00,77425.2578125,77436.1328125,77352.3203125,77372.9296875,190144512
2026-09-11 20:30:00+00:00,77358.6328125,77445.8828125,77262.0,77391.84375,130813952
2026-09-11 20:45:00+00:00,77390.0703125,77399.09375,77175.1171875,77305.953125,235765760
2026-09-11 21:00:00+00:00,77311.4375,77407.5703125,77299.5390625,77340.890625,85458944
2026-09-11 21:15:00+00:00,77350.796875,77411.2578125,77328.2421875,77342.6796875,198352896
2026-09-11 21:30:00+00:00,77337.78125,77382.1484375,77319.796875,77334.4921875,22368256
2026-09-11 21:45:00+00:00,77334.8203125,77340.6171875,77063.5078125,77104.1796875,75866112
2026-09-11 22:00:00+00:00,77104.6875,77175.546875,76962.5390625,77175.546875,317345792
2026-09-11 22:15:00+00:00,77175.5625,77215.53125,77085.078125,77114.5234375,61308928
2026-09-11 22:30:00+00:00,77086.5703125,77191.1171875,76983.71875,77096.8828125,491626496
2026-09-11 22:45:00+00:00,77096.65625,77141.921875,76977.109375,77121.609375,309772288
2026-09-11 23:00:00+00:00,77121.609375,77193.296875,77098.65625,77110.4609375,196587520
2026-09-11 23:15:00+00:00,77116.4921875,77180.65625,77109.21875,77174.203125,156856320
2026-09-11 23:30:00+00:00,77175.03125,77209.96875,77141.0625,77158.4921875,0
2026-09-11 23:45:00+00:00,77168.078125,77210.8828125,77150.03125,77208.65625,19820544
2026-09-12 00:00:00+00:00,77207.0078125,77293.1875,77202.09375,77272.453125,99323904
2026-09-12 00:15:00+00:00,77280.9921875,77295.890625,77252.90625,77254.5234375,0
2026-09-12 00:30:00+00:00,77254.5234375,77278.0,77224.3203125,77271.640625,0
2026-09-12 00:45:00+00:00,77269.6484375,77311.9921875,77256.390625,77271.109375,0
2026-09-12 01:00:00+00:00,77271.109375,77360.03125,77237.2734375,77360.03125,0
2026-09-12 01:15:00+00:00,77360.0234375,77370.28125,77275.3125,77310.3515625,0
2026-09-12 01:30:00+00:00,77310.34375,77312.921875,77245.078125,77261.6796875,0
2026-09-12 01:45:00+00:00,77268.9921875,77320.0,77246.3125,77250.0234375,186728448
2026-09-12 02:00:00+00:00,77250.0234375,77314.2578125,77250.0234375,77283.3671875,0
2026-09-12 02:15:00+00:00,77283.359375,77310.28125,77265.4921875,77269.7421875,45428736
2026-09-12 02:30:00+00:00,77269.75,77286.65625,77206.75,77223.109375,34328576
2026-09-12 02:45:00+00:00,77224.9375,77286.3515625,77206.7578125,77286.3515625,46465024
2026-09-12 03:00:00+00:00,77262.4609375,77333.859375,77231.0390625,77255.828125,41140224
2026-09-12 03:15:00+00:00,77264.578125,77304.9921875,77221.9375,77279.921875,43237376
2026-09-12 03:30:00+00:00,77279.921875,77279.9296875,77222.7421875,77243.9765625,82509824
2026-09-12 03:45:00+00:00,77243.9765625,77262.1015625,77223.0625,77259.2265625,0
2026-09-12 04:00:00+00:00,77263.671875,77309.84375,77259.2421875,77284.7578125,0
2026-09-12 04:15:00+00:00,77281.46875,77284.7578125,77206.7578125,77241.1015625,0
2026-09-12 04:30:00+00:00,77242.9921875,77283.09375,77223.078125,77238.90625,163446784
2026-09-12 04:45:00+00:00,77241.46875,77251.859375,77206.75,77206.75,240275456
2026-09-12 05:00:00+00:00,77207.390625,77234.15625,77152.5390625,77214.4921875,125986816
2026-09-12 05:15:00+00:00,77214.4921875,77236.3828125,77183.0078125,77184.9609375,249604096
2026-09-12 05:30:00+00:00,77179.2734375,77250.4921875,77179.2734375,77223.53125,144525312
2026-09-12 05:45:00+00:00,77223.53125,77236.84375,77199.71875,77200.0,7163904
2026-09-12 06:00:00+00:00,77200.0078125,77215.4765625,77186.0078125,77193.71875,181778432
2026-09-12 06:15:00+00:00,77191.1484375,77228.546875,77191.1484375,77228.421875,0
2026-09-12 06:30:00+00:00,77228.421875,77312.7578125,77228.421875,77308.828125,221179904
2026-09-12 06:45:00+00:00,77308.828125,77347.6796875,77268.90625,77279.046875,84609024
2026-09-12 07:00:00+00:00,77279.0625,77332.5703125,77279.046875,77321.8203125,57690112
2026-09-12 07:15:00+00:00,77321.8203125,77323.359375,77285.7578125,77287.59375,78356480
2026-09-12 07:30:00+00:00,77287.59375,77289.8125,77260.4609375,77263.0078125,58056704
2026-09-12 07:45:00+00:00,77263.0078125,77281.9921875,77242.6484375,77257.0078125,18491392
2026-09-12 08:00:00+00:00,77260.2734375,77333.7109375,77244.0390625,77279.9921875,23834624
2026-09-12 08:15:00+00:00,77279.9921875,77327.1015625,77276.84375,77282.6796875,209530880
2026-09-12 08:30:00+00:00,77282.671875,77332.5390625,77282.671875,77332.5390625,61532160
2026-09-12 08:45:00+00:00,77332.5390625,77356.5390625,77317.7265625,77340.7265625,44132352
2026-09-12 09:00:00+00:00,77340.7265625,77362.078125,77319.0,77342.75,120987648
2026-09-12 09:15:00+00:00,77342.7421875,77368.78125,77326.3984375,77330.328125,69543936
2026-09-12 09:30:00+00:00,77354.8828125,77362.0078125,77309.9921875,77318.1171875,0
2026-09-12 09:45:00+00:00,77323.53125,77347.0,77301.0,77336.0234375,65370112
2026-09-12 10:00:00+00:00,77336.0234375,77380.5390625,77336.0234375,77380.53125,0
2026-09-12 10:15:00+00:00,77380.53125,77380.5390625,77355.90625,77356.203125,36343808
2026-09-12 10:30:00+00:00,77356.203125,77364.9921875,77331.3515625,77348.7421875,54044672
2026-09-12 10:45:00+00:00,77348.953125,77364.9921875,77289.9921875,77311.7109375,73752576
2026-09-12 11:00:00+00:00,77311.7109375,77333.2421875,77283.3515625,77308.671875,29306880
2026-09-12 11:15:00+00:00,77308.671875,77308.671875,77268.0390625,77279.3984375,11243520
2026-09-12 11:30:00+00:00,77279.3984375,77333.03125,77271.1484375,77329.84375,27656192
2026-09-12 11:45:00+00:00,77329.84375,77342.03125,77324.2265625,77339.796875,0
2026-09-12 12:00:00+00:00,77338.2578125,77346.0703125,77304.4609375,77314.5078125,15349760
2026-09-12 12:15:00+00:00,77313.5625,77324.328125,77291.2265625,77310.0,125317120
2026-09-12 12:30:00+00:00,77310.0,77325.2734375,77306.25,77306.328125,0
2026-09-12 12:45:00+00:00,77306.328125,77327.390625,77261.921875,77318.0625,0
2026-09-12 13:00:00+00:00,77319.4765625,77376.6484375,77285.9921875,77295.9296875,0
2026-09-12 13:15:00+00:00,77295.921875,77310.0078125,77231.609375,77288.5625,21125120
2026-09-12 13:30:00+00:00,77286.8515625,77301.25,77248.7578125,77274.7109375,0
2026-09-12 13:45:00+00:00,77274.7109375,77351.6015625,77251.296875,77351.6015625,0
2026-09-12 14:00:00+00:00,77351.6015625,77372.5,77349.0,77349.0,0
2026-09-12 14:15:00+00:00,77349.0,77409.46875,77349.0,77404.09375,0
2026-09-12 14:30:00+00:00,77402.8984375,77464.0390625,77400.0390625,77424.75,0
2026-09-12 14:45:00+00:00,77433.0,77483.28125,77433.0,77444.0078125,0
2026-09-12 15:00:00+00:00,77446.6171875,77450.359375,77380.0078125,77405.8203125,0
2026-09-12 15:15:00+00:00,77405.8203125,77461.7890625,77399.7734375,77434.5625,0
2026-09-12 15:30:00+00:00,77429.859375,77434.203125,77350.15625,77379.90625,0
2026-09-12 15:45:00+00:00,77379.90625,77424.8984375,77360.203125,77363.96875,0
2026-09-12 16:00:00+00:00,77363.96875,77403.6875,77322.796875,77345.109375,0
2026-09-12 16:15:00+00:00,77345.1015625,77372.5,77345.046875,77368.2734375,0
2026-09-12 16:30:00+00:00,77368.2578125,77373.4765625,77337.9609375,77343.65625,0
2026-09-12 16:45:00+00:00,77343.2734375,77359.1015625,77318.6484375,77337.9609375,0
2026-09-12 17:00:00+00:00,77353.8984375,77379.859375,77328.296875,77339.0390625,0
2026-09-12 17:15:00+00:00,77339.046875,77346.0625,77254.25,77279.09375,0
2026-09-12 17:30:00+00:00,77279.09375,77279.1015625,77194.453125,77221.3828125,55160832
2026-09-12 17:45:00+00:00,77221.3828125,77221.3828125,77157.0625,77191.40625,61900800
2026-09-12 18:00:00+00:00,77191.421875,77202.5625,77154.4296875,77154.4296875,0
2026-09-12 18:15:00+00:00,77154.4296875,77195.2421875,77111.0,77182.0,0
2026-09-12 18:30:00+00:00,77185.25,77185.25,77106.1171875,77175.03125,7499776
2026-09-12 18:45:00+00:00,77175.03125,77175.8828125,77126.28125,77126.28125,0
2026-09-12 19:00:00+00:00,77128.65625,77167.71875,77110.0,77165.3984375,130208768
2026-09-12 19:15:00+00:00,77165.3984375,77174.9921875,77110.0234375,77115.78125,132199424
2026-09-12 19:30:00+00:00,77110.53125,77135.3671875,77049.5625,77065.796875,99369984
2026-09-12 19:45:00+00:00,77065.8125,77152.2890625,77061.5390625,77105.4296875,63204352
2026-09-12 20:00:00+00:00,77110.859375,77172.6171875,77110.859375,77170.3984375,0
2026-09-12 20:15:00+00:00,77170.3984375,77183.390625,77141.0703125,77175.5625,66631680
2026-09-12 20:30:00+00:00,77175.546875,77195.09375,77142.578125,77172.90625,73383936
2026-09-12 20:45:00+00:00,77163.0703125,77206.59375,77139.671875,77152.6796875,139847680
2026-09-12 21:00:00+00:00,77152.6875,77226.7265625,77136.65625,77154.0703125,144449536
2026-09-12 21:15:00+00:00,77154.078125,77198.9921875,77151.640625,77198.9921875,222915584
2026-09-12 21:30:00+00:00,77199.6875,77257.28125,77199.4375,77224.1328125,138686464
2026-09-12 21:45:00+00:00,77223.3671875,77261.9375,77187.390625,77240.7890625,230756352
2026-09-12 22:00:00+00:00,77240.7890625,77274.03125,77200.0,77209.671875,0
2026-09-12 22:15:00+00:00,77250.78125,77285.8203125,77165.546875,77182.0625,39586816
2026-09-12 22:30:00+00:00,77183.2421875,77214.3671875,77171.9765625,77183.6875,189774848
2026-09-12 22:45:00+00:00,77183.6875,77231.6875,77182.4375,77219.859375,0
2026-09-12 23:00:00+00:00,77219.828125,77265.3984375,77214.1875,77261.4765625,0
2026-09-12 23:15:00+00:00,77261.4921875,77275.0,77224.5625,77240.0078125,0
2026-09-12 23:30:00+00:00,77240.0078125,77249.296875,77223.0234375,77236.859375,72227840
2026-09-12 23:45:00+00:00,77236.8515625,77284.25,77236.8125,77266.421875,3088384
2026-09-13 00:00:00+00:00,77262.84375,77291.203125,77247.3125,77254.3125,0
2026-09-13 00:15:00+00:00,77254.3125,77269.9921875,77247.6875,77247.703125,0
2026-09-13 00:30:00+00:00,77247.6875,77254.6796875,77135.6328125,77201.78125,274306048
2026-09-13 00:45:00+00:00,77201.78125,77254.53125,77201.78125,77252.9609375,64580608
2026-09-13 01:00:00+00:00,77252.953125,77274.65625,77231.703125,77255.65625,25951232
2026-09-13 01:15:00+00:00,77255.65625,77314.296875,77226.96875,77226.96875,258601984
2026-09-13 01:30:00+00:00,77234.7265625,77280.0,77222.0703125,77271.2265625,105315328
2026-09-13 01:45:00+00:00,77271.2265625,77299.5390625,77259.3984375,77299.53125,49307648
2026-09-13 02:00:00+00:00,77299.3125,77299.3125,77251.03125,77261.796875,0
2026-09-13 02:15:00+00:00,77261.8125,77270.0,77226.9921875,77240.0,14605312
2026-09-13 02:30:00+00:00,77239.9921875,77276.140625,77215.6796875,77276.140625,13697024
2026-09-13 02:45:00+00:00,77278.59375,77293.640625,77256.96875,77268.0234375,38493184
2026-09-13 03:00:00+00:00,77268.0234375,77297.5234375,77241.390625,77261.90625,126209024
2026-09-13 03:15:00+00:00,77261.8984375,77268.34375,77223.28125,77235.796875,103285760
2026-09-13 03:30:00+00:00,77235.8125,77235.8125,77183.40625,77199.453125,50340864
2026-09-13 03:45:00+00:00,77199.453125,77205.0,77163.140625,77176.0703125,119117824
2026-09-13 04:00:00+00:00,77177.6171875,77237.296875,77173.7421875,77184.7421875,111903744
2026-09-13 04:15:00+00:00,77184.7421875,77233.7890625,77184.7265625,77199.0390625,28883968
2026-09-13 04:30:00+00:00,77200.59375,77210.0390625,77184.7421875,77194.0078125,206878720
2026-09-13 04:45:00+00:00,77194.0,77206.8984375,77174.9921875,77187.4296875,100676608
2026-09-13 05:00:00+00:00,77188.421875,77227.3203125,77188.421875,77221.109375,0
2026-09-13 05:15:00+00:00,77221.109375,77265.6015625,77221.1015625,77265.6015625,0
2026-09-13 05:30:00+00:00,77265.609375,77286.9921875,77265.6015625,77286.9765625,0
2026-09-13 05:45:00+00:00,77287.8515625,77299.390625,77285.0,77291.4296875,43626496
2026-09-13 06:00:00+00:00,77291.4296875,77298.75,77275.046875,77279.2421875,11856896
2026-09-13 06:15:00+00:00,77279.2421875,77286.78125,77262.7578125,77278.140625,81619968
2026-09-13 06:30:00+00:00,77278.1328125,77281.6328125,77249.2421875,77277.4921875,17391616
2026-09-13 06:45:00+00:00,77277.5,77277.5,77031.828125,77099.7421875,105267200
2026-09-13 07:00:00+00:00,77077.1484375,77149.0078125,77069.3671875,77148.390625,236005376
2026-09-13 07:15:00+00:00,77143.9609375,77154.7265625,77105.796875,77122.75,19265536
2026-09-13 07:30:00+00:00,77119.9296875,77140.2265625,77066.5390625,77137.6484375,27800576
2026-09-13 07:45:00+00:00,77137.65625,77141.71875,77068.3828125,77100.1796875,64941056
2026-09-13 08:00:00+00:00,77093.25,77150.921875,77014.7734375,77045.2578125,87688192
2026-09-13 08:15:00+00:00,77045.2578125,77045.2578125,76980.7265625,76996.1015625,15527936
2026-09-13 08:30:00+00:00,76973.1328125,76973.1328125,76730.5625,76800.9296875,206174208
2026-09-13 08:45:00+00:00,76808.203125,76852.578125,76734.2265625,76780.9765625,234174464
2026-09-13 09:00:00+00:00,76777.6796875,76863.703125,76757.2890625,76787.796875,77852672
2026-09-13 09:15:00+00:00,76787.7890625,76787.7890625,76574.5234375,76615.890625,280950784
2026-09-13 09:30:00+00:00,76616.9921875,76750.7890625,76532.4921875,76685.1796875,263425024
2026-09-13 09:45:00+00:00,76685.1796875,76782.171875,76685.1796875,76766.09375,25180160
2026-09-13 10:00:00+00:00,76758.359375,76781.8984375,76720.109375,76762.0234375,67135488
2026-09-13 10:15:00+00:00,76762.03125,76773.5390625,76710.2109375,76729.4609375,34003968
2026-09-13 10:30:00+00:00,76729.453125,76781.03125,76661.7734375,76663.34375,113951744
2026-09-13 10:45:00+00:00,76666.4375,76723.9375,76600.0,76623.9375,39816192
2026-09-13 11:00:00+00:00,76639.9921875,76677.546875,76497.5390625,76497.546875,133869568
2026-09-13 11:15:00+00:00,76497.5390625,76642.4296875,76497.5390625,76628.0625,203614208
2026-09-13 11:30:00+00:00,76628.09375,76773.53125,76614.453125,76748.8203125,0
2026-09-13 11:45:00+00:00,76747.2890625,76769.71875,76716.84375,76749.2578125,232254464
2026-09-13 12:00:00+00:00,76760.5390625,76782.2421875,76721.3984375,76767.9921875,164423680
2026-09-13 12:15:00+00:00,76768.3984375,76828.2109375,76768.3984375,76809.0703125,11367424
2026-09-13 12:30:00+00:00,76806.671875,76821.6796875,76682.0234375,76693.3828125,206589952
2026-09-13 12:45:00+00:00,76682.0234375,76741.1328125,76669.359375,76730.15625,116953088
2026-09-13 13:00:00+00:00,76727.0,76739.03125,76652.1015625,76736.1015625,0
2026-09-13 13:15:00+00:00,76736.609375,76739.7421875,76521.421875,76545.0625,0
2026-09-13 13:30:00+00:00,76549.546875,76744.28125,76542.2578125,76738.75,41074688
2026-09-13 13:45:00+00:00,76748.8671875,76891.5,76748.8671875,76818.1328125,157906944
2026-09-13 14:00:00+00:00,76821.0,76978.8203125,76815.140625,76978.8203125,63862784
2026-09-13 14:15:00+00:00,76981.890625,77091.109375,76981.890625,77070.0078125,145879040
2026-09-13 14:30:00+00:00,77081.5,77224.3203125,77048.171875,77149.78125,208214016
2026-09-13 14:45:00+00:00,77150.46875,77214.4921875,77135.1015625,77177.8203125,111201280
2026-09-13 15:00:00+00:00,77182.09375,77182.09375,77070.546875,77096.4609375,6168576
2026-09-13 15:15:00+00:00,77096.453125,77179.078125,76991.359375,77017.1328125,219118592
2026-09-13 15:30:00+00:00,77027.84375,77149.9921875,77017.1171875,77141.796875,145486848
2026-09-13 15:45:00+00:00,77138.21875,77145.3828125,77082.5703125,77105.2734375,22152192
2026-09-13 16:00:00+00:00,77110.203125,77237.4375,77106.2421875,77183.40625,2348032
2026-09-13 16:15:00+00:00,77183.3984375,77270.3203125,77167.8671875,77212.8828125,180865024
2026-09-13 16:30:00+00:00,77214.1875,77332.171875,77208.3828125,77294.59375,247133184
2026-09-13 16:45:00+00:00,77288.3125,77299.9921875,77219.0625,77257.359375,176520192
2026-09-13 17:00:00+00:00,77258.84375,77393.703125,77258.84375,77346.390625,123829248
2026-09-13 17:15:00+00:00,77347.9375,77366.9296875,77266.84375,77271.390625,111712256
2026-09-13 17:30:00+00:00,77272.2578125,77273.1171875,77215.0390625,77247.4765625,13720576
2026-09-13 17:45:00+00:00,77250.609375,77342.671875,77248.4765625,77298.6015625,112361472
2026-09-13 18:00:00+00:00,77290.671875,77342.0703125,77273.2109375,77333.171875,0
2026-09-13 18:15:00+00:00,77330.578125,77360.0,77299.0234375,77299.0234375,153506816
2026-09-13 18:30:00+00:00,77299.0078125,77349.9921875,77283.359375,77347.2890625,0
2026-09-13 18:45:00+00:00,77347.28125,77359.96875,77308.15625,77312.34375,41602048
2026-09-13 19:00:00+00:00,77312.328125,77386.25,77247.828125,77247.828125,23627776
2026-09-13 19:15:00+00:00,77249.0390625,77263.0234375,77210.0,77239.0390625,0
2026-09-13 19:30:00+00:00,77241.390625,77244.9375,77193.0703125,77215.453125,0
2026-09-13 19:45:00+00:00,77216.21875,77256.96875,77207.703125,77253.71875,0
2026-09-13 20:00:00+00:00,77260.671875,77277.078125,77227.3671875,77274.3125,0
2026-09-13 20:15:00+00:00,77274.34375,77305.9296875,77260.671875,77288.1328125,18371584
2026-09-13 20:30:00+00:00,77289.65625,77337.8828125,77264.453125,77293.9921875,558080
2026-09-13 20:45:00+00:00,77293.9921875,77340.1328125,77293.9765625,77313.46875,121001984
2026-09-13 21:00:00+00:00,77323.296875,77339.4375,77276.5703125,77328.203125,0
2026-09-13 21:15:00+00:00,77331.75,77419.046875,77326.578125,77387.171875,21844992
2026-09-13 21:30:00+00:00,77387.171875,77387.1796875,77309.78125,77349.359375,56468480
2026-09-13 21:45:00+00:00,77349.8828125,77354.65625,77278.7890625,77280.546875,58286080
2026-09-13 22:00:00+00:00,77259.1171875,77259.1171875,76874.28125,76893.2890625,182733824
2026-09-13 22:15:00+00:00,76893.2421875,76893.2421875,76681.078125,76806.640625,284550144
2026-09-13 22:30:00+00:00,76808.1796875,76849.5078125,76686.28125,76693.296875,642504704
2026-09-13 22:45:00+00:00,76718.6484375,76765.796875,76623.34375,76680.171875,140981248
2026-09-13 23:00:00+00:00,76665.140625,76729.3671875,76632.78125,76681.8984375,215031808
2026-09-13 23:15:00+00:00,76681.1328125,76719.65625,76592.609375,76698.4296875,93526016
2026-09-13 23:30:00+00:00,76697.6484375,76825.96875,76690.25,76801.546875,105170944
2026-09-13 23:45:00+00:00,76783.6328125,76837.15625,76746.3828125,76799.859375,129467392
2026-09-14 00:00:00+00:00,76815.1328125,77004.828125,76787.3515625,76864.7109375,186139648
2026-09-14 00:15:00+00:00,76864.7109375,76899.7109375,76355.34375,76448.1875,189048832
2026-09-14 00:30:00+00:00,76434.1171875,76774.0,76423.25,76770.28125,366600192
2026-09-14 00:45:00+00:00,76764.890625,76842.6796875,76721.921875,76767.390625,126126080
2026-09-14 01:00:00+00:00,76767.390625,76849.9921875,76668.890625,76721.140625,45688832
2026-09-14 01:15:00+00:00,76713.5625,76872.640625,76618.6484375,76814.390625,76305408
2026-09-14 01:30:00+00:00,76802.3984375,76928.703125,76606.828125,76779.4296875,86967296
2026-09-14 01:45:00+00:00,76775.1875,77126.6875,76735.1171875,77076.828125,292367360
2026-09-14 02:00:00+00:00,77069.1796875,77353.6796875,76983.953125,77349.578125,181549056
2026-09-14 02:15:00+00:00,77340.0,77630.0,77245.0078125,77511.25,335951872
2026-09-14 02:30:00+00:00,77530.671875,77634.953125,77397.859375,77445.15625,268027904
2026-09-14 02:45:00+00:00,77463.140625,77672.46875,77463.140625,77568.8671875,511316992
2026-09-14 03:00:00+00:00,77581.4765625,77804.140625,77561.1171875,77758.7109375,263191552
2026-09-14 03:15:00+00:00,77761.953125,77828.7578125,77706.09375,77773.671875,492913664
2026-09-14 03:30:00+00:00,77759.0234375,77759.0234375,77492.5234375,77498.09375,81630208
2026-09-14 03:45:00+00:00,77503.9921875,77566.6171875,77462.8125,77566.6171875,265462784
2026-09-14 04:00:00+00:00,77566.5,77600.609375,77494.1015625,77549.2734375,151438336
2026-09-14 04:15:00+00:00,77543.8125,77658.828125,77506.78125,77597.4921875,48034816
2026-09-14 04:30:00+00:00,77605.4375,77647.9609375,77497.8203125,77597.890625,610923520
2026-09-14 04:45:00+00:00,77597.8984375,77668.0,77545.7578125,77646.453125,188156928
2026-09-14 05:00:00+00:00,77648.96875,77650.0,77525.9765625,77606.5078125,173760512
2026-09-14 05:15:00+00:00,77606.5078125,77606.5234375,77478.7890625,77481.84375,74430464
2026-09-14 05:30:00+00:00,77481.8515625,77584.6015625,77478.0078125,77521.4921875,143132672
2026-09-14 05:45:00+00:00,77521.5,77576.640625,77455.0,77576.640625,32417792
2026-09-14 06:00:00+00:00,77583.9921875,77862.40625,77560.6875,77728.703125,119185408
2026-09-14 06:15:00+00:00,77743.671875,77743.671875,77525.25,77525.25,80379904
2026-09-14 06:30:00+00:00,77510.828125,77727.7734375,77337.9609375,77699.9765625,204017664
2026-09-14 06:45:00+00:00,77699.9765625,77724.3515625,77550.328125,77557.5390625,21190656
2026-09-14 07:00:00+00:00,77556.8984375,77704.9609375,77479.3828125,77625.859375,161216512
2026-09-14 07:15:00+00:00,77625.0,77714.6875,77610.0,77670.359375,44388352
2026-09-14 07:30:00+00:00,77674.9375,77843.59375,77647.078125,77822.34375,148406272
2026-09-14 07:45:00+00:00,77822.34375,77855.5078125,77753.34375,77855.5,615647232
2026-09-14 08:00:00+00:00,77859.1484375,77859.1484375,77670.796875,77738.6484375,117839872
2026-09-14 08:15:00+00:00,77739.140625,77936.8671875,77663.9609375,77724.3671875,125966336
2026-09-14 08:30:00+00:00,77714.703125,77783.5078125,77667.4296875,77724.359375,147779584
2026-09-14 08:45:00+00:00,77728.890625,77741.453125,77627.3828125,77705.03125,0
2026-09-14 09:00:00+00:00,77705.0390625,77797.890625,77665.203125,77678.328125,76515328
2026-09-14 09:15:00+00:00,77673.359375,77753.328125,77567.2421875,77753.328125,91572224
2026-09-14 09:30:00+00:00,77747.421875,77894.0078125,77747.421875,77857.28125,4265984
2026-09-14 09:45:00+00:00,77857.2890625,78341.5078125,77857.2890625,78108.59375,350775296
2026-09-14 10:00:00+00:00,78130.0703125,78136.5390625,77980.7265625,78007.9375,322478080
2026-09-14 10:15:00+00:00,78014.0625,78043.1328125,77907.90625,77928.4375,164263936
2026-09-14 10:30:00+00:00,77939.4765625,77969.328125,77888.59375,77921.6875,94935040
2026-09-14 10:45:00+00:00,77933.8828125,77995.8828125,77859.5703125,77867.390625,57212928
2026-09-14 11:00:00+00:00,77867.4765625,77872.46875,77673.046875,77733.8203125,130183168
2026-09-14 11:15:00+00:00,77731.0,77885.2265625,77709.171875,77873.328125,101414912
2026-09-14 11:30:00+00:00,77869.2109375,77890.0703125,77660.7109375,77798.5625,134092800
2026-09-14 11:45:00+00:00,77798.5625,77808.5078125,77654.703125,77738.7578125,104646656
2026-09-14 12:00:00+00:00,77741.2421875,77823.84375,77677.171875,77801.6328125,88621056
2026-09-14 12:15:00+00:00,77811.296875,77961.84375,77806.0703125,77961.1015625,131911680
2026-09-14 12:30:00+00:00,77962.8984375,78035.90625,77726.4765625,77893.6796875,291424256
2026-09-14 12:45:00+00:00,77865.9609375,77901.3125,77568.078125,77659.2421875,164988928
2026-09-14 13:00:00+00:00,77659.2421875,77698.328125,77434.3984375,77670.3828125,285374464
2026-09-14 13:15:00+00:00,77677.5234375,77818.953125,77677.5234375,77813.953125,132505600
2026-09-14 13:30:00+00:00,77828.15625,78217.0078125,77801.3125,78126.6015625,541147136
2026-09-14 13:45:00+00:00,78110.7578125,78441.4765625,78022.0078125,78139.7421875,557918208
2026-09-14 14:00:00+00:00,78145.953125,78499.046875,78145.953125,78479.296875,372090880
2026-09-14 14:15:00+00:00,78479.296875,78622.7265625,78188.2890625,78350.3828125,321230848
2026-09-14 14:30:00+00:00,78361.921875,78664.828125,78321.9609375,78407.6328125,426485760
2026-09-14 14:45:00+00:00,78428.3203125,78604.546875,78371.9921875,78497.15625,250155008
2026-09-14 15:00:00+00:00,78461.4765625,78568.8671875,78271.6015625,78470.21875,323260416
2026-09-14 15:15:00+00:00,78468.1796875,78587.640625,78368.0,78378.03125,350076928
2026-09-14 15:30:00+00:00,78398.34375,78580.8671875,78306.65625,78523.03125,338069504
2026-09-14 15:45:00+00:00,78528.796875,78662.1875,78334.3125,78553.046875,975597568
2026-09-14 16:00:00+00:00,78553.8125,78580.328125,78402.21875,78418.6796875,98596864
2026-09-14 16:15:00+00:00,78423.078125,78863.3671875,78423.078125,78651.328125,451342336
2026-09-14 16:30:00+00:00,78646.28125,78714.5,78595.6875,78622.2734375,497860608
2026-09-14 16:45:00+00:00,78628.0390625,78883.7109375,78624.0625,78752.828125,57993216
2026-09-14 17:00:00+00:00,78752.84375,78874.0,78720.7734375,78817.9765625,225509376
2026-09-14 17:15:00+00:00,78823.4375,78980.6015625,78776.1796875,78882.0234375,278892544
2026-09-14 17:30:00+00:00,78884.34375,78903.2265625,78701.90625,78838.59375,228083712
2026-09-14 17:45:00+00:00,78842.0078125,79026.6796875,78822.671875,78941.796875,386572288
2026-09-14 18:00:00+00:00,78941.796875,78995.6484375,78842.0703125,78842.0703125,295344128
2026-09-14 18:15:00+00:00,78847.5390625,79252.84375,78838.578125,79143.3984375,223922176
2026-09-14 18:30:00+00:00,79148.40625,79237.0234375,78988.71875,79182.328125,522674176
2026-09-14 18:45:00+00:00,79173.3828125,79323.296875,79172.0,79219.7890625,489541632
2026-09-14 19:00:00+00:00,79213.2265625,79213.2265625,79007.921875,79071.0703125,834662400
2026-09-14 19:15:00+00:00,79114.453125,79241.2734375,79081.4375,79134.8515625,1097230336
2026-09-14 19:30:00+00:00,79120.6796875,79190.640625,78956.59375,79134.0,253427712
2026-09-14 19:45:00+00:00,79126.2578125,79148.2890625,78975.0,78978.703125,149751808
2026-09-14 20:00:00+00:00,78985.0078125,79192.9765625,78968.8671875,79174.7421875,943464448
2026-09-14 20:15:00+00:00,79172.4375,79568.0390625,79172.4375,79450.0,465369088
2026-09-14 20:30:00+00:00,79447.609375,79478.0703125,79323.578125,79327.1171875,435965952
2026-09-14 20:45:00+00:00,79328.2265625,79373.6328125,79075.0,79089.640625,292003840
2026-09-14 21:00:00+00:00,79106.4921875,79106.4921875,78785.3828125,78862.8984375,280100864
2026-09-14 21:15:00+00:00,78876.71875,78981.3203125,78800.9765625,78896.7578125,386084864
2026-09-14 21:30:00+00:00,78893.5390625,78956.0,78776.109375,78801.0,156252160
2026-09-14 21:45:00+00:00,78801.0078125,78814.546875,78730.4296875,78744.140625,89485312
2026-09-14 22:00:00+00:00,78761.078125,78841.671875,78695.5,78819.5,0
2026-09-14 22:15:00+00:00,78811.4296875,78826.7421875,78505.3671875,78573.0703125,34826240
2026-09-14 22:30:00+00:00,78574.8125,78653.6171875,78496.359375,78642.5078125,208832512
2026-09-14 22:45:00+00:00,78642.5078125,78642.5078125,78535.671875,78540.2578125,60233728
2026-09-14 23:00:00+00:00,78541.296875,78560.8203125,78350.1484375,78414.7890625,208099328
2026-09-14 23:15:00+00:00,78414.7890625,78461.6796875,78350.0,78389.28125,110592
2026-09-14 23:30:00+00:00,78370.0,78370.0,78250.3125,78303.9609375,154206208
2026-09-14 23:45:00+00:00,78303.9609375,78303.9609375,78113.046875,78192.453125,54984704
2026-09-15 00:00:00+00:00,78167.75,78242.75,78110.0,78110.0,27686912
2026-09-15 00:15:00+00:00,78113.828125,78121.359375,77978.0703125,78009.140625,125337600
2026-09-15 00:30:00+00:00,78011.421875,78073.921875,77924.703125,77950.0078125,30410752
2026-09-15 00:45:00+00:00,77949.34375,78007.75,77925.8515625,77938.0625,147718144
2026-09-15 01:00:00+00:00,77938.0625,77938.0703125,77721.53125,77805.96875,56047616
2026-09-15 01:15:00+00:00,77805.96875,78011.1796875,77780.9765625,77844.03125,137261056
2026-09-15 01:30:00+00:00,77844.0234375,78001.671875,77830.1015625,77992.859375,253589504
2026-09-15 01:45:00+00:00,77941.046875,78059.8671875,77893.8671875,77898.9765625,42203136
2026-09-15 02:00:00+00:00,77890.4765625,77999.9921875,77861.1328125,77972.6328125,0
2026-09-15 02:15:00+00:00,77972.640625,78001.0,77893.7109375,77940.5,0
2026-09-15 02:30:00+00:00,77928.171875,77942.75,77835.890625,77859.4921875,0
2026-09-15 02:45:00+00:00,77859.390625,77902.640625,77768.8203125,77890.6484375,0
2026-09-15 03:00:00+00:00,77886.78125,77886.78125,77689.09375,77701.3125,0
2026-09-15 03:15:00+00:00,77709.3125,77829.0234375,77692.4609375,77820.3984375,727617536
2026-09-15 03:30:00+00:00,77820.6796875,77836.5234375,77752.8984375,77783.53125,57446400
2026-09-15 03:45:00+00:00,77783.53125,77791.4765625,77631.25,77636.3984375,0
2026-09-15 04:00:00+00:00,77659.578125,77724.421875,77618.4296875,77625.0234375,96528384
2026-09-15 04:15:00+00:00,77625.0234375,77665.6484375,77542.1328125,77610.5,421341184
2026-09-15 04:30:00+00:00,77624.2421875,77636.6015625,77517.7109375,77620.7109375,117350400
2026-09-15 04:45:00+00:00,77620.7109375,77620.7109375,77547.75,77547.75,0
2026-09-15 05:00:00+00:00,77547.7578125,77626.3828125,77287.140625,77390.59375,0
2026-09-15 05:15:00+00:00,77392.9765625,77450.6875,77296.453125,77446.6875,202522624
2026-09-15 05:30:00+00:00,77441.7109375,77477.4296875,77357.53125,77440.578125,43704320
2026-09-15 05:45:00+00:00,77441.796875,77649.09375,77437.890625,77609.96875,517099520
2026-09-15 06:00:00+00:00,77620.84375,77711.59375,77551.3203125,77555.2109375,33546240
2026-09-15 06:15:00+00:00,77555.2109375,77576.21875,77371.140625,77385.46875,99985408
2026-09-15 06:30:00+00:00,77385.4609375,77437.0078125,77376.640625,77425.65625,40499200
2026-09-15 06:45:00+00:00,77409.15625,77426.6328125,77165.109375,77247.9921875,55232512
2026-09-15 07:00:00+00:00,77261.890625,77294.1171875,77164.8515625,77193.390625,91312128
2026-09-15 07:15:00+00:00,77194.328125,77288.7890625,77172.6875,77261.03125,133816320
2026-09-15 07:30:00+00:00,77261.0390625,77261.0390625,77005.1328125,77009.5234375,190947328
2026-09-15 07:45:00+00:00,77005.2734375,77067.0,76842.359375,76883.8984375,310706176
2026-09-15 08:00:00+00:00,76893.90625,76893.90625,76650.8984375,76759.9609375,237352960
2026-09-15 08:15:00+00:00,76774.71875,76836.859375,76652.4296875,76813.53125,302897152
2026-09-15 08:30:00+00:00,76818.640625,76851.1484375,76786.6015625,76800.4921875,37038080
2026-09-15 08:45:00+00:00,76800.4765625,76968.671875,76800.140625,76955.0625,411064320
2026-09-15 09:00:00+00:00,76955.0625,76955.0625,76844.453125,76883.453125,35375104
2026-09-15 09:15:00+00:00,76881.859375,76943.5234375,76816.25,76875.453125,47306752
2026-09-15 09:30:00+00:00,76875.4609375,76956.140625,76855.0625,76952.6171875,0
2026-09-15 09:45:00+00:00,76952.6171875,77026.0,76926.2421875,76946.2734375,0
2026-09-15 10:00:00+00:00,76951.5234375,77012.7734375,76865.2265625,76963.1171875,0
2026-09-15 10:15:00+00:00,76954.65625,77000.21875,76842.8828125,76842.8828125,229937152
2026-09-15 10:30:00+00:00,76842.8828125,77015.0234375,76832.2109375,77015.0234375,266084352
2026-09-15 10:45:00+00:00,77015.0234375,77134.2109375,76963.0390625,77014.578125,178137088
2026-09-15 11:00:00+00:00,77020.046875,77178.9765625,76965.921875,76989.9921875,3024896
2026-09-15 11:15:00+00:00,76993.3125,77072.28125,76927.8828125,76955.40625,107970560
2026-09-15 11:30:00+00:00,76955.3984375,76964.9921875,76802.28125,76893.7578125,204240896
2026-09-15 11:45:00+00:00,76891.7421875,76916.34375,76805.078125,76895.1875,141686784
2026-09-15 12:00:00+00:00,76900.6875,76936.71875,76821.0625,76893.171875,19851264
2026-09-15 12:15:00+00:00,76893.140625,76960.4375,76869.296875,76911.7421875,53229568
2026-09-15 12:30:00+00:00,76914.09375,76935.078125,76818.296875,76910.0,26748928
2026-09-15 12:45:00+00:00,76910.0,77099.9921875,76838.03125,76924.9296875,0
2026-09-15 13:00:00+00:00,76916.25,77094.046875,76916.25,76954.390625,94724096
2026-09-15 13:15:00+00:00,76963.109375,76969.1796875,76863.0078125,76907.2265625,0
2026-09-15 13:30:00+00:00,76896.0390625,76896.0390625,76094.6796875,76378.7890625,375760896
2026-09-15 13:45:00+00:00,76400.0,76571.359375,76097.0625,76571.359375,1025204224
2026-09-15 14:00:00+00:00,76580.4921875,76642.890625,76272.1484375,76359.9921875,547588096
2026-09-15 14:15:00+00:00,76367.953125,76438.90625,76267.328125,76295.6171875,0
2026-09-15 14:30:00+00:00,76264.78125,76285.6015625,75627.7734375,75845.9609375,571697152
2026-09-15 14:45:00+00:00,75845.890625,75921.9921875,75546.34375,75853.1796875,1059082240
2026-09-15 15:00:00+00:00,75835.8828125,76049.5234375,75774.046875,75957.953125,154570752
2026-09-15 15:15:00+00:00,75967.96875,76460.0234375,75878.140625,76296.359375,362078208
2026-09-15 15:30:00+00:00,76291.5234375,76410.6796875,76236.4375,76389.640625,358526976
2026-09-15 15:45:00+00:00,76382.5234375,76556.5703125,76382.5234375,76467.96875,97908736
2026-09-15 16:00:00+00:00,76493.5625,76529.9609375,76219.3671875,76221.96875,27226112
2026-09-15 16:15:00+00:00,76228.1171875,76447.8828125,76228.1171875,76422.671875,137332736
2026-09-15 16:30:00+00:00,76423.4375,76436.359375,76246.421875,76317.28125,3563520
2026-09-15 16:45:00+00:00,76307.28125,76450.0,76307.28125,76330.4765625,120459264
2026-09-15 17:00:00+00:00,76329.9609375,76364.9609375,76133.3203125,76212.0078125,0
2026-09-15 17:15:00+00:00,76212.0078125,76488.09375,76187.1171875,76470.71875,41959424
2026-09-15 17:30:00+00:00,76459.7109375,77269.890625,76459.7109375,76715.4765625,408795136
2026-09-15 17:45:00+00:00,76729.9921875,77037.4765625,76728.15625,76917.3203125,277880832
2026-09-15 18:00:00+00:00,76896.0390625,76919.1796875,76771.3671875,76818.71875,424816640
2026-09-15 18:15:00+00:00,76829.9921875,77124.7578125,76432.671875,76835.6796875,0
2026-09-15 18:30:00+00:00,76840.140625,76887.3515625,75713.3125,75738.0,338890752
2026-09-15 18:45:00+00:00,75729.3984375,76133.6484375,74931.0,75923.8984375,4553754624
2026-09-15 19:00:00+00:00,75902.546875,76198.75,75765.578125,75924.65625,1171750912
2026-09-15 19:15:00+00:00,75916.84375,76250.03125,75824.109375,75872.078125,512962560
2026-09-15 19:30:00+00:00,75864.7890625,76009.1875,75819.3203125,75856.296875,259330048
2026-09-15 19:45:00+00:00,75844.9375,76129.5234375,75809.8671875,76129.5234375,129265664
2026-09-15 20:00:00+00:00,76119.46875,76179.109375,75873.4296875,75980.8828125,122736640
2026-09-15 20:15:00+00:00,75948.3125,75981.296875,75687.34375,75687.34375,353783808
2026-09-15 20:30:00+00:00,75668.671875,75809.109375,75565.96875,75809.109375,1093332992
2026-09-15 20:45:00+00:00,75832.2109375,75946.03125,75817.2734375,75871.3984375,375943168
2026-09-15 21:00:00+00:00,75873.921875,75901.0078125,75648.96875,75807.5625,205062144
2026-09-15 21:15:00+00:00,75784.8671875,75845.0,75592.4765625,75624.2421875,38477824
2026-09-15 21:30:00+00:00,75619.0625,75710.421875,75502.4609375,75685.2421875,92622848
2026-09-15 21:45:00+00:00,75685.2421875,75698.046875,75347.65625,75414.7421875,126312448
2026-09-15 22:00:00+00:00,75404.1875,75517.28125,75293.3125,75312.03125,0
2026-09-15 22:15:00+00:00,75321.8203125,75505.0,75110.0390625,75434.53125,271265792
2026-09-15 22:30:00+00:00,75438.546875,75612.5625,75430.5703125,75559.890625,377176064
2026-09-15 22:45:00+00:00,75547.0625,75690.21875,75547.046875,75611.0,92602368
2026-09-15 23:00:00+00:00,75613.2578125,75842.078125,75613.2578125,75829.84375,7122944
2026-09-15 23:15:00+00:00,75841.7734375,75890.4921875,75681.3828125,75681.421875,224825344
2026-09-15 23:30:00+00:00,75648.203125,75683.203125,75509.71875,75622.546875,193925120
2026-09-15 23:45:00+00:00,75625.703125,75661.890625,75560.0,75584.171875,288763904
2026-09-16 00:00:00+00:00,75594.453125,75733.3203125,75523.3515625,75639.4609375,103202816
2026-09-16 00:15:00+00:00,75644.0078125,75792.0390625,75618.640625,75790.7265625,147279872
2026-09-16 00:30:00+00:00,75795.9921875,75860.7734375,75716.78125,75743.7890625,92712960
2026-09-16 00:45:00+00:00,75748.5,75823.84375,75670.40625,75712.2109375,204734464
2026-09-16 01:00:00+00:00,75715.4296875,75808.7421875,75643.9375,75724.953125,143671296
2026-09-16 01:15:00+00:00,75719.9609375,75901.0078125,75666.2421875,75815.6875,57176064
2026-09-16 01:30:00+00:00,75811.578125,75811.578125,75481.34375,75600.578125,1098047488
2026-09-16 01:45:00+00:00,75589.28125,75657.40625,75403.0078125,75434.59375,163352576
2026-09-16 02:00:00+00:00,75431.46875,75610.328125,75420.8671875,75595.421875,73568256
2026-09-16 02:15:00+00:00,75595.40625,75884.8515625,75592.8671875,75880.671875,176902144
2026-09-16 02:30:00+00:00,75911.4765625,76030.2421875,75871.6328125,75901.421875,154963968
2026-09-16 02:45:00+00:00,75891.2890625,75940.140625,75750.140625,75824.8515625,243572736
2026-09-16 03:00:00+00:00,75831.2421875,75930.9296875,75760.0,75890.3125,206647296
2026-09-16 03:15:00+00:00,75890.296875,76016.3671875,75784.8515625,75789.3828125,71163904
2026-09-16 03:30:00+00:00,75784.8515625,75845.109375,75711.78125,75730.109375,265670656
2026-09-16 03:45:00+00:00,75742.796875,75780.2890625,75694.5390625,75755.40625,34729984
2026-09-16 04:00:00+00:00,75769.6875,75860.3125,75755.5,75823.640625,98344960
2026-09-16 04:15:00+00:00,75811.578125,75933.4765625,75772.296875,75811.578125,0
2026-09-16 04:30:00+00:00,75803.8671875,75962.0703125,75790.2421875,75870.8203125,179867648
2026-09-16 04:45:00+00:00,75871.28125,75912.1875,75745.578125,75796.3515625,157659136
2026-09-16 05:00:00+00:00,75796.34375,75813.7109375,75610.34375,75739.921875,161255424
2026-09-16 05:15:00+00:00,75739.90625,75857.953125,75739.90625,75827.53125,54669312
2026-09-16 05:30:00+00:00,75825.7265625,75940.2421875,75775.78125,75899.9921875,149471232
2026-09-16 05:45:00+00:00,75901.84375,75909.296875,75828.6171875,75905.8984375,119844864
2026-09-16 06:00:00+00:00,75929.15625,75972.75,75901.8125,75942.4921875,100294656
2026-09-16 06:15:00+00:00,75926.9921875,75956.90625,75829.96875,75857.6015625,287510528
2026-09-16 06:30:00+00:00,75854.9921875,75884.7890625,75753.1875,75864.53125,71401472
2026-09-16 06:45:00+00:00,75864.53125,75969.0,75853.21875,75969.0,39526400
2026-09-16 07:00:00+00:00,75967.4921875,76025.15625,75742.4765625,75810.2109375,237494272
2026-09-16 07:15:00+00:00,75821.171875,75862.328125,75738.1171875,75746.3203125,60456960
2026-09-16 07:30:00+00:00,75754.140625,75840.078125,75698.1015625,75752.0390625,152227840
2026-09-16 07:45:00+00:00,75749.0,75825.5390625,75665.671875,75695.03125,479346688
2026-09-16 08:00:00+00:00,75675.421875,75688.9921875,75399.9921875,75447.2109375,39186432
2026-09-16 08:15:00+00:00,75431.53125,75561.890625,75284.3671875,75350.4609375,325562368
2026-09-16 08:30:00+00:00,75361.703125,75511.7265625,75361.703125,75488.328125,246362112
2026-09-16 08:45:00+00:00,75484.6171875,75670.390625,75472.796875,75670.390625,18354176
2026-09-16 09:00:00+00:00,75670.3984375,75883.4296875,75664.5078125,75725.0,103477248
2026-09-16 09:15:00+00:00,75725.0,75811.6328125,75688.4296875,75767.640625,325681152
2026-09-16 09:30:00+00:00,75769.1171875,75880.5703125,75769.1171875,75852.953125,111185920
2026-09-16 09:45:00+00:00,75852.953125,75924.0390625,75817.3671875,75924.0390625,145899520
2026-09-16 10:00:00+00:00,75924.0390625,75980.4609375,75858.890625,75881.0078125,116838400
2026-09-16 10:15:00+00:00,75879.3671875,75951.0390625,75851.09375,75908.9609375,27705344
2026-09-16 10:30:00+00:00,75908.96875,75934.96875,75873.0,75917.5390625,28422144
2026-09-16 10:45:00+00:00,75917.4765625,75917.5390625,75829.2578125,75885.5078125,325058560
2026-09-16 11:00:00+00:00,75953.8671875,75984.6328125,75838.7734375,75839.7578125,14548992
2026-09-16 11:15:00+00:00,75839.7578125,75916.3671875,75805.0234375,75903.96875,67411968
2026-09-16 11:30:00+00:00,75897.609375,76207.3828125,75886.390625,76167.9921875,134828032
2026-09-16 11:45:00+00:00,76160.0234375,76233.15625,76092.65625,76182.140625,562819072
2026-09-16 12:00:00+00:00,76172.09375,76232.3828125,76042.671875,76057.6796875,123396096
2026-09-16 12:15:00+00:00,76053.078125,76099.7890625,75843.34375,75874.359375,352464896
2026-09-16 12:30:00+00:00,75863.9609375,75957.9765625,75725.8125,75888.8125,870699008
2026-09-16 12:45:00+00:00,75888.8125,75977.6875,75839.640625,75901.21875,224116736
2026-09-16 13:00:00+00:00,75890.40625,75895.109375,75607.8515625,75730.34375,0
2026-09-16 13:15:00+00:00,75723.5625,75807.71875,75648.7109375,75695.0390625,284610560
2026-09-16 13:30:00+00:00,75704.9921875,75727.8984375,75511.390625,75709.140625,91852800
2026-09-16 13:45:00+00:00,75696.3515625,75874.3125,75541.8203125,75582.09375,29528064
2026-09-16 14:00:00+00:00,75584.3203125,75595.703125,75351.5703125,75498.9921875,60219392
2026-09-16 14:15:00+00:00,75511.796875,75762.0,75478.6015625,75749.0078125,151048192
2026-09-16 14:30:00+00:00,75752.71875,75755.859375,75555.0,75696.9375,37171200
2026-09-16 14:45:00+00:00,75693.1484375,75693.1484375,75404.0,75618.9765625,526716928
2026-09-16 15:00:00+00:00,75636.078125,75728.9765625,75469.9609375,75705.578125,883679232
2026-09-16 15:15:00+00:00,75696.59375,75738.9921875,75569.421875,75572.109375,33398784
2026-09-16 15:30:00+00:00,75570.46875,75729.5,75498.3984375,75666.8828125,23734272
2026-09-16 15:45:00+00:00,75666.8828125,75888.796875,75666.8828125,75729.3125,0
2026-09-16 16:00:00+00:00,75739.109375,75811.609375,75579.421875,75784.1171875,92297216
2026-09-16 16:15:00+00:00,75777.1171875,75830.0,75678.6328125,75721.6875,0
2026-09-16 16:30:00+00:00,75734.6328125,75774.3984375,75613.6875,75616.8203125,243847168
2026-09-16 16:45:00+00:00,75629.2890625,75763.9921875,75629.2890625,75701.6015625,94320640
2026-09-16 17:00:00+00:00,75701.546875,75732.796875,75594.78125,75656.953125,80762880
2026-09-16 17:15:00+00:00,75658.9765625,75758.4375,75567.046875,75655.0625,315629568
2026-09-16 17:30:00+00:00,75650.8984375,75676.21875,75313.7890625,75390.7265625,13287424
2026-09-16 17:45:00+00:00,75415.9375,75847.0703125,75278.6171875,75778.4375,262178816
2026-09-16 18:00:00+00:00,75691.359375,76463.3828125,75324.7109375,75722.28125,1438273536
2026-09-16 18:15:00+00:00,75727.1015625,76024.0,75587.2265625,75849.1796875,856907776
2026-09-16 18:30:00+00:00,75924.5234375,76213.0703125,75006.3984375,75895.9375,34877440
2026-09-16 18:45:00+00:00,75885.2265625,75970.3203125,75410.3984375,75552.6171875,0
2026-09-16 19:00:00+00:00,75596.4765625,76108.2734375,75596.4765625,75855.5625,47263744
2026-09-16 19:15:00+00:00,75888.296875,75926.359375,75172.1484375,75451.9921875,118220800
2026-09-16 19:30:00+00:00,75441.6015625,75906.65625,75368.34375,75906.65625,124868608
2026-09-16 19:45:00+00:00,75916.0703125,76053.5390625,75914.9296875,76010.2109375,387713024
2026-09-16 20:00:00+00:00,76000.0,76330.2265625,75941.7265625,76138.9765625,0
2026-09-16 20:15:00+00:00,76133.796875,76292.9296875,76035.6171875,76133.5234375,161527808
2026-09-16 20:30:00+00:00,76154.5390625,76179.9921875,75950.546875,76047.90625,101052416
2026-09-16 20:45:00+00:00,76048.03125,76127.9921875,76000.0,76101.4609375,81670144
2026-09-16 21:00:00+00:00,76104.5078125,76148.7890625,76013.6015625,76044.7890625,87468032
2026-09-16 21:15:00+00:00,76052.5078125,76081.65625,75961.4375,76000.0390625,26372096
2026-09-16 21:30:00+00:00,76000.046875,76023.9921875,75868.0078125,75897.0,0
2026-09-16 21:45:00+00:00,75895.5703125,75959.421875,75863.78125,75907.4609375,170688512
2026-09-16 22:00:00+00:00,75923.6875,75924.8125,75605.0703125,75833.328125,60610560
2026-09-16 22:15:00+00:00,75826.390625,75874.5234375,75609.1796875,75691.203125,64028672
2026-09-16 22:30:00+00:00,75659.71875,75755.9296875,75593.046875,75755.9296875,0
2026-09-16 22:45:00+00:00,75755.9296875,75761.6328125,75579.0625,75620.078125,60932096
2026-09-16 23:00:00+00:00,75617.25,75786.9921875,75578.703125,75786.9921875,128759808
2026-09-16 23:15:00+00:00,75812.9921875,76082.7890625,75791.2421875,76016.6875,210702336
2026-09-16 23:30:00+00:00,76009.1171875,76158.90625,76000.0,76150.4921875,48588800
2026-09-16 23:45:00+00:00,76156.328125,76214.78125,76090.6875,76143.9609375,144338944
2026-09-17 00:00:00+00:00,76144.9921875,76367.0078125,76115.1484375,76264.6875,79204352
2026-09-17 00:15:00+00:00,76264.6875,76419.21875,76254.2890625,76341.9609375,280987648
2026-09-17 00:30:00+00:00,76321.5,76445.671875,76304.796875,76362.1328125,43710464
2026-09-17 00:45:00+00:00,76362.1328125,76382.671875,76268.5703125,76273.3203125,128673792
2026-09-17 01:00:00+00:00,76278.71875,76297.5234375,76148.796875,76235.390625,0
2026-09-17 01:15:00+00:00,76238.921875,76585.59375,76152.0234375,76565.8828125,259104768
2026-09-17 01:30:00+00:00,76550.3125,76704.2578125,76434.0703125,76530.671875,301862912
2026-09-17 01:45:00+00:00,76527.46875,76527.46875,76260.0078125,76296.8125,93861888
2026-09-17 02:00:00+00:00,76298.046875,76328.3984375,76039.28125,76149.2109375,63690752
2026-09-17 02:15:00+00:00,76129.65625,76136.296875,75991.7734375,76112.6171875,281993216
2026-09-17 02:30:00+00:00,76112.6171875,76380.8203125,76084.1796875,76352.640625,983007232
2026-09-17 02:45:00+00:00,76352.6328125,76418.1796875,76265.5390625,76303.7421875,948111360
2026-09-17 03:00:00+00:00,76303.7421875,76426.6015625,76300.953125,76359.9921875,7876608
2026-09-17 03:15:00+00:00,76385.109375,76431.9765625,76336.8203125,76425.046875,75505664
2026-09-17 03:30:00+00:00,76423.3203125,76461.84375,76367.4921875,76408.78125,51617792
2026-09-17 03:45:00+00:00,76408.7890625,76428.578125,76332.296875,76364.5625,167266304
2026-09-17 04:00:00+00:00,76364.5703125,76364.5703125,76221.6015625,76242.046875,140150784
2026-09-17 04:15:00+00:00,76246.8203125,76254.4296875,76107.21875,76128.8125,0
2026-09-17 04:30:00+00:00,76126.53125,76311.3515625,76101.2265625,76294.671875,372367360
2026-09-17 04:45:00+00:00,76284.0,76512.2421875,76254.546875,76460.828125,129339392
2026-09-17 05:00:00+00:00,76453.9765625,76560.46875,76374.09375,76389.203125,67227648
2026-09-17 05:15:00+00:00,76389.2109375,76469.890625,76334.7109375,76415.171875,59576320
2026-09-17 05:30:00+00:00,76415.171875,76415.171875,76258.3984375,76276.5390625,140621824
2026-09-17 05:45:00+00:00,76272.84375,76346.3984375,76234.9296875,76250.9765625,740272128
2026-09-17 06:00:00+00:00,76232.09375,76403.34375,76222.296875,76382.03125,15054848
2026-09-17 06:15:00+00:00,76382.0234375,76382.0234375,76254.96875,76355.796875,120680448
2026-09-17 06:30:00+00:00,76387.9921875,76498.9296875,76377.6015625,76481.3125,36569088
2026-09-17 06:45:00+00:00,76478.9921875,76521.140625,76384.796875,76402.921875,150378496
2026-09-17 07:00:00+00:00,76392.6484375,76603.1484375,76392.6484375,76464.6875,13598720
2026-09-17 07:15:00+00:00,76464.6875,76555.796875,76432.0078125,76447.5625,50092032
2026-09-17 07:30:00+00:00,76456.0625,76461.4765625,76403.0234375,76426.3203125,196542464
2026-09-17 07:45:00+00:00,76412.703125,76457.0390625,76342.3828125,76377.5703125,0
2026-09-17 08:00:00+00:00,76388.1328125,76454.09375,76332.46875,76335.171875,23431168
2026-09-17 08:15:00+00:00,76335.171875,76458.7890625,76311.4296875,76377.6015625,0
2026-09-17 08:30:00+00:00,76382.5078125,76469.25,76329.3203125,76414.1484375,10358784
2026-09-17 08:45:00+00:00,76414.1484375,76514.921875,76396.9765625,76497.640625,74452992
2026-09-17 09:00:00+00:00,76499.859375,76651.71875,76499.859375,76611.0078125,3524608
2026-09-17 09:15:00+00:00,76621.3671875,76666.921875,76578.109375,76604.3203125,130367488
2026-09-17 09:30:00+00:00,76604.3203125,76695.0,76516.1875,76516.1875,38952960
2026-09-17 09:45:00+00:00,76516.1796875,76572.859375,76394.34375,76395.9375,222001152
2026-09-17 10:00:00+00:00,76394.34375,76400.9921875,76237.2109375,76313.8984375,36368384
2026-09-17 10:15:00+00:00,76315.4609375,76323.15625,76240.84375,76261.46875,109197312
2026-09-17 10:30:00+00:00,76262.84375,76341.5078125,76244.34375,76244.3515625,64466944
2026-09-17 10:45:00+00:00,76246.9765625,76330.7890625,76184.3828125,76329.953125,297224192
2026-09-17 11:00:00+00:00,76328.5234375,76370.671875,76264.1875,76364.953125,24649728
2026-09-17 11:15:00+00:00,76364.953125,76384.90625,76264.90625,76315.1875,122628096
2026-09-17 11:30:00+00:00,76315.203125,76315.203125,76094.0234375,76109.7265625,102316032
2026-09-17 11:45:00+00:00,76120.203125,76400.9921875,76119.0,76400.9921875,0
2026-09-17 12:00:00+00:00,76398.6015625,76741.546875,76329.6484375,76741.546875,22702080
2026-09-17 12:15:00+00:00,76744.828125,76929.8515625,76739.2265625,76914.390625,324274176
2026-09-17 12:30:00+00:00,76917.5078125,77076.8984375,76786.703125,76801.0,566581248
2026-09-17 12:45:00+00:00,76801.796875,76820.9375,76659.828125,76659.828125,5681152
2026-09-17 13:00:00+00:00,76646.7109375,76816.0625,76557.90625,76587.0703125,82524160
2026-09-17 13:15:00+00:00,76569.09375,76671.046875,76388.859375,76402.203125,135763968
2026-09-17 13:30:00+00:00,76399.4609375,76511.71875,75937.1015625,76042.1015625,175884288
2026-09-17 13:45:00+00:00,76075.9921875,76616.2421875,75968.109375,76612.2578125,293292032
2026-09-17 14:00:00+00:00,76633.578125,76901.609375,76314.71875,76901.609375,176261120
2026-09-17 14:15:00+00:00,76857.296875,76966.75,76631.9765625,76863.5078125,145061888
2026-09-17 14:30:00+00:00,76873.390625,76942.7109375,76529.6796875,76541.40625,345393152
2026-09-17 14:45:00+00:00,76546.046875,76657.2578125,76417.9375,76423.6171875,30169088
2026-09-17 15:00:00+00:00,76428.71875,76428.71875,76193.75,76273.75,107882496
2026-09-17 15:15:00+00:00,76267.3828125,76386.953125,76206.8828125,76379.96875,128456704
2026-09-17 15:30:00+00:00,76394.1796875,76791.1015625,76371.1328125,76685.8125,1376256
2026-09-17 15:45:00+00:00,76684.7890625,76732.1171875,76522.5,76676.421875,1020712960
2026-09-17 16:00:00+00:00,76704.34375,76740.2890625,76604.078125,76658.3984375,0
2026-09-17 16:15:00+00:00,76667.84375,76725.09375,76593.7421875,76631.90625,160309248
2026-09-17 16:30:00+00:00,76635.9375,76639.7109375,76467.953125,76639.7109375,1154117632
2026-09-17 16:45:00+00:00,76639.203125,76688.0078125,76522.2734375,76688.0078125,89088000
2026-09-17 17:00:00+00:00,76700.0,76843.9296875,76671.6015625,76741.4296875,279279616
2026-09-17 17:15:00+00:00,76745.15625,76887.7421875,76702.5234375,76863.453125,47667200
2026-09-17 17:30:00+00:00,76864.0703125,76900.65625,76635.046875,76635.046875,183205888
2026-09-17 17:45:00+00:00,76635.046875,76635.046875,76506.296875,76606.828125,7444480
2026-09-17 18:00:00+00:00,76607.796875,76662.9609375,76580.03125,76661.0703125,0
2026-09-17 18:15:00+00:00,76662.25,76727.8671875,76662.203125,76681.6015625,0
2026-09-17 18:30:00+00:00,76681.7109375,76693.953125,76401.0078125,76549.1328125,0
2026-09-17 18:45:00+00:00,76549.140625,76623.28125,76506.3984375,76506.3984375,0
2026-09-17 19:00:00+00:00,76506.3984375,76564.7890625,76483.328125,76488.3828125,0
2026-09-17 19:15:00+00:00,76486.921875,76553.3671875,76430.9296875,76522.0703125,0
2026-09-17 19:30:00+00:00,76517.796875,76564.796875,76472.9765625,76543.5234375,0
2026-09-17 19:45:00+00:00,76543.5234375,76623.109375,76436.40625,76543.34375,0
2026-09-17 20:00:00+00:00,76524.546875,76588.1875,76466.0078125,76564.5703125,0
2026-09-17 20:15:00+00:00,76565.3125,76672.4921875,76525.0234375,76644.828125,0
2026-09-17 20:30:00+00:00,76639.34375,76639.34375,76431.59375,76464.09375,194938880
2026-09-17 20:45:00+00:00,76470.1875,76498.546875,76425.0078125,76498.5390625,8374272
2026-09-17 21:00:00+00:00,76498.5390625,76562.2265625,76429.6171875,76444.59375,69167104
2026-09-17 21:15:00+00:00,76444.59375,76511.703125,76440.0,76491.953125,0
2026-09-17 21:30:00+00:00,76487.390625,76516.9765625,76455.6796875,76458.9375,0
2026-09-17 21:45:00+00:00,76460.3828125,76460.3828125,76343.2109375,76352.546875,2560000
2026-09-17 22:00:00+00:00,76343.2109375,76400.34375,76281.78125,76301.8125,0
2026-09-17 22:15:00+00:00,76301.8125,76301.8203125,76186.8828125,76202.578125,155897856
2026-09-17 22:30:00+00:00,76202.578125,76389.28125,76190.3984375,76360.40625,0
2026-09-17 22:45:00+00:00,76359.921875,76369.4765625,76252.8125,76359.8671875,110260224
2026-09-17 23:00:00+00:00,76359.8671875,76444.5,76334.15625,76429.65625,27242496
2026-09-17 23:15:00+00:00,76425.0,76443.59375,76401.0,76416.78125,12736512
2026-09-17 23:30:00+00:00,76418.7421875,76419.296875,76320.96875,76371.9375,0
2026-09-17 23:45:00+00:00,76364.3984375,76436.1796875,76326.7578125,76348.7421875,260126720
2026-09-18 00:00:00+00:00,76342.5,76404.1171875,76309.2109375,76402.53125,0
2026-09-18 00:15:00+00:00,76396.140625,76396.1484375,76217.109375,76316.6328125,40421376
2026-09-18 00:30:00+00:00,76322.6875,76385.3203125,76274.7109375,76368.21875,0
2026-09-18 00:45:00+00:00,76368.2265625,76529.6171875,76341.75,76526.1015625,68454400
2026-09-18 01:00:00+00:00,76529.6171875,76621.5390625,76475.59375,76496.15625,120285184
2026-09-18 01:15:00+00:00,76486.953125,76578.96875,76445.171875,76528.078125,618199040
2026-09-18 01:30:00+00:00,76521.9765625,76657.8125,76509.828125,76623.296875,0
2026-09-18 01:45:00+00:00,76623.296875,76696.7421875,76615.2265625,76659.3984375,1595392
2026-09-18 02:00:00+00:00,76664.6484375,76747.6484375,76568.4765625,76689.5390625,0
2026-09-18 02:15:00+00:00,76689.546875,76859.2265625,76670.3125,76859.2265625,61339648
2026-09-18 02:30:00+00:00,76868.4375,76966.8671875,76862.6015625,76868.078125,171902976
2026-09-18 02:45:00+00:00,76868.09375,76965.890625,76841.4609375,76910.796875,24817664
2026-09-18 03:00:00+00:00,76909.34375,77253.421875,76900.0078125,77253.421875,41596928
2026-09-18 03:15:00+00:00,77287.546875,77516.7265625,77215.8671875,77356.8671875,651608064
2026-09-18 03:30:00+00:00,77378.96875,77429.9765625,77243.3984375,77264.3671875,342894592
2026-09-18 03:45:00+00:00,77273.96875,77400.09375,77271.59375,77297.703125,143185920
2026-09-18 04:00:00+00:00,77312.1328125,77345.75,77162.140625,77212.3828125,90929152
2026-09-18 04:15:00+00:00,77223.046875,77303.4375,77179.671875,77200.671875,331771904
2026-09-18 04:30:00+00:00,77211.828125,77360.390625,77143.09375,77360.390625,424923136
2026-09-18 04:45:00+00:00,77372.09375,77496.2578125,77268.390625,77496.2578125,151521280
2026-09-18 05:00:00+00:00,77508.4765625,77599.9921875,77375.2890625,77457.15625,247578624
2026-09-18 05:15:00+00:00,77489.2421875,77548.59375,77370.953125,77534.9921875,1027305472
2026-09-18 05:30:00+00:00,77539.1875,77639.3125,77454.0078125,77517.6484375,249573376
2026-09-18 05:45:00+00:00,77516.796875,77524.53125,77384.78125,77426.7734375,59539456
2026-09-18 06:00:00+00:00,77433.96875,77535.8828125,77412.9296875,77430.59375,98854912
2026-09-18 06:15:00+00:00,77427.8984375,77606.3671875,77414.578125,77467.4921875,159442944
2026-09-18 06:30:00+00:00,77467.4921875,77518.390625,77418.6328125,77456.078125,304474112
2026-09-18 06:45:00+00:00,77456.078125,77538.53125,77332.0703125,77527.3828125,59392000
2026-09-18 07:00:00+00:00,77517.6796875,77703.3984375,77500.7421875,77552.2890625,220610560
2026-09-18 07:15:00+00:00,77544.5703125,77774.0625,77536.296875,77721.6484375,260444160
2026-09-18 07:30:00+00:00,77730.390625,77773.140625,77665.8515625,77746.5,261490688
2026-09-18 07:45:00+00:00,77737.3125,77752.4765625,77658.421875,77734.78125,421742592
2026-09-18 08:00:00+00:00,77729.140625,77901.546875,77586.9921875,77696.2265625,161949696
2026-09-18 08:15:00+00:00,77684.5234375,77996.9296875,77679.4765625,77881.7578125,446722048
2026-09-18 08:30:00+00:00,77871.8671875,77964.359375,77833.84375,77896.21875,278065152
2026-09-18 08:45:00+00:00,77902.3828125,78200.0,77888.2421875,78200.0,45498368
2026-09-18 09:00:00+00:00,78191.5625,78403.84375,78151.1484375,78316.890625,478236672
2026-09-18 09:15:00+00:00,78303.671875,78326.90625,78095.15625,78095.2734375,352933888
2026-09-18 09:30:00+00:00,78095.15625,78104.4765625,77945.4296875,77983.046875,266659840
2026-09-18 09:45:00+00:00,77983.046875,78149.609375,77983.0390625,78148.140625,173481984
2026-09-18 10:00:00+00:00,78138.46875,78160.1015625,78045.59375,78129.453125,139165696
2026-09-18 10:15:00+00:00,78129.453125,78212.4765625,78094.75,78211.0,203749376
2026-09-18 10:30:00+00:00,78210.9921875,78245.953125,78123.1015625,78168.921875,206886912
2026-09-18 10:45:00+00:00,78166.453125,78296.390625,78160.7109375,78221.4609375,9695232
2026-09-18 11:00:00+00:00,78212.3828125,78351.828125,77973.1796875,78049.03125,216768512
2026-09-18 11:15:00+00:00,78044.5390625,78109.1875,77980.5078125,77985.296875,317446144
2026-09-18 11:30:00+00:00,77980.2421875,78113.4765625,77956.46875,77960.5234375,146876416
2026-09-18 11:45:00+00:00,77962.828125,78036.09375,77962.8203125,77995.1875,22370304
2026-09-18 12:00:00+00:00,78011.3828125,78049.7265625,77920.8515625,78025.296875,18358272
2026-09-18 12:15:00+00:00,78038.9921875,78049.7265625,77917.1875,77951.78125,0
2026-09-18 12:30:00+00:00,77951.78125,78124.078125,77922.65625,78046.078125,0
2026-09-18 12:45:00+00:00,78046.0703125,78083.640625,77957.1015625,77979.59375,113704960
2026-09-18 13:00:00+00:00,77977.6171875,78023.4375,77918.546875,77968.4765625,13692928
2026-09-18 13:15:00+00:00,77968.4765625,78116.21875,77961.0625,78116.21875,16078848
2026-09-18 13:30:00+00:00,78094.4765625,79277.8671875,78074.1015625,79256.7265625,105465856
2026-09-18 13:45:00+00:00,79209.0,80416.21875,79179.078125,80026.9921875,1884657664
2026-09-18 14:00:00+00:00,80114.609375,80480.828125,80086.3515625,80256.5,1908969472
2026-09-18 14:15:00+00:00,80278.921875,80947.546875,80278.921875,80669.03125,745732096
2026-09-18 14:30:00+00:00,80694.8984375,80787.9375,80465.703125,80745.71875,1082116096
2026-09-18 14:45:00+00:00,80774.2734375,80925.40625,80671.7734375,80904.09375,550830080
2026-09-18 15:00:00+00:00,80904.9921875,81000.0,80522.7890625,80740.5703125,757692416
2026-09-18 15:15:00+00:00,80736.7265625,81090.640625,80736.7265625,80924.921875,629139456
2026-09-18 15:30:00+00:00,80941.03125,80941.03125,80624.8203125,80624.8203125,1923250176
2026-09-18 15:45:00+00:00,80611.0078125,80800.0,80504.1484375,80698.2421875,197713920
2026-09-18 16:00:00+00:00,80737.59375,80954.078125,80647.859375,80954.078125,555089920
2026-09-18 16:15:00+00:00,80947.65625,81057.359375,80841.7421875,81003.8203125,457506816
2026-09-18 16:30:00+00:00,81034.640625,81236.7265625,80873.0078125,80968.5078125,367706112
2026-09-18 16:45:00+00:00,80930.9921875,80934.40625,80748.078125,80829.0,336216064
2026-09-18 17:00:00+00:00,80833.5625,80886.78125,80741.7109375,80867.5234375,0
2026-09-18 17:15:00+00:00,80880.7734375,80923.59375,80619.0,80730.8671875,133230592
2026-09-18 17:30:00+00:00,80728.046875,80758.859375,80554.0234375,80747.328125,71925760
2026-09-18 17:45:00+00:00,80747.328125,80996.890625,80739.1171875,80992.59375,46002176
2026-09-18 18:00:00+00:00,80982.2421875,80982.2421875,80787.3203125,80850.0,247230464
2026-09-18 18:15:00+00:00,80857.09375,80981.9296875,80800.078125,80981.9296875,304427008
2026-09-18 18:30:00+00:00,80979.3984375,81125.7109375,80891.8984375,80924.46875,172457984
2026-09-18 18:45:00+00:00,80919.0078125,81056.4765625,80854.6171875,80916.3828125,96468992
2026-09-18 19:00:00+00:00,80928.7109375,81197.96875,80884.9609375,81169.9609375,183300096
2026-09-18 19:15:00+00:00,81184.3984375,81385.5,81095.0078125,81240.1171875,376582144
2026-09-18 19:30:00+00:00,81235.2890625,81235.2890625,81030.3515625,81228.15625,460918784
2026-09-18 19:45:00+00:00,81209.5703125,81347.3828125,81115.0,81180.0,272527360
2026-09-18 20:00:00+00:00,81199.6171875,81226.7734375,80939.1875,81063.6796875,301793280
2026-09-18 20:15:00+00:00,81039.0,81207.0,80928.0390625,81000.6328125,304115712
2026-09-18 20:30:00+00:00,81023.171875,81171.71875,80950.0,81156.6328125,284577792
2026-09-18 20:45:00+00:00,81135.953125,81173.7421875,81052.6328125,81096.1875,1508966400
2026-09-18 21:00:00+00:00,81109.59375,81274.7734375,81081.0,81263.8125,88195072
2026-09-18 21:15:00+00:00,81263.8125,81273.9921875,81100.0,81178.1328125,82812928
2026-09-18 21:30:00+00:00,81184.15625,81282.0078125,81125.0625,81205.3828125,1460948992
2026-09-18 21:45:00+00:00,81205.3828125,81244.578125,81136.46875,81223.78125,302219264
2026-09-18 22:00:00+00:00,81223.78125,81364.4921875,81195.703125,81236.4609375,35995648
2026-09-18 22:15:00+00:00,81235.7890625,81333.0703125,81232.1875,81251.5,90943488
2026-09-18 22:30:00+00:00,81251.5,81251.5078125,81063.546875,81104.7265625,97456128
2026-09-18 22:45:00+00:00,81107.84375,81154.5,81082.6171875,81124.5234375,53731328
2026-09-18 23:00:00+00:00,81133.8828125,81192.8828125,81079.8203125,81162.46875,53780480
2026-09-18 23:15:00+00:00,81162.46875,81185.9921875,80969.0,80983.15625,103612416
2026-09-18 23:30:00+00:00,80977.5078125,81011.7890625,80844.1171875,80884.3203125,257323008
2026-09-18 23:45:00+00:00,80880.640625,80969.8984375,80862.4375,80875.1015625,73863168
2026-09-19 00:00:00+00:00,80891.4296875,80962.46875,80827.4375,80960.9296875,171347968
2026-09-19 00:15:00+00:00,80960.9296875,81087.65625,80957.3203125,81085.1171875,0
2026-09-19 00:30:00+00:00,81085.1171875,81322.5,81085.1171875,81322.5,407687168
2026-09-19 00:45:00+00:00,81303.0234375,81654.6328125,81242.09375,81654.6328125,183242752
2026-09-19 01:00:00+00:00,81637.5078125,81707.671875,81250.640625,81260.5,471482368
2026-09-19 01:15:00+00:00,81260.5,81309.1328125,81081.0078125,81232.890625,84877312
2026-09-19 01:30:00+00:00,81232.78125,81251.109375,81035.7421875,81149.21875,134893568
2026-09-19 01:45:00+00:00,81149.2109375,81400.28125,81149.2109375,81262.5078125,415240192
2026-09-19 02:00:00+00:00,81267.7890625,81403.6015625,81229.15625,81353.9921875,156815360
2026-09-19 02:15:00+00:00,81343.5234375,81425.8125,81302.5,81325.640625,17616896
2026-09-19 02:30:00+00:00,81320.8671875,81419.828125,81263.171875,81292.0234375,0
2026-09-19 02:45:00+00:00,81281.859375,81295.7421875,81244.3203125,81261.0078125,11309056
2026-09-19 03:00:00+00:00,81276.0625,81367.890625,81254.3984375,81259.1328125,162775040
2026-09-19 03:15:00+00:00,81259.1328125,81259.1328125,81113.46875,81113.5078125,0
2026-09-19 03:30:00+00:00,81113.46875,81158.578125,81095.1328125,81154.4921875,30494720
2026-09-19 03:45:00+00:00,81154.4921875,81164.9921875,81105.03125,81105.03125,92147712
2026-09-19 04:00:00+00:00,81105.046875,81187.1875,81088.90625,81181.9765625,0
2026-09-19 04:15:00+00:00,81184.0,81205.1796875,81095.140625,81106.59375,97738752
2026-09-19 04:30:00+00:00,81106.59375,81106.59375,80893.6015625,80939.921875,0
2026-09-19 04:45:00+00:00,80939.921875,81001.6796875,80911.7265625,81001.6796875,165277696
2026-09-19 05:00:00+00:00,80997.75,81113.9765625,80997.3203125,81017.546875,0
2026-09-19 05:15:00+00:00,81017.546875,81126.0,80990.9609375,81040.3203125,138436608
2026-09-19 05:30:00+00:00,81040.3203125,81096.5703125,81001.2265625,81003.2734375,0
2026-09-19 05:45:00+00:00,81003.2734375,81057.5703125,80985.53125,81022.5,136478720
2026-09-19 06:00:00+00:00,81033.5,81046.2890625,80977.5234375,80981.296875,0
2026-09-19 06:15:00+00:00,80981.296875,81028.4921875,80900.0,80934.9921875,198160384
2026-09-19 06:30:00+00:00,80949.359375,81065.28125,80949.359375,81038.21875,0
2026-09-19 06:45:00+00:00,81038.21875,81077.03125,80997.0,81013.5625,82583552
2026-09-19 07:00:00+00:00,81023.6875,81132.8125,81023.6875,81132.8125,0
2026-09-19 07:15:00+00:00,81123.0,81217.5078125,81041.203125,81077.4609375,0
2026-09-19 07:30:00+00:00,81077.953125,81095.828125,81003.609375,81026.8984375,61898752
2026-09-19 07:45:00+00:00,81030.0,81153.109375,80998.390625,81061.1484375,20705280
2026-09-19 08:00:00+00:00,81083.4296875,81217.3515625,81039.0078125,81212.8671875,0
2026-09-19 08:15:00+00:00,81200.59375,81374.96875,81165.84375,81270.0,152064000
2026-09-19 08:30:00+00:00,81265.21875,81371.96875,81248.5390625,81288.3671875,0
2026-09-19 08:45:00+00:00,81288.3828125,81360.7421875,81259.5390625,81297.6484375,95928320
2026-09-19 09:00:00+00:00,81298.1796875,81493.2109375,81257.53125,81408.7265625,0
2026-09-19 09:15:00+00:00,81399.8671875,81481.203125,81355.59375,81384.6484375,76312576
2026-09-19 09:30:00+00:00,81389.1484375,81416.75,81225.9765625,81241.21875,57151488
2026-09-19 09:45:00+00:00,81241.2265625,81320.3828125,81241.2265625,81298.84375,299855872
2026-09-19 10:00:00+00:00,81291.0,81308.9609375,81210.828125,81274.6875,0
2026-09-19 10:15:00+00:00,81289.9921875,81297.9921875,81224.75,81256.1796875,0
2026-09-19 10:30:00+00:00,81254.328125,81274.90625,81187.4296875,81225.5234375,94302208
2026-09-19 10:45:00+00:00,81225.5234375,81300.0,81176.0625,81189.6015625,23134208
2026-09-19 11:00:00+00:00,81195.1875,81340.28125,81175.1171875,81280.171875,82305024
2026-09-19 11:15:00+00:00,81280.171875,81338.2109375,81238.671875,81239.046875,44978176
2026-09-19 11:30:00+00:00,81239.046875,81272.90625,81209.3984375,81263.8125,0
2026-09-19 11:45:00+00:00,81262.5390625,81290.859375,81254.0078125,81280.0,192839680
2026-09-19 12:00:00+00:00,81280.0078125,81336.84375,81244.84375,81326.5390625,0
2026-09-19 12:15:00+00:00,81326.5390625,81342.140625,81193.2109375,81225.046875,171814912
2026-09-19 12:30:00+00:00,81202.6875,81267.8203125,81202.6875,81251.7734375,43429888
2026-09-19 12:45:00+00:00,81264.078125,81320.453125,81213.890625,81309.9921875,16044032
2026-09-19 13:00:00+00:00,81291.0,81317.921875,81149.6015625,81218.0390625,0
2026-09-19 13:15:00+00:00,81219.2578125,81320.8828125,81201.6484375,81214.3671875,246077440
2026-09-19 13:30:00+00:00,81215.8203125,81259.4921875,81173.3828125,81235.8984375,0
2026-09-19 13:45:00+00:00,81235.8984375,81335.921875,81207.0,81325.0,0
2026-09-19 14:00:00+00:00,81324.890625,81419.453125,81306.3203125,81356.828125,0
2026-09-19 14:15:00+00:00,81356.8203125,81549.9921875,81356.8203125,81549.9921875,0
2026-09-19 14:30:00+00:00,81554.65625,81606.0,81443.5078125,81498.3984375,0
2026-09-19 14:45:00+00:00,81498.3984375,81594.109375,81457.140625,81554.890625,0
2026-09-19 15:00:00+00:00,81554.890625,81719.7578125,81545.890625,81668.4765625,0
2026-09-19 15:15:00+00:00,81682.5390625,81736.0234375,81539.96875,81542.0078125,0
2026-09-19 15:30:00+00:00,81543.6484375,81910.7890625,81543.6484375,81888.0,0
2026-09-19 15:45:00+00:00,81878.0390625,81878.0390625,81574.5078125,81610.8203125,208340992
2026-09-19 16:00:00+00:00,81639.3984375,81755.0703125,81446.7734375,81732.53125,0
2026-09-19 16:15:00+00:00,81743.96875,81857.28125,81713.703125,81792.8125,0
2026-09-19 16:30:00+00:00,81807.390625,81883.453125,81790.0,81829.671875,62439424
2026-09-19 16:45:00+00:00,81829.671875,81838.03125,81800.0078125,81813.3515625,32397312
2026-09-19 17:00:00+00:00,81806.0,81829.53125,81683.6875,81683.6875,0
2026-09-19 17:15:00+00:00,81699.6875,81760.4375,81418.0078125,81509.25,16340992
2026-09-19 17:30:00+00:00,81526.9609375,81568.3828125,81438.296875,81473.078125,93825024
2026-09-19 17:45:00+00:00,81474.703125,81526.703125,81425.2421875,81437.1015625,69644288
2026-09-19 18:00:00+00:00,81435.3984375,81521.9921875,81322.453125,81367.796875,0
2026-09-19 18:15:00+00:00,81362.6796875,81471.828125,81311.15625,81430.5078125,8343552
2026-09-19 18:30:00+00:00,81430.5078125,81502.96875,81364.5,81457.2421875,0
2026-09-19 18:45:00+00:00,81461.0703125,81470.0,81387.546875,81412.2421875,0
2026-09-19 19:00:00+00:00,81427.3203125,81444.609375,81350.0,81355.640625,0
2026-09-19 19:15:00+00:00,81359.421875,81432.109375,81325.359375,81374.859375,0
2026-09-19 19:30:00+00:00,81374.859375,81377.046875,81295.4375,81305.0078125,0
2026-09-19 19:45:00+00:00,81305.0078125,81368.65625,81293.7578125,81344.0234375,0
2026-09-19 20:00:00+00:00,81339.03125,81414.0,81330.0078125,81398.5234375,0
2026-09-19 20:15:00+00:00,81398.5234375,81398.5234375,81237.0234375,81237.0234375,0
2026-09-19 20:30:00+00:00,81237.0234375,81271.6171875,81225.1796875,81271.6171875,82225152
2026-09-19 20:45:00+00:00,81255.9296875,81266.2109375,81061.2890625,81129.9765625,0
2026-09-19 21:00:00+00:00,81129.9765625,81199.9921875,80971.796875,80978.2890625,0
2026-09-19 21:15:00+00:00,80964.8203125,81044.0,80872.46875,81031.5390625,132556800
2026-09-19 21:30:00+00:00,81036.109375,81041.1796875,80912.609375,80997.4921875,128964608
2026-09-19 21:45:00+00:00,80994.328125,81136.84375,80993.640625,81063.7265625,21620736
2026-09-19 22:00:00+00:00,81063.71875,81063.71875,80926.046875,80975.9921875,73218048
2026-09-19 22:15:00+00:00,80982.3828125,81060.09375,80970.59375,81059.9921875,44967936
2026-09-19 22:30:00+00:00,81034.6796875,81216.140625,81034.6796875,81209.7421875,13678592
2026-09-19 22:45:00+00:00,81209.75,81240.2890625,81174.328125,81232.46875,99106816
2026-09-19 23:00:00+00:00,81232.46875,81262.25,81209.03125,81258.28125,47300608
2026-09-19 23:15:00+00:00,81258.28125,81286.390625,81187.3828125,81279.1796875,100417536
2026-09-19 23:30:00+00:00,81279.1796875,81340.7890625,81243.546875,81246.8671875,0
2026-09-19 23:45:00+00:00,81246.8671875,81292.40625,81220.96875,81233.53125,116076544
2026-09-20 00:00:00+00:00,81233.90625,81260.140625,81176.15625,81258.9609375,0
2026-09-20 00:15:00+00:00,81258.96875,81293.0703125,81177.8828125,81279.546875,68642816
2026-09-20 00:30:00+00:00,81279.5625,81302.3515625,81219.3828125,81300.7109375,93345792
2026-09-20 00:45:00+00:00,81280.5,81282.15625,81240.5703125,81277.4921875,13279232
2026-09-20 01:00:00+00:00,81261.96875,81278.2578125,81100.9609375,81106.0703125,0
2026-09-20 01:15:00+00:00,81091.5,81187.6796875,81066.3984375,81088.7890625,0
2026-09-20 01:30:00+00:00,81082.2734375,81103.796875,81000.0078125,81037.3828125,18972672
2026-09-20 01:45:00+00:00,81055.5234375,81094.828125,81000.0,81071.7109375,96698368
2026-09-20 02:00:00+00:00,81066.8828125,81122.9921875,81052.1484375,81122.9921875,228022272
2026-09-20 02:15:00+00:00,81122.9921875,81131.5,80944.84375,80944.8515625,44695552
2026-09-20 02:30:00+00:00,80955.0,80967.421875,80529.2890625,80529.2890625,82122752
2026-09-20 02:45:00+00:00,80531.328125,80655.7890625,80230.03125,80312.4765625,335802368
2026-09-20 03:00:00+00:00,80295.8515625,80488.703125,80179.140625,80215.859375,1592983552
2026-09-20 03:15:00+00:00,80222.171875,80498.6015625,80085.0,80356.5,325998592
2026-09-20 03:30:00+00:00,80356.5,80377.1171875,80272.5,80361.7890625,212623360
2026-09-20 03:45:00+00:00,80358.25,80480.5078125,80297.7890625,80458.390625,239204352
2026-09-20 04:00:00+00:00,80472.953125,80491.0078125,80349.2421875,80405.0,85100544
2026-09-20 04:15:00+00:00,80405.0,80494.6171875,80304.0,80398.3984375,133289984
2026-09-20 04:30:00+00:00,80404.4765625,80455.296875,80353.609375,80353.609375,103931904
2026-09-20 04:45:00+00:00,80353.609375,80451.9765625,80283.0,80395.9375,24567808
2026-09-20 05:00:00+00:00,80404.8203125,80596.109375,80377.5078125,80561.4609375,117250048
2026-09-20 05:15:00+00:00,80561.4609375,80565.15625,80411.7578125,80515.2421875,445609984
2026-09-20 05:30:00+00:00,80515.2265625,80590.25,80419.5,80504.8671875,257570816
2026-09-20 05:45:00+00:00,80504.859375,80521.578125,80419.0,80456.0078125,18800640
2026-09-20 06:00:00+00:00,80456.0078125,80498.5625,80391.3671875,80485.21875,718848
2026-09-20 06:15:00+00:00,80485.21875,80573.609375,80426.2109375,80426.2109375,185081856
2026-09-20 06:30:00+00:00,80426.6015625,80454.7421875,80240.46875,80345.7734375,35776512
2026-09-20 06:45:00+00:00,80345.7734375,80405.828125,80185.8203125,80272.5,216606720
2026-09-20 07:00:00+00:00,80272.5,80337.5234375,80259.5078125,80326.4375,77840384
2026-09-20 07:15:00+00:00,80305.0078125,80392.640625,80254.828125,80364.7734375,19810304
2026-09-20 07:30:00+00:00,80364.7734375,80364.7734375,80262.0078125,80310.7265625,88416256
2026-09-20 07:45:00+00:00,80301.2578125,80356.0703125,80279.890625,80284.5625,0
2026-09-20 08:00:00+00:00,80284.5625,80428.84375,80278.390625,80388.203125,483418112
2026-09-20 08:15:00+00:00,80388.203125,80406.7109375,80344.953125,80345.6015625,286785536
2026-09-20 08:30:00+00:00,80345.6015625,80384.9765625,80212.1171875,80227.6796875,7251968
2026-09-20 08:45:00+00:00,80227.6796875,80253.1796875,80139.640625,80228.203125,79951872
2026-09-20 09:00:00+00:00,80221.0,80271.7109375,80220.9921875,80230.7578125,29208576
2026-09-20 09:15:00+00:00,80230.7578125,80364.46875,80219.9921875,80345.703125,0
2026-09-20 09:30:00+00:00,80345.703125,80541.59375,80345.703125,80512.828125,0
2026-09-20 09:45:00+00:00,80511.6796875,80511.6796875,80421.671875,80430.0078125,161763328
2026-09-20 10:00:00+00:00,80431.6171875,80483.28125,80294.1015625,80360.9609375,187480064
2026-09-20 10:15:00+00:00,80377.4921875,80407.53125,80292.640625,80345.9921875,109146112
2026-09-20 10:30:00+00:00,80345.9921875,80398.4765625,80287.5234375,80322.8984375,6813696
2026-09-20 10:45:00+00:00,80322.8984375,80366.90625,80283.0078125,80283.0078125,0
2026-09-20 11:00:00+00:00,80270.109375,80384.2421875,80242.53125,80334.109375,19888128
2026-09-20 11:15:00+00:00,80334.109375,80351.6328125,80268.0,80338.03125,113154048
2026-09-20 11:30:00+00:00,80338.9609375,80460.390625,80338.9609375,80426.9921875,139859968
2026-09-20 11:45:00+00:00,80426.9921875,80498.1875,80405.1484375,80442.9765625,151371776
2026-09-20 12:00:00+00:00,80430.046875,80494.1484375,80383.1171875,80451.0,33935360
2026-09-20 12:15:00+00:00,80461.4921875,80464.9921875,80321.3125,80335.5703125,93646848
2026-09-20 12:30:00+00:00,80332.140625,80341.7265625,80285.78125,80320.53125,90173440
2026-09-20 12:45:00+00:00,80320.5390625,80461.4921875,80320.53125,80451.140625,1484800
2026-09-20 13:00:00+00:00,80451.140625,80608.4765625,80449.53125,80530.046875,44847104
2026-09-20 13:15:00+00:00,80530.046875,80532.21875,80447.8203125,80472.0,18098176
2026-09-20 13:30:00+00:00,80472.0,80529.3515625,80392.3671875,80529.3515625,92774400
2026-09-20 13:45:00+00:00,80529.3515625,80544.796875,80499.3828125,80522.046875,0
2026-09-20 14:00:00+00:00,80522.046875,80737.359375,80522.046875,80544.5625,57696256
2026-09-20 14:15:00+00:00,80540.7265625,80540.7265625,80379.109375,80496.9765625,13674496
2026-09-20 14:30:00+00:00,80496.9765625,80621.703125,80465.0078125,80601.09375,0
2026-09-20 14:45:00+00:00,80601.09375,80730.4921875,80566.5078125,80639.5390625,132321280
2026-09-20 15:00:00+00:00,80639.59375,80870.1328125,80639.59375,80720.4765625,78012416
2026-09-20 15:15:00+00:00,80740.9921875,80856.9296875,80635.0703125,80639.609375,698474496
2026-09-20 15:30:00+00:00,80636.71875,80851.1484375,80636.71875,80806.15625,221616128
2026-09-20 15:45:00+00:00,80808.90625,80930.9765625,80801.8671875,80874.203125,0
2026-09-20 16:00:00+00:00,80895.75,81164.9765625,80787.0,81122.9921875,42964992
2026-09-20 16:15:00+00:00,81131.8515625,81251.9921875,81005.1015625,81150.0,305154048
2026-09-20 16:30:00+00:00,81142.3671875,81472.0390625,81083.609375,81360.9609375,207151104
2026-09-20 16:45:00+00:00,81376.0078125,81421.6796875,81201.0234375,81311.9921875,224286720
2026-09-20 17:00:00+00:00,81320.421875,81437.9921875,81144.0,81217.4921875,165380096
2026-09-20 17:15:00+00:00,81225.3125,81303.28125,81113.21875,81138.0,99002368
2026-09-20 17:30:00+00:00,81138.0,81405.3125,81138.0,81374.9921875,126038016
2026-09-20 17:45:00+00:00,81374.9921875,81393.453125,81048.046875,81129.328125,115261440
2026-09-20 18:00:00+00:00,81124.1484375,81184.6875,81000.046875,81083.90625,125315072
2026-09-20 18:15:00+00:00,81085.546875,81255.71875,81082.2265625,81253.7265625,751966208
2026-09-20 18:30:00+00:00,81253.7265625,81299.5390625,81162.9609375,81202.0234375,88129536
2026-09-20 18:45:00+00:00,81202.15625,81206.09375,81008.8984375,81021.21875,157390848
2026-09-20 19:00:00+00:00,81030.0,81111.453125,81030.0,81065.3125,67186688
2026-09-20 19:15:00+00:00,81064.1875,81103.4765625,81041.7109375,81103.4765625,0
2026-09-20 19:30:00+00:00,81108.8984375,81279.5234375,81107.2734375,81210.3125,68239360
2026-09-20 19:45:00+00:00,81210.3125,81279.2109375,81132.8203125,81162.4375,6645760
2026-09-20 20:00:00+00:00,81170.0390625,81208.2421875,81123.671875,81128.5390625,56084480
2026-09-20 20:15:00+00:00,81132.8984375,81205.6171875,81075.171875,81192.9609375,23525376
2026-09-20 20:30:00+00:00,81154.5,81154.5,81060.0078125,81120.7265625,60065792
2026-09-20 20:45:00+00:00,81120.7265625,81208.65625,81052.6328125,81073.46875,56305664
2026-09-20 21:00:00+00:00,81073.4765625,81075.1015625,80605.421875,80763.609375,22190080
2026-09-20 21:15:00+00:00,80753.3125,80914.3125,80753.3125,80864.0234375,90927104
2026-09-20 21:30:00+00:00,80858.3203125,80927.0,80773.71875,80775.0,0
2026-09-20 21:45:00+00:00,80775.0703125,80934.0,80775.0625,80916.046875,0
2026-09-20 22:00:00+00:00,80933.9921875,81275.5703125,80793.0,81274.9921875,74172416
2026-09-20 22:15:00+00:00,81252.7265625,81252.7265625,81053.3828125,81154.4765625,115755008
2026-09-20 22:30:00+00:00,81146.71875,81254.71875,81088.2734375,81093.4609375,95817728
2026-09-20 22:45:00+00:00,81081.0,81254.7265625,81077.6015625,81196.4921875,64217088
2026-09-20 23:00:00+00:00,81187.78125,81238.4921875,81110.65625,81132.25,101181440
2026-09-20 23:15:00+00:00,81133.1875,81287.2890625,81100.53125,81134.7109375,113065984
2026-09-20 23:30:00+00:00,81140.0,81269.9921875,81110.0,81241.3828125,96112640
2026-09-20 23:45:00+00:00,81242.4375,81312.03125,81129.296875,81159.5390625,67850240
2026-09-21 00:00:00+00:00,81149.25,81680.1328125,81149.25,81650.0,251709440
2026-09-21 00:15:00+00:00,81669.8515625,81816.0,81501.0,81722.3828125,411232256
2026-09-21 00:30:00+00:00,81722.3671875,81824.6875,81516.671875,81668.9921875,318099456
2026-09-21 00:45:00+00:00,81679.4921875,81820.2890625,81564.0,81604.8203125,355135488
2026-09-21 01:00:00+00:00,81588.09375,81787.578125,81501.6875,81775.7734375,93014016
2026-09-21 01:15:00+00:00,81784.4765625,82070.25,81500.0,81571.546875,457375744
2026-09-21 01:30:00+00:00,81567.359375,81643.4921875,81287.2578125,81444.671875,532750336
2026-09-21 01:45:00+00:00,81445.3125,81473.96875,80837.7578125,80981.78125,324839424
2026-09-21 02:00:00+00:00,80976.9609375,81351.4765625,80962.34375,81351.4765625,343525376
2026-09-21 02:15:00+00:00,81351.4765625,81493.640625,81295.9375,81405.2421875,29421568
2026-09-21 02:30:00+00:00,81400.0234375,81400.0234375,81133.5,81237.796875,127971328
2026-09-21 02:45:00+00:00,81230.21875,81385.4921875,81185.359375,81299.859375,501975040
2026-09-21 03:00:00+00:00,81318.3828125,81437.9921875,81218.5703125,81271.046875,686219264
2026-09-21 03:15:00+00:00,81306.140625,81486.3515625,81306.140625,81362.8828125,0
2026-09-21 03:30:00+00:00,81437.9921875,81554.9921875,81428.28125,81457.3984375,0
2026-09-21 03:45:00+00:00,81468.7890625,81487.7578125,81339.546875,81411.5,39948288
2026-09-21 04:00:00+00:00,81411.5078125,81450.4375,81259.5,81260.421875,515557376
2026-09-21 04:15:00+00:00,81260.4296875,81332.640625,81227.40625,81282.1015625,176222208
2026-09-21 04:30:00+00:00,81255.0,81400.0,81210.0,81399.609375,41723904
2026-09-21 04:45:00+00:00,81399.609375,81488.6015625,81359.859375,81374.25,82223104
2026-09-21 05:00:00+00:00,81365.609375,81395.9921875,81285.3515625,81315.578125,31920128
2026-09-21 05:15:00+00:00,81315.578125,81629.71875,81315.578125,81556.171875,0
2026-09-21 05:30:00+00:00,81556.171875,81772.71875,81556.171875,81603.703125,110262272
2026-09-21 05:45:00+00:00,81603.703125,81668.296875,81505.7421875,81538.65625,130189312
2026-09-21 06:00:00+00:00,81541.953125,81672.3515625,81520.09375,81647.9765625,83978240
2026-09-21 06:15:00+00:00,81647.9921875,81845.90625,81647.9921875,81795.2890625,146771968
2026-09-21 06:30:00+00:00,81815.9921875,81815.9921875,81400.0,81400.0,151156736
2026-09-21 06:45:00+00:00,81386.3671875,81732.203125,81386.3671875,81621.5390625,61370368
2026-09-21 07:00:00+00:00,81609.390625,81658.4921875,81450.4609375,81546.5625,111441920
2026-09-21 07:15:00+00:00,81548.8984375,81657.7265625,81514.71875,81604.6015625,106842112
2026-09-21 07:30:00+00:00,81600.5078125,81604.2734375,81450.4609375,81490.5,171792384
2026-09-21 07:45:00+00:00,81490.5078125,81711.0,81469.5,81704.8828125,150915072
2026-09-21 08:00:00+00:00,81715.3828125,81988.6015625,81715.3828125,81896.0,380590080
2026-09-21 08:15:00+00:00,81875.140625,82253.28125,81867.8828125,82228.703125,219912192
2026-09-21 08:30:00+00:00,82215.0,84094.2109375,82162.5,83517.8828125,2272956416
2026-09-21 08:45:00+00:00,83517.0,83849.6796875,83302.7734375,83749.140625,2735687680
2026-09-21 09:00:00+00:00,83763.046875,84031.5,83667.453125,83914.203125,1634840576
2026-09-21 09:15:00+00:00,83878.453125,84520.5703125,83878.453125,84462.2421875,2123851776
2026-09-21 09:30:00+00:00,84408.5625,85134.140625,84321.6328125,85026.3671875,2217285632
2026-09-21 09:45:00+00:00,85000.0078125,85061.7109375,84557.6328125,84640.5,1097908224
2026-09-21 10:00:00+00:00,84638.96875,84781.3984375,84485.8828125,84544.09375,1212129280
2026-09-21 10:15:00+00:00,84581.546875,84708.71875,84345.171875,84345.171875,658681856
2026-09-21 10:30:00+00:00,84357.0,84440.3515625,84113.609375,84247.3828125,442961920
2026-09-21 10:45:00+00:00,84238.0625,84433.7109375,84124.4296875,84412.7890625,819830784
2026-09-21 11:00:00+00:00,84396.140625,84623.2734375,84388.5,84577.59375,249540608
2026-09-21 11:15:00+00:00,84573.9609375,84689.34375,84507.2109375,84650.859375,351531008
2026-09-21 11:30:00+00:00,84629.9375,84850.5234375,84589.96875,84803.140625,227225600
2026-09-21 11:45:00+00:00,84802.8984375,84896.0,84697.6875,84863.3984375,336539648
2026-09-21 12:00:00+00:00,84873.796875,85151.09375,84800.0234375,84979.953125,824950784
2026-09-21 12:15:00+00:00,84978.578125,85358.3828125,84968.2265625,85056.8203125,703451136
2026-09-21 12:30:00+00:00,85065.953125,85369.90625,85026.71875,85271.5234375,331067392
2026-09-21 12:45:00+00:00,85286.2734375,85396.546875,85145.578125,85319.09375,1870995456
2026-09-21 13:00:00+00:00,85291.8984375,85411.53125,85070.6875,85158.7109375,733331456
2026-09-21 13:15:00+00:00,85148.6796875,85206.046875,84898.703125,84913.6796875,1829785600
2026-09-21 13:30:00+00:00,84960.4296875,85220.3203125,84772.6796875,85057.40625,1395466240
2026-09-21 13:45:00+00:00,85016.0234375,85811.3828125,85016.0234375,85413.59375,634970112
2026-09-21 14:00:00+00:00,85432.46875,85491.03125,85025.7421875,85296.46875,2248376320
2026-09-21 14:15:00+00:00,85289.3203125,85762.359375,85207.296875,85702.5078125,733007872
2026-09-21 14:30:00+00:00,85711.4921875,85994.5625,85577.1796875,85759.6875,1432657920
2026-09-21 14:45:00+00:00,85795.3984375,86113.671875,85687.5078125,85835.546875,590712832
2026-09-21 15:00:00+00:00,85827.0,86348.9921875,85809.4375,86317.9921875,946802688
2026-09-21 15:15:00+00:00,86287.3203125,86287.3203125,85817.4296875,85851.21875,866529280
2026-09-21 15:30:00+00:00,85848.7734375,86131.5,85803.65625,86131.5,436391936
2026-09-21 15:45:00+00:00,86128.328125,86183.9765625,85917.1171875,85932.609375,742584320
2026-09-21 16:00:00+00:00,85926.6796875,85969.7734375,85707.2578125,85738.546875,368459776
2026-09-21 16:15:00+00:00,85738.796875,85981.6875,85738.796875,85850.96875,140951552
2026-09-21 16:30:00+00:00,85855.109375,85972.03125,85619.1171875,85877.09375,189689856
2026-09-21 16:45:00+00:00,85867.5625,86136.4375,85854.078125,85967.8828125,2301952
2026-09-21 17:00:00+00:00,85967.890625,86126.5234375,85894.0703125,85984.1171875,721870848
2026-09-21 17:15:00+00:00,85963.5,86005.4609375,85766.703125,85895.3203125,161783808
2026-09-21 17:30:00+00:00,85890.0234375,85984.4765625,85828.3828125,85900.9765625,295575552
2026-09-21 17:45:00+00:00,85891.7421875,85910.9921875,85683.4765625,85910.9921875,228335616
2026-09-21 18:00:00+00:00,85909.6484375,86025.9921875,85836.8671875,86002.3125,74235904
2026-09-21 18:15:00+00:00,86005.671875,86076.6875,85900.0,85934.7109375,296869888
2026-09-21 18:30:00+00:00,85946.578125,85997.671875,85814.1328125,85939.609375,334299136
2026-09-21 18:45:00+00:00,85948.7421875,86074.6015625,85894.90625,86071.78125,181403648
2026-09-21 19:00:00+00:00,86076.703125,86084.6171875,85977.921875,86051.8203125,414339072
2026-09-21 19:15:00+00:00,86051.4921875,86437.1328125,86039.78125,86375.828125,147333120
2026-09-21 19:30:00+00:00,86376.2734375,86894.9921875,86330.8203125,86573.8125,1951182848
2026-09-21 19:45:00+00:00,86567.21875,86658.0625,86478.1328125,86504.96875,2233720832
2026-09-21 20:00:00+00:00,86532.1484375,86804.0234375,86532.1484375,86744.1875,267362304
2026-09-21 20:15:00+00:00,86744.203125,87394.0,86692.84375,87265.5,501080064
2026-09-21 20:30:00+00:00,87273.546875,87273.546875,86892.2890625,86935.609375,855560192
2026-09-21 20:45:00+00:00,86948.2265625,87076.4921875,86856.0078125,86989.90625,456019968
2026-09-21 21:00:00+00:00,86980.0234375,86980.0234375,86574.1484375,86574.1484375,98721792
2026-09-21 21:15:00+00:00,86573.65625,86688.046875,86528.34375,86608.25,304898048
2026-09-21 21:30:00+00:00,86608.2421875,86842.65625,86604.546875,86759.7734375,417456128
2026-09-21 21:45:00+00:00,86759.7578125,86759.7578125,86557.296875,86557.3125,2171228160
2026-09-21 22:00:00+00:00,86557.296875,86686.3125,86527.84375,86598.0078125,0
2026-09-21 22:15:00+00:00,86589.40625,86725.296875,86344.0703125,86395.7265625,410304512
2026-09-21 22:30:00+00:00,86404.4921875,86582.3125,86360.859375,86400.9921875,376602624
2026-09-21 22:45:00+00:00,86400.90625,86423.6328125,86272.7109375,86423.1171875,2063265792
2026-09-21 23:00:00+00:00,86410.4765625,86677.4921875,86401.0234375,86635.6875,145629184
2026-09-21 23:15:00+00:00,86622.171875,86680.5625,86462.2578125,86468.15625,309391360
2026-09-21 23:30:00+00:00,86468.171875,86509.5,86337.1015625,86438.328125,232681472
2026-09-21 23:45:00+00:00,86450.921875,86623.2734375,86404.6328125,86594.9375,141082624
2026-09-22 00:00:00+00:00,86586.28125,86609.84375,86284.0,86451.84375,16908288
2026-09-22 00:15:00+00:00,86453.75,86482.03125,86310.0,86394.0,0
2026-09-22 00:30:00+00:00,86380.0,86494.9765625,86153.1171875,86325.953125,330428416
2026-09-22 00:45:00+00:00,86338.078125,86377.4609375,85843.4765625,85895.9296875,449785856
2026-09-22 01:00:00+00:00,85903.5078125,85950.1484375,85608.7890625,85758.3125,429522944
2026-09-22 01:15:00+00:00,85743.0,85858.4921875,85414.453125,85756.8203125,187252736
2026-09-22 01:30:00+00:00,85751.453125,85822.0234375,85614.296875,85668.359375,0
2026-09-22 01:45:00+00:00,85658.390625,85703.8828125,85519.96875,85598.671875,259321856
2026-09-22 02:00:00+00:00,85605.15625,85658.0234375,85380.4296875,85598.109375,115355648
2026-09-22 02:15:00+00:00,85589.203125,85832.78125,85500.0078125,85723.3515625,589049856
2026-09-22 02:30:00+00:00,85733.40625,85832.6171875,85620.921875,85795.296875,1871540224
2026-09-22 02:45:00+00:00,85795.296875,85855.4375,85643.0,85700.0,339193856
2026-09-22 03:00:00+00:00,85700.0,85734.6484375,85437.7421875,85514.046875,61878272
2026-09-22 03:15:00+00:00,85546.6328125,85626.0625,85288.1484375,85592.8203125,468045824
2026-09-22 03:30:00+00:00,85570.53125,85595.9765625,85401.859375,85476.9921875,344842240
2026-09-22 03:45:00+00:00,85455.5390625,85675.0,85449.3828125,85667.84375,121810944
2026-09-22 04:00:00+00:00,85678.6796875,85719.0078125,85593.6875,85608.3515625,257622016
2026-09-22 04:15:00+00:00,85600.0078125,85624.53125,85475.9609375,85537.296875,290537472
2026-09-22 04:30:00+00:00,85548.359375,85604.171875,85445.109375,85500.0,37052416
2026-09-22 04:45:00+00:00,85485.828125,85521.2734375,85402.5,85430.0,653959168
2026-09-22 05:00:00+00:00,85454.46875,85491.9609375,85364.578125,85392.0703125,54984704
2026-09-22 05:15:00+00:00,85406.859375,85406.859375,85138.2265625,85197.953125,156528640
2026-09-22 05:30:00+00:00,85189.546875,85410.8984375,85085.28125,85407.3984375,295776256
2026-09-22 05:45:00+00:00,85411.9375,85588.0078125,85379.171875,85392.796875,181678080
2026-09-22 06:00:00+00:00,85411.9609375,85459.4921875,85238.5,85340.0,168050688
2026-09-22 06:15:00+00:00,85345.0234375,85360.25,85230.0078125,85359.9921875,355975168
2026-09-22 06:30:00+00:00,85346.1875,85559.03125,85330.796875,85472.109375,22319104
2026-09-22 06:45:00+00:00,85472.109375,85485.421875,85339.2421875,85359.2265625,1354960896
2026-09-22 07:00:00+00:00,85350.0,85485.2265625,85293.0390625,85420.0234375,106958848
2026-09-22 07:15:00+00:00,85420.2734375,85442.65625,85197.0078125,85301.9921875,138534912
2026-09-22 07:30:00+00:00,85302.0,85309.578125,85150.0234375,85211.4921875,339300352
2026-09-22 07:45:00+00:00,85257.65625,85333.5,85225.2265625,85333.5,606543872
2026-09-22 08:00:00+00:00,85364.9921875,85523.328125,85317.9609375,85470.9609375,68796416
2026-09-22 08:15:00+00:00,85470.96875,85554.53125,85388.9609375,85401.7890625,126582784
2026-09-22 08:30:00+00:00,85395.96875,86148.140625,85321.7109375,86134.1171875,380915712
2026-09-22 08:45:00+00:00,86135.90625,86331.546875,86007.890625,86198.7890625,0
2026-09-22 09:00:00+00:00,86172.859375,86172.859375,85671.640625,85912.3671875,0
2026-09-22 09:15:00+00:00,85937.03125,85978.4296875,85803.890625,85878.2734375,1600679936
2026-09-22 09:30:00+00:00,85887.2890625,86050.0,85830.1796875,86021.140625,0
2026-09-22 09:45:00+00:00,86021.1328125,86259.0,86002.7734375,86238.8203125,0
2026-09-22 10:00:00+00:00,86208.3671875,86245.7578125,85984.7578125,86017.9765625,0
2026-09-22 10:15:00+00:00,86023.90625,86083.3671875,85811.921875,85848.796875,0
2026-09-22 10:30:00+00:00,85839.8125,85933.96875,85743.5390625,85833.5,0
2026-09-22 10:45:00+00:00,85821.8203125,85959.78125,85768.4375,85875.0234375,190611456
2026-09-22 11:00:00+00:00,85867.8515625,85976.59375,85763.5,85948.2578125,0
2026-09-22 11:15:00+00:00,85952.8125,86076.6484375,85894.2109375,85907.5078125,236068864
2026-09-22 11:30:00+00:00,85922.7109375,86123.7109375,85837.078125,86086.578125,75350016
2026-09-22 11:45:00+00:00,86086.578125,86111.8828125,85873.5390625,85969.0703125,0
2026-09-22 12:00:00+00:00,85969.078125,86022.703125,85902.453125,85902.453125,0
2026-09-22 12:15:00+00:00,85894.203125,86095.171875,85768.078125,86095.171875,0
2026-09-22 12:30:00+00:00,86095.171875,86155.46875,85960.0390625,85961.953125,1210204160
2026-09-22 12:45:00+00:00,85960.890625,86050.296875,85928.5,86008.4296875,80560128
2026-09-22 13:00:00+00:00,86019.1796875,86210.3515625,86002.3125,86041.1484375,164642816
2026-09-22 13:15:00+00:00,86041.1796875,86048.7578125,85687.7265625,85717.96875,1444315136
2026-09-22 13:30:00+00:00,85742.296875,86142.7109375,85598.3515625,85884.09375,0
2026-09-22 13:45:00+00:00,85895.2734375,86358.2890625,85864.0390625,86328.7890625,0
2026-09-22 14:00:00+00:00,86338.2265625,86427.7734375,86079.84375,86335.78125,65146880
2026-09-22 14:15:00+00:00,86337.703125,86371.2734375,85922.6015625,85922.6015625,0
2026-09-22 14:30:00+00:00,85873.9765625,85987.84375,85452.9296875,85892.0625,421769216
2026-09-22 14:45:00+00:00,85885.4375,86255.2578125,85873.9765625,86255.2578125,0
2026-09-22 15:00:00+00:00,86268.0625,86383.921875,86121.0,86299.0078125,23523328
2026-09-22 15:15:00+00:00,86305.75,86336.921875,86113.6171875,86285.9296875,0
2026-09-22 15:30:00+00:00,86253.1796875,86566.0703125,86238.9765625,86558.8828125,0
2026-09-22 15:45:00+00:00,86570.0,86734.0,86327.9609375,86418.453125,269316096
2026-09-22 16:00:00+00:00,86416.5390625,86527.390625,86150.0234375,86178.578125,0
2026-09-22 16:15:00+00:00,86179.6484375,86292.7734375,86077.1796875,86085.0078125,1229029376
2026-09-22 16:30:00+00:00,86079.8515625,86294.46875,86062.671875,86229.59375,298082304
2026-09-22 16:45:00+00:00,86215.0,86589.1328125,86206.09375,86451.609375,151851008
2026-09-22 17:00:00+00:00,86438.640625,86566.5390625,86383.109375,86425.3828125,0
2026-09-22 17:15:00+00:00,86428.21875,86599.9921875,86258.90625,86599.9921875,412844032
2026-09-22 17:30:00+00:00,86601.9921875,86637.671875,86452.828125,86489.9921875,1310138368
2026-09-22 17:45:00+00:00,86493.1796875,86672.890625,86419.8671875,86587.578125,438243328
2026-09-22 18:00:00+00:00,86608.1875,86665.3125,86451.8828125,86545.34375,79990784
2026-09-22 18:15:00+00:00,86560.7109375,86665.3203125,86317.6328125,86317.6484375,86310912
2026-09-22 18:30:00+00:00,86302.5625,86465.3984375,86251.203125,86413.609375,317931520
2026-09-22 18:45:00+00:00,86411.59375,86594.4296875,86411.59375,86469.578125,72818688
2026-09-22 19:00:00+00:00,86474.453125,86560.421875,86409.0,86503.90625,175263744
2026-09-22 19:15:00+00:00,86514.9375,86606.28125,86479.1484375,86558.796875,23293952
2026-09-22 19:30:00+00:00,86550.140625,86550.140625,86285.5625,86398.7265625,0
2026-09-22 19:45:00+00:00,86415.28125,86427.3125,86157.328125,86236.921875,153059328
2026-09-22 20:00:00+00:00,86219.09375,86294.84375,86143.84375,86222.6328125,174911488
2026-09-22 20:15:00+00:00,86226.6484375,86399.28125,86208.3671875,86357.078125,0
2026-09-22 20:30:00+00:00,86358.109375,86381.8203125,86250.0,86337.1171875,0
2026-09-22 20:45:00+00:00,86335.390625,86335.390625,86206.921875,86262.5703125,0
2026-09-22 21:00:00+00:00,86286.9765625,86360.5703125,86218.296875,86263.1796875,0
2026-09-22 21:15:00+00:00,86263.171875,86273.859375,86212.9375,86242.453125,134144000
2026-09-22 21:30:00+00:00,86242.453125,86298.46875,86195.1015625,86206.171875,8732672
2026-09-22 21:45:00+00:00,86205.359375,86313.46875,86187.0234375,86187.0234375,0
2026-09-22 22:00:00+00:00,86194.421875,86304.8984375,86014.046875,86051.2734375,36511744
2026-09-22 22:15:00+00:00,86051.2734375,86228.578125,86037.640625,86172.7890625,69578752
2026-09-22 22:30:00+00:00,86180.2421875,86285.6875,86163.15625,86227.2578125,70873088
2026-09-22 22:45:00+00:00,86227.96875,86285.140625,86114.4921875,86121.859375,43380736
2026-09-22 23:00:00+00:00,86129.46875,86503.390625,86124.40625,86395.4765625,0
2026-09-22 23:15:00+00:00,86390.40625,86467.2265625,86163.8671875,86233.609375,299200512
2026-09-22 23:30:00+00:00,86222.7109375,86269.890625,86086.5078125,86147.5703125,169783296
2026-09-22 23:45:00+00:00,86158.1875,86222.1796875,86110.4296875,86198.046875,48082944
2026-09-23 00:00:00+00:00,86189.21875,86375.53125,86130.0,86365.6484375,0
2026-09-23 00:15:00+00:00,86345.8203125,86534.2109375,86341.46875,86456.09375,88039424
2026-09-23 00:30:00+00:00,86466.0625,86584.2578125,86418.7265625,86449.671875,64151552
2026-09-23 00:45:00+00:00,86474.7578125,86511.7265625,86424.7578125,86451.9296875,43487232
2026-09-23 01:00:00+00:00,86470.3828125,86829.390625,86433.3125,86705.46875,0
2026-09-23 01:15:00+00:00,86727.2265625,86727.2265625,86589.8828125,86636.75,1306750976
2026-09-23 01:30:00+00:00,86636.75,86648.6171875,86275.1875,86279.7578125,48906240
2026-09-23 01:45:00+00:00,86270.7109375,86371.0078125,86165.53125,86366.46875,37773312
2026-09-23 02:00:00+00:00,86379.7109375,86379.7265625,86253.0,86372.7734375,130363392
2026-09-23 02:15:00+00:00,86379.71875,86632.28125,86361.09375,86579.4609375,0
2026-09-23 02:30:00+00:00,86579.4609375,86590.5078125,86451.953125,86474.8984375,135110656
2026-09-23 02:45:00+00:00,86484.84375,86544.2109375,86440.921875,86544.2109375,0
2026-09-23 03:00:00+00:00,86533.4765625,86545.9296875,86418.6484375,86537.5,0
2026-09-23 03:15:00+00:00,86537.4921875,86808.109375,86493.9609375,86684.2734375,0
2026-09-23 03:30:00+00:00,86689.75,86935.828125,86656.4375,86878.3671875,1270915072
2026-09-23 03:45:00+00:00,86885.1484375,86885.1484375,86688.921875,86696.40625,154075136
2026-09-23 04:00:00+00:00,86711.2890625,86899.9921875,86623.78125,86832.28125,134713344
2026-09-23 04:15:00+00:00,86838.0078125,87224.6015625,86754.8671875,87022.3203125,263000064
2026-09-23 04:30:00+00:00,87018.2421875,87280.828125,87018.2421875,87139.203125,312147968
2026-09-23 04:45:00+00:00,87119.3828125,87229.6796875,87114.0078125,87164.8125,1327325184
2026-09-23 05:00:00+00:00,87164.8125,87164.8125,86884.03125,86927.2734375,327335936
2026-09-23 05:15:00+00:00,86927.2734375,86961.3515625,86725.8828125,86767.0234375,17666048
2026-09-23 05:30:00+00:00,86760.3828125,86824.953125,86697.90625,86742.609375,0
2026-09-23 05:45:00+00:00,86742.609375,86768.59375,86415.0078125,86487.4609375,430649344
2026-09-23 06:00:00+00:00,86499.9921875,86608.1875,86444.0078125,86603.2109375,27447296
2026-09-23 06:15:00+00:00,86603.2109375,86603.21875,86412.4609375,86416.3203125,181972992
2026-09-23 06:30:00+00:00,86416.3203125,86565.359375,86360.6171875,86565.359375,36700160
2026-09-23 06:45:00+00:00,86554.1328125,86554.1328125,86423.0078125,86456.5078125,86618112
2026-09-23 07:00:00+00:00,86456.5078125,86461.9921875,86302.53125,86355.5390625,97468416
2026-09-23 07:15:00+00:00,86360.6171875,86434.9921875,86290.0078125,86401.8828125,182456320
2026-09-23 07:30:00+00:00,86420.1796875,86420.1796875,86001.6796875,86051.28125,1077964800
2026-09-23 07:45:00+00:00,86079.828125,86222.6328125,86051.28125,86127.5625,201584640
2026-09-23 08:00:00+00:00,86128.203125,86239.3828125,86079.84375,86163.1875,18788352
2026-09-23 08:15:00+00:00,86194.0703125,86273.1484375,86140.0703125,86153.7109375,605974528
2026-09-23 08:30:00+00:00,86151.5,86209.2265625,86082.3125,86099.6171875,75390976
2026-09-23 08:45:00+00:00,86099.6171875,86099.6171875,85701.65625,85901.8125,177758208
2026-09-23 09:00:00+00:00,85901.8203125,86007.2265625,85867.5703125,85943.1875,875085824
2026-09-23 09:15:00+00:00,85943.1796875,85999.9921875,85857.96875,85884.2109375,98304
2026-09-23 09:30:00+00:00,85884.5,85931.546875,85773.7265625,85793.7109375,120348672
2026-09-23 09:45:00+00:00,85793.65625,85925.0390625,85720.0,85845.03125,346525696
2026-09-23 10:00:00+00:00,85858.796875,85913.8203125,85808.5234375,85844.5703125,20844544
2026-09-23 10:15:00+00:00,85831.59375,85836.7890625,85638.390625,85800.7109375,50327552
2026-09-23 10:30:00+00:00,85795.2109375,85870.953125,85724.9921875,85868.2890625,81735680
2026-09-23 10:45:00+00:00,85868.2890625,85915.453125,85809.09375,85906.7578125,107397120
2026-09-23 11:00:00+00:00,85906.671875,85947.75,85684.1796875,85741.46875,299847680
2026-09-23 11:15:00+00:00,85741.46875,85744.8828125,85452.7734375,85501.046875,0
2026-09-23 11:30:00+00:00,85514.890625,85587.59375,85444.8671875,85505.3984375,412143616
2026-09-23 11:45:00+00:00,85502.359375,85662.890625,85495.2421875,85634.9375,34045952
2026-09-23 12:00:00+00:00,85646.84375,85669.2734375,85441.8203125,85454.1015625,233238528
2026-09-23 12:15:00+00:00,85454.1875,85499.7734375,85247.859375,85461.640625,0
2026-09-23 12:30:00+00:00,85461.40625,85566.2734375,85430.671875,85435.65625,258478080
2026-09-23 12:45:00+00:00,85443.2890625,85534.7109375,85377.7890625,85482.1015625,57495552
2026-09-23 13:00:00+00:00,85471.1796875,85494.1171875,85265.0,85345.6171875,0
2026-09-23 13:15:00+00:00,85355.75,85567.5234375,85355.75,85529.34375,1408761856
2026-09-23 13:30:00+00:00,85505.0,85865.9296875,85499.203125,85827.5234375,0
2026-09-23 13:45:00+00:00,85814.9921875,85825.2578125,85536.09375,85780.1796875,66539520
2026-09-23 14:00:00+00:00,85783.0,85921.21875,84560.203125,84853.7890625,173703168
2026-09-23 14:15:00+00:00,84856.6015625,84856.6015625,83945.0,84008.7734375,4686839808
2026-09-23 14:30:00+00:00,83964.71875,84467.171875,83855.78125,84282.8984375,1852317696
2026-09-23 14:45:00+00:00,84294.5703125,84561.1171875,84180.59375,84521.3515625,969785344
2026-09-23 15:00:00+00:00,84492.828125,84691.0390625,84444.8515625,84643.0703125,262696960
2026-09-23 15:15:00+00:00,84636.21875,84783.140625,84505.2109375,84505.21875,1776705536
2026-09-23 15:30:00+00:00,84527.640625,84544.3125,84274.0,84287.0078125,271847424
2026-09-23 15:45:00+00:00,84291.828125,84338.2421875,83957.0,84006.1875,291602432
2026-09-23 16:00:00+00:00,84002.6328125,84344.09375,83548.34375,84339.5625,2786222080
2026-09-23 16:15:00+00:00,84321.03125,84347.3984375,84147.640625,84230.359375,260358144
2026-09-23 16:30:00+00:00,84248.0625,84326.53125,83947.40625,84073.8984375,13713408
2026-09-23 16:45:00+00:00,84089.078125,84140.2734375,83834.25,84027.109375,1401913344
2026-09-23 17:00:00+00:00,84030.4375,84170.453125,83723.640625,83786.9921875,333942784
2026-09-23 17:15:00+00:00,83785.75,84211.3515625,83770.9765625,84057.578125,200871936
2026-09-23 17:30:00+00:00,84050.0,84252.3203125,83967.578125,84252.3203125,489242624
2026-09-23 17:45:00+00:00,84242.8828125,84380.7109375,84239.109375,84316.15625,243679232
2026-09-23 18:00:00+00:00,84318.84375,84328.96875,84150.0,84194.90625,9936896
2026-09-23 18:15:00+00:00,84185.6171875,84269.359375,84132.171875,84137.1171875,71532544
2026-09-23 18:30:00+00:00,84136.3828125,84239.2890625,84120.0,84214.2734375,86224896
2026-09-23 18:45:00+00:00,84214.2734375,84405.796875,84185.03125,84313.0,6823936
2026-09-23 19:00:00+00:00,84313.0,84396.0625,84211.4609375,84366.859375,211501056
2026-09-23 19:15:00+00:00,84366.859375,84452.609375,84290.328125,84389.7578125,0
2026-09-23 19:30:00+00:00,84411.8203125,84492.796875,84381.8671875,84446.1328125,0
2026-09-23 19:45:00+00:00,84435.4296875,84572.0,84435.203125,84522.3515625,67325952
2026-09-23 20:00:00+00:00,84518.671875,84545.0,84289.7421875,84338.2421875,189652992
2026-09-23 20:15:00+00:00,84333.2734375,84401.7578125,84251.0,84299.59375,1431027712
2026-09-23 20:30:00+00:00,84315.1015625,84430.0703125,84287.3671875,84402.3125,200949760
2026-09-23 20:45:00+00:00,84415.859375,84415.859375,84208.46875,84235.609375,185819136
2026-09-23 21:00:00+00:00,84235.5,84372.7421875,84206.7578125,84356.671875,57917440
2026-09-23 21:15:00+00:00,84356.671875,84421.2265625,84315.0703125,84412.78125,236507136
2026-09-23 21:30:00+00:00,84416.2578125,84500.0,84411.6015625,84479.640625,25796608
2026-09-23 21:45:00+00:00,84479.9921875,84498.390625,84399.3515625,84399.3515625,27504640
2026-09-23 22:00:00+00:00,84408.5078125,84655.40625,84327.4296875,84581.2578125,0
2026-09-23 22:15:00+00:00,84581.2578125,84594.140625,84470.2734375,84470.2734375,188608512
2026-09-23 22:30:00+00:00,84466.6875,84513.640625,84380.8125,84475.203125,140951552
2026-09-23 22:45:00+00:00,84475.203125,84615.421875,84475.203125,84546.96875,25563136
2026-09-23 23:00:00+00:00,84537.78125,84565.2890625,84462.0625,84479.9375,0
2026-09-23 23:15:00+00:00,84479.9375,84505.6875,84415.5703125,84476.6328125,0
2026-09-23 23:30:00+00:00,84484.9921875,84518.53125,84428.3515625,84457.65625,13164544
2026-09-23 23:45:00+00:00,84462.2734375,84473.890625,84332.046875,84378.3125,24502272
2026-09-24 00:00:00+00:00,84378.3125,84479.921875,84287.6796875,84348.15625,0
2026-09-24 00:15:00+00:00,84373.3515625,84429.6875,84329.9921875,84332.1328125,27164672
2026-09-24 00:30:00+00:00,84348.5,84439.4921875,84259.6875,84349.9921875,47452160
2026-09-24 00:45:00+00:00,84333.6328125,84358.8515625,84212.5390625,84301.2578125,195911680
2026-09-24 01:00:00+00:00,84308.796875,84391.8203125,84235.0078125,84276.828125,2281472
2026-09-24 01:15:00+00:00,84281.328125,84326.8828125,84172.0234375,84227.6328125,0
2026-09-24 01:30:00+00:00,84209.4375,84463.171875,84076.5703125,84123.84375,318889984
2026-09-24 01:45:00+00:00,84123.7890625,84183.671875,84050.0078125,84095.109375,149389312
2026-09-24 02:00:00+00:00,84103.6171875,84128.703125,83727.4375,83934.0703125,136671232
2026-09-24 02:15:00+00:00,83960.21875,84245.140625,83960.21875,84150.2578125,188608512
2026-09-24 02:30:00+00:00,84150.28125,84331.859375,84124.7890625,84319.859375,21057536
2026-09-24 02:45:00+00:00,84332.671875,84364.0,84312.5078125,84349.8828125,196153344
2026-09-24 03:00:00+00:00,84354.0,84474.9921875,84224.1328125,84311.5703125,16052224
2026-09-24 03:15:00+00:00,84328.140625,84345.0390625,83982.7578125,84049.0390625,1491546112
2026-09-24 03:30:00+00:00,84034.7265625,84034.7265625,83860.0703125,83996.328125,232497152
2026-09-24 03:45:00+00:00,83998.0390625,84009.640625,83831.171875,83928.15625,118984704
2026-09-24 04:00:00+00:00,83928.15625,83951.828125,83795.8515625,83812.2109375,195059712
2026-09-24 04:15:00+00:00,83810.109375,83912.8515625,83766.5,83900.84375,0
2026-09-24 04:30:00+00:00,83923.6875,83923.703125,83835.8671875,83864.4609375,15208448
2026-09-24 04:45:00+00:00,83864.4609375,84043.6171875,83767.6875,84024.3671875,0
2026-09-24 05:00:00+00:00,84024.3671875,84379.6171875,84023.140625,84186.2734375,45621248
2026-09-24 05:15:00+00:00,84186.2578125,84219.03125,84111.609375,84168.96875,68808704
2026-09-24 05:30:00+00:00,84171.0703125,84235.1875,84081.9921875,84179.0625,0
2026-09-24 05:45:00+00:00,84179.046875,84234.7265625,83938.9609375,83962.328125,38109184
2026-09-24 06:00:00+00:00,83963.96875,84176.5390625,83905.421875,84112.9921875,32407552
2026-09-24 06:15:00+00:00,84101.2890625,84186.7890625,84054.8828125,84177.8828125,36433920
2026-09-24 06:30:00+00:00,84170.7578125,84212.7734375,84135.3671875,84178.3203125,246816768
2026-09-24 06:45:00+00:00,84178.3203125,84186.75,84071.15625,84095.609375,0
2026-09-24 07:00:00+00:00,84080.6875,84133.8671875,83931.8125,84067.75,49004544
2026-09-24 07:15:00+00:00,84083.75,84408.4375,84042.1015625,84408.4375,13406208
2026-09-24 07:30:00+00:00,84412.8203125,84552.1796875,84364.0,84418.5,484040704
2026-09-24 07:45:00+00:00,84410.46875,84589.65625,84357.15625,84497.4609375,75558912
2026-09-24 08:00:00+00:00,84518.5390625,84606.0,84383.3671875,84388.8515625,341209088
2026-09-24 08:15:00+00:00,84388.8515625,84448.9296875,83762.1171875,83762.1171875,472182784
2026-09-24 08:30:00+00:00,83755.84375,83957.109375,83615.8203125,83703.328125,596582400
2026-09-24 08:45:00+00:00,83678.6796875,83755.0625,83314.546875,83615.25,5767168
2026-09-24 09:00:00+00:00,83655.59375,83719.9921875,83424.1796875,83439.2109375,131256320
2026-09-24 09:15:00+00:00,83427.140625,83495.640625,83311.796875,83325.578125,257437696
2026-09-24 09:30:00+00:00,83345.1796875,83345.1796875,82851.7578125,83147.953125,613408768
2026-09-24 09:45:00+00:00,83137.3125,83254.9921875,83012.6171875,83241.9765625,680329216
2026-09-24 10:00:00+00:00,83226.046875,83370.8984375,83126.90625,83275.65625,493215744
2026-09-24 10:15:00+00:00,83269.0390625,83345.0390625,83154.8984375,83235.8828125,36859904
2026-09-24 10:30:00+00:00,83234.2265625,83419.078125,83130.25,83369.6875,188882944
2026-09-24 10:45:00+00:00,83365.0078125,83529.4375,83342.671875,83496.9609375,353333248
2026-09-24 11:00:00+00:00,83512.640625,83580.7109375,83482.1171875,83544.1484375,203919360
2026-09-24 11:15:00+00:00,83544.640625,83589.9609375,83500.0,83505.9609375,71802880
2026-09-24 11:30:00+00:00,83517.40625,83539.65625,83383.953125,83429.9921875,0
2026-09-24 11:45:00+00:00,83429.9921875,83532.5390625,83371.3203125,83461.34375,112869376
2026-09-24 12:00:00+00:00,83463.328125,83575.3515625,83361.4921875,83512.3671875,15499264
2026-09-24 12:15:00+00:00,83498.5625,83648.28125,83491.3125,83527.6875,12046336
2026-09-24 12:30:00+00:00,83534.53125,83550.4609375,83315.0390625,83461.953125,81301504
2026-09-24 12:45:00+00:00,83473.75,83639.2109375,83392.921875,83578.9375,144830464
2026-09-24 13:00:00+00:00,83581.640625,83744.296875,83578.953125,83744.296875,0
2026-09-24 13:15:00+00:00,83740.1171875,83939.9765625,83717.703125,83752.0,180035584
2026-09-24 13:30:00+00:00,83751.2265625,84309.328125,83751.2265625,83921.9375,305938432
2026-09-24 13:45:00+00:00,83944.4921875,84236.421875,83825.5234375,84236.421875,1189478400
2026-09-24 14:00:00+00:00,84234.3125,84337.1171875,84113.390625,84212.8984375,0
2026-09-24 14:15:00+00:00,84207.8671875,84890.6015625,84122.15625,84820.9921875,0
2026-09-24 14:30:00+00:00,84851.453125,84851.453125,84369.359375,84387.7265625,87339008
2026-09-24 14:45:00+00:00,84370.5390625,84389.1015625,83403.0234375,83657.21875,632283136
2026-09-24 15:00:00+00:00,83588.671875,83893.0,83484.140625,83872.6328125,151556096
2026-09-24 15:15:00+00:00,83874.953125,84227.6328125,83859.1015625,84104.3984375,90288128
2026-09-24 15:30:00+00:00,84103.5390625,84429.46875,84076.828125,84391.390625,33902592
2026-09-24 15:45:00+00:00,84399.3671875,84449.203125,84265.1796875,84401.359375,42270720
2026-09-24 16:00:00+00:00,84408.890625,84408.890625,84010.921875,84158.140625,0
2026-09-24 16:15:00+00:00,84277.09375,84825.8984375,84277.09375,84691.15625,665448448
2026-09-24 16:30:00+00:00,84685.796875,84897.0390625,84436.7265625,84542.6796875,36331520
2026-09-24 16:45:00+00:00,84512.8125,84686.4296875,84413.1484375,84467.7421875,118878208
2026-09-24 17:00:00+00:00,84424.890625,84543.25,84349.71875,84458.21875,15704064
2026-09-24 17:15:00+00:00,84449.8203125,84525.6875,84180.8515625,84302.5234375,23969792
2026-09-24 17:30:00+00:00,84302.609375,84419.6171875,84110.7109375,84147.0,143314944
2026-09-24 17:45:00+00:00,84147.0,84198.5078125,83990.9296875,84093.796875,16932864
2026-09-24 18:00:00+00:00,84085.9375,84230.0390625,83860.296875,84230.0390625,1003761664
2026-09-24 18:15:00+00:00,84240.0078125,84459.9921875,84223.6796875,84406.1015625,1101246464
2026-09-24 18:30:00+00:00,84405.0390625,84500.1171875,84218.8984375,84400.0078125,146862080
2026-09-24 18:45:00+00:00,84401.703125,84519.0,84338.390625,84453.28125,128659456
2026-09-24 19:00:00+00:00,84454.7734375,84607.890625,84266.15625,84569.0625,30720000
2026-09-24 19:15:00+00:00,84564.3828125,84638.59375,84511.3828125,84610.1328125,79953920
2026-09-24 19:30:00+00:00,84618.25,84618.25,84381.421875,84413.8515625,34746368
2026-09-24 19:45:00+00:00,84413.8515625,84564.0234375,84303.3203125,84390.546875,183431168
2026-09-24 20:00:00+00:00,84365.28125,84424.828125,84226.3125,84233.6796875,137883648
2026-09-24 20:15:00+00:00,84238.59375,84304.7421875,84145.09375,84252.1328125,188506112
2026-09-24 20:30:00+00:00,84250.8203125,84401.7421875,84185.9765625,84370.578125,90337280
2026-09-24 20:45:00+00:00,84370.5703125,84471.890625,84260.1015625,84354.078125,22446080
2026-09-24 21:00:00+00:00,84359.9921875,84393.59375,84274.6015625,84327.6328125,1187590144
2026-09-24 21:15:00+00:00,84310.25,84441.6015625,84310.25,84405.53125,168468480
2026-09-24 21:30:00+00:00,84405.53125,84488.5,84402.2734375,84467.078125,16568320
2026-09-24 21:45:00+00:00,84470.7734375,84476.046875,84319.4921875,84332.0703125,7057408
2026-09-24 22:00:00+00:00,84311.9609375,84361.46875,84239.3984375,84314.140625,0
2026-09-24 22:15:00+00:00,84314.140625,84329.6171875,83945.359375,84117.0234375,193593344
2026-09-24 22:30:00+00:00,84117.7578125,84179.4609375,84047.53125,84125.4609375,218554368
2026-09-24 22:45:00+00:00,84117.2421875,84266.140625,84112.2109375,84263.421875,175529984
2026-09-24 23:00:00+00:00,84263.3984375,84350.953125,84239.0625,84280.3203125,120422400
2026-09-24 23:15:00+00:00,84280.328125,84419.9921875,84267.5390625,84405.0,160272384
2026-09-24 23:30:00+00:00,84419.09375,84454.8125,84380.3984375,84380.890625,84500480
2026-09-24 23:45:00+00:00,84386.0234375,84424.3203125,84357.5390625,84385.4609375,59236352
2026-09-25 00:00:00+00:00,84388.4609375,84702.359375,84388.4609375,84639.546875,0
2026-09-25 00:15:00+00:00,84615.6796875,84654.0078125,84528.0,84654.0,1247993856
2026-09-25 00:30:00+00:00,84645.1171875,84669.6796875,84532.03125,84577.6796875,93462528
2026-09-25 00:45:00+00:00,84575.40625,84652.2734375,84537.0078125,84577.6328125,2265088
2026-09-25 01:00:00+00:00,84573.5390625,84787.8203125,84557.0625,84697.578125,0
2026-09-25 01:15:00+00:00,84682.7421875,84739.1328125,84492.3671875,84516.5390625,206966784
2026-09-25 01:30:00+00:00,84523.6796875,84523.6796875,84334.3125,84465.84375,62799872
2026-09-25 01:45:00+00:00,84457.0,84619.140625,84457.0,84597.0234375,0
2026-09-25 02:00:00+00:00,84596.1015625,84852.0234375,84549.4296875,84810.9921875,51634176
2026-09-25 02:15:00+00:00,84810.0,84875.8984375,84630.7109375,84671.2578125,72515584
2026-09-25 02:30:00+00:00,84668.078125,84706.0703125,84383.421875,84458.2265625,5881856
2026-09-25 02:45:00+00:00,84458.203125,84458.21875,84153.0390625,84199.5234375,170606592
2026-09-25 03:00:00+00:00,84188.796875,84312.1015625,84159.109375,84235.0703125,199569408
2026-09-25 03:15:00+00:00,84251.8828125,84317.2421875,84120.3125,84128.5703125,235651072
2026-09-25 03:30:00+00:00,84134.9609375,84369.0390625,84058.0078125,84188.5703125,70332416
2026-09-25 03:45:00+00:00,84180.3515625,84223.6796875,84136.2265625,84216.0,125378560
2026-09-25 04:00:00+00:00,84219.5078125,84219.5234375,84053.8671875,84069.703125,108081152
2026-09-25 04:15:00+00:00,84049.34375,84151.078125,84046.0,84108.0078125,126533632
2026-09-25 04:30:00+00:00,84108.0,84285.8984375,84108.0,84256.21875,236826624
2026-09-25 04:45:00+00:00,84266.0,84279.0078125,84146.1796875,84191.3515625,110034944
2026-09-25 05:00:00+00:00,84180.4921875,84239.5234375,84139.390625,84139.390625,0
2026-09-25 05:15:00+00:00,84144.4921875,84261.21875,84077.9921875,84168.0,13127680
2026-09-25 05:30:00+00:00,84168.0,84336.71875,84099.0,84251.296875,216211456
2026-09-25 05:45:00+00:00,84243.0078125,84283.578125,84181.75,84181.75,317575168
2026-09-25 06:00:00+00:00,84178.28125,84221.0625,83957.9296875,84111.4609375,0
2026-09-25 06:15:00+00:00,84111.4609375,84280.3125,84053.4375,84092.109375,198393856
2026-09-25 06:30:00+00:00,84092.109375,84099.328125,83924.9921875,84025.4296875,100782080
2026-09-25 06:45:00+00:00,84010.3984375,84066.40625,83997.1171875,84022.59375,65568768
2026-09-25 07:00:00+00:00,84006.1015625,84049.5625,83751.0,83803.6171875,50851840
2026-09-25 07:15:00+00:00,83803.609375,84048.0390625,83803.609375,84042.0078125,113594368
2026-09-25 07:30:00+00:00,84042.0234375,84091.6875,83799.9375,83898.4375,170790912
2026-09-25 07:45:00+00:00,83903.859375,84064.828125,83866.4921875,84023.5,357445632
2026-09-25 08:00:00+00:00,84028.6796875,84169.75,84011.28125,84097.7265625,0
2026-09-25 08:15:00+00:00,84097.7265625,84495.03125,84097.7265625,84407.7578125,9904128
2026-09-25 08:30:00+00:00,84418.609375,84435.078125,84294.8203125,84301.296875,98967552
2026-09-25 08:45:00+00:00,84301.2890625,84465.609375,84268.171875,84406.8515625,0
2026-09-25 09:00:00+00:00,84406.859375,84719.2734375,84406.859375,84584.453125,11124736
2026-09-25 09:15:00+00:00,84577.6796875,84832.703125,84536.46875,84797.7109375,80715776
2026-09-25 09:30:00+00:00,84797.7109375,84825.2109375,84581.5234375,84626.1796875,0
2026-09-25 09:45:00+00:00,84634.1171875,84636.953125,84556.21875,84563.7265625,0
2026-09-25 10:00:00+00:00,84565.4296875,84565.4296875,84374.6171875,84481.921875,12679168
2026-09-25 10:15:00+00:00,84481.921875,84741.0078125,84437.7578125,84713.359375,0
2026-09-25 10:30:00+00:00,84694.8203125,84807.3515625,84649.0625,84774.8984375,140009472
2026-09-25 10:45:00+00:00,84768.5390625,84860.96875,84695.2890625,84709.2578125,71444480
2026-09-25 11:00:00+00:00,84721.828125,85227.2578125,84688.890625,85227.2578125,391305216
2026-09-25 11:15:00+00:00,85230.53125,85249.9921875,84845.71875,84922.59375,736577536
2026-09-25 11:30:00+00:00,84932.453125,84943.59375,84696.6015625,84719.3515625,198905856
2026-09-25 11:45:00+00:00,84716.2265625,84744.0,84564.4921875,84566.6796875,136218624
2026-09-25 12:00:00+00:00,84580.0390625,84687.421875,84205.453125,84365.1171875,236306432
2026-09-25 12:15:00+00:00,84345.0390625,84393.109375,83906.421875,84388.703125,812380160
2026-09-25 12:30:00+00:00,84368.4609375,84532.546875,84321.8203125,84422.7734375,698163200
2026-09-25 12:45:00+00:00,84434.390625,84535.5390625,84321.0390625,84453.53125,480456704
2026-09-25 13:00:00+00:00,84437.7734375,84556.1875,84321.0,84434.6328125,219676672
2026-09-25 13:15:00+00:00,84431.5390625,84549.5234375,84082.7578125,84084.4609375,323289088
2026-09-25 13:30:00+00:00,84049.2890625,84300.3984375,83778.1796875,83973.5625,43614208
2026-09-25 13:45:00+00:00,83994.4609375,84080.5703125,83559.75,83891.3828125,88182784
2026-09-25 14:00:00+00:00,83906.078125,83996.3203125,83155.9921875,83531.171875,2347085824
2026-09-25 14:15:00+00:00,83540.8515625,83778.0703125,83445.1328125,83629.9609375,560017408
2026-09-25 14:30:00+00:00,83641.5078125,83915.5703125,83637.140625,83696.15625,0
2026-09-25 14:45:00+00:00,83674.3984375,84021.90625,83553.9921875,84002.578125,0
2026-09-25 15:00:00+00:00,83976.3828125,84078.7265625,83732.3515625,83981.640625,63401984
2026-09-25 15:15:00+00:00,83956.96875,83981.640625,83711.7421875,83759.046875,100061184
2026-09-25 15:30:00+00:00,83755.2890625,83866.4609375,83442.828125,83458.609375,305324032
2026-09-25 15:45:00+00:00,83465.953125,83781.7109375,83347.0,83781.7109375,327618560
2026-09-25 16:00:00+00:00,83793.59375,84044.1015625,83790.453125,84002.703125,373018624
2026-09-25 16:15:00+00:00,84004.7890625,84096.1171875,83921.9609375,83963.9609375,316465152
2026-09-25 16:30:00+00:00,83966.2734375,84029.5,83801.703125,83882.0,986710016
2026-09-25 16:45:00+00:00,83883.2578125,83891.6796875,83700.0,83723.2265625,0
2026-09-25 17:00:00+00:00,83733.4609375,83944.546875,83733.4609375,83944.5390625,132116480
2026-09-25 17:15:00+00:00,83944.5390625,83970.5390625,83673.3515625,83673.3515625,72388608
2026-09-25 17:30:00+00:00,83664.953125,83827.0,83605.2265625,83776.7421875,169881600
2026-09-25 17:45:00+00:00,83784.8203125,83799.2109375,83676.6875,83761.828125,8712192
2026-09-25 18:00:00+00:00,83768.1328125,83999.9921875,83768.1328125,83973.8203125,928440320
2026-09-25 18:15:00+00:00,83973.8203125,84058.7890625,83872.171875,83941.4296875,0
2026-09-25 18:30:00+00:00,83950.9921875,83999.4921875,83893.421875,83970.03125,22171648
2026-09-25 18:45:00+00:00,83973.109375,83990.078125,83914.1015625,83949.9921875,140840960
2026-09-25 19:00:00+00:00,83961.3984375,84033.1796875,83909.7578125,84028.9296875,0
2026-09-25 19:15:00+00:00,84028.921875,84030.9375,83926.2109375,83993.1875,72134656
2026-09-25 19:30:00+00:00,83991.0234375,84057.6015625,83934.1875,83963.4921875,0
2026-09-25 19:45:00+00:00,83963.40625,84055.9765625,83963.40625,84000.0234375,37359616
2026-09-25 20:00:00+00:00,84007.5625,84036.4765625,83926.953125,83955.09375,0
2026-09-25 20:15:00+00:00,83955.09375,84094.4296875,83955.09375,84045.671875,0
2026-09-25 20:30:00+00:00,84045.3828125,84180.1015625,84033.0390625,84118.03125,90992640
2026-09-25 20:45:00+00:00,84101.140625,84101.140625,83831.5625,83870.859375,77197312
2026-09-25 21:00:00+00:00,83867.6328125,83909.9921875,83645.7734375,83682.0,44527616
2026-09-25 21:15:00+00:00,83682.0,83766.59375,83615.09375,83762.4296875,1182263296
2026-09-25 21:30:00+00:00,83762.4296875,83830.0234375,83711.2890625,83808.6328125,15044608
2026-09-25 21:45:00+00:00,83808.6328125,83875.203125,83765.1015625,83787.0625,100671488
2026-09-25 22:00:00+00:00,83782.2734375,83924.390625,83759.8671875,83923.8828125,81543168
2026-09-25 22:15:00+00:00,83923.8828125,83966.6875,83888.640625,83903.2421875,0
2026-09-25 22:30:00+00:00,83909.5625,84092.2578125,83902.25,84073.5625,33671168
2026-09-25 22:45:00+00:00,84073.5625,84120.9375,84041.15625,84069.3203125,117102592
2026-09-25 23:00:00+00:00,84058.71875,84100.0,84049.2265625,84059.7109375,26251264
2026-09-25 23:15:00+00:00,84066.1015625,84087.671875,84005.9921875,84087.65625,57149440
2026-09-25 23:30:00+00:00,84087.65625,84089.828125,84052.578125,84062.7890625,43712512
2026-09-25 23:45:00+00:00,84062.796875,84094.15625,84029.0625,84093.1328125,35477504
2026-09-26 00:00:00+00:00,84089.0703125,84135.1015625,84036.4765625,84059.4609375,0
2026-09-26 00:15:00+00:00,84059.546875,84073.0625,83917.03125,83944.71875,138428416
2026-09-26 00:30:00+00:00,83941.4609375,83941.4609375,83777.7734375,83861.2734375,112564224
2026-09-26 00:45:00+00:00,83861.2734375,83938.0703125,83861.2734375,83904.796875,123611136
2026-09-26 01:00:00+00:00,83893.96875,83973.109375,83883.0703125,83927.6015625,0
2026-09-26 01:15:00+00:00,83927.6015625,83976.09375,83911.65625,83937.328125,133060608
2026-09-26 01:30:00+00:00,83937.328125,84073.8671875,83926.890625,84036.28125,0
2026-09-26 01:45:00+00:00,84036.28125,84078.2578125,84016.2578125,84072.828125,104828928
2026-09-26 02:00:00+00:00,84072.828125,84124.078125,83975.8828125,84120.1484375,0
2026-09-26 02:15:00+00:00,84120.140625,84130.609375,84017.40625,84017.40625,99796992
2026-09-26 02:30:00+00:00,84017.40625,84046.59375,83987.7890625,84004.21875,48019456
2026-09-26 02:45:00+00:00,84004.21875,84057.59375,83999.75,83999.75,21610496
2026-09-26 03:00:00+00:00,83999.75,83999.7578125,83907.2578125,83937.1484375,0
2026-09-26 03:15:00+00:00,83937.1484375,84022.5234375,83908.2734375,84011.34375,0
2026-09-26 03:30:00+00:00,84011.34375,84047.03125,83945.0234375,83945.0234375,61800448
2026-09-26 03:45:00+00:00,83941.4375,83953.0078125,83920.671875,83931.1796875,99960832
2026-09-26 04:00:00+00:00,83931.3828125,84011.8984375,83931.3828125,83977.53125,60526592
2026-09-26 04:15:00+00:00,83993.5703125,84040.78125,83877.0078125,83877.0078125,89618432
2026-09-26 04:30:00+00:00,83847.546875,83981.4375,83837.3828125,83972.21875,331823104
2026-09-26 04:45:00+00:00,83972.21875,83979.9921875,83958.828125,83975.53125,77150208
2026-09-26 05:00:00+00:00,83975.53125,83999.9921875,83920.296875,83958.90625,1746944
2026-09-26 05:15:00+00:00,83952.0,83987.8203125,83891.0,83922.8203125,58179584
2026-09-26 05:30:00+00:00,83922.8203125,83953.7109375,83878.359375,83946.6328125,0
2026-09-26 05:45:00+00:00,83961.328125,83981.34375,83892.1484375,83918.3515625,127741952
2026-09-26 06:00:00+00:00,83918.3515625,83934.8984375,83880.0,83888.140625,62367744
2026-09-26 06:15:00+00:00,83888.140625,83933.46875,83867.5234375,83933.46875,2699264
2026-09-26 06:30:00+00:00,83933.46875,83966.8125,83882.609375,83902.7578125,0
2026-09-26 06:45:00+00:00,83902.75,83928.0390625,83882.6484375,83882.6484375,0
2026-09-26 07:00:00+00:00,83887.359375,84003.8203125,83887.359375,83996.2265625,0
2026-09-26 07:15:00+00:00,83996.2421875,84015.390625,83973.1328125,83998.8203125,79077376
2026-09-26 07:30:00+00:00,83998.828125,84053.7578125,83998.8203125,84022.4609375,0
2026-09-26 07:45:00+00:00,84028.421875,84124.8671875,84028.421875,84103.921875,0
2026-09-26 08:00:00+00:00,84105.8125,84106.25,84034.0234375,84049.28125,0
2026-09-26 08:15:00+00:00,84068.859375,84092.9375,84009.78125,84092.9296875,0
2026-09-26 08:30:00+00:00,84095.296875,84323.703125,84095.296875,84279.3515625,0
2026-09-26 08:45:00+00:00,84262.109375,84275.359375,84194.90625,84194.90625,96989184
2026-09-26 09:00:00+00:00,84194.921875,84205.5625,83963.8671875,83999.1484375,0
2026-09-26 09:15:00+00:00,83999.1484375,84025.2109375,83944.2890625,84013.1015625,54591488
2026-09-26 09:30:00+00:00,84016.6796875,84033.6328125,83956.40625,83998.53125,0
2026-09-26 09:45:00+00:00,84011.9921875,84023.9296875,83974.9375,84003.0078125,0
2026-09-26 10:00:00+00:00,84013.28125,84113.5390625,84013.28125,84094.296875,0
2026-09-26 10:15:00+00:00,84095.59375,84173.75,84095.59375,84135.7890625,104232960
2026-09-26 10:30:00+00:00,84135.7890625,84161.40625,84101.390625,84145.8203125,0
2026-09-26 10:45:00+00:00,84145.8203125,84175.46875,84105.5234375,84171.5625,0
2026-09-26 11:00:00+00:00,84171.546875,84178.6328125,84115.0,84152.640625,0
2026-09-26 11:15:00+00:00,84152.640625,84193.5234375,84135.0,84146.390625,0
2026-09-26 11:30:00+00:00,84160.671875,84194.8671875,84154.3203125,84158.2109375,0
2026-09-26 11:45:00+00:00,84168.703125,84177.2578125,84154.78125,84155.1328125,0
2026-09-26 12:00:00+00:00,84158.8203125,84178.3984375,84091.0390625,84125.828125,0
2026-09-26 12:15:00+00:00,84135.4375,84190.46875,84079.2734375,84084.796875,0
2026-09-26 12:30:00+00:00,84084.8125,84120.953125,84030.7421875,84035.7421875,0
2026-09-26 12:45:00+00:00,84035.75,84061.7109375,84035.25,84053.78125,0
2026-09-26 13:00:00+00:00,84035.328125,84115.2578125,83942.703125,84000.2265625,0
2026-09-26 13:15:00+00:00,83978.546875,84014.34375,83853.34375,83920.25,0
2026-09-26 13:30:00+00:00,83920.25,83924.7109375,83846.3984375,83909.359375,0
2026-09-26 13:45:00+00:00,83915.3671875,83955.2734375,83901.7265625,83935.1015625,0
2026-09-26 14:00:00+00:00,83932.25,83964.578125,83894.140625,83941.4296875,0
2026-09-26 14:15:00+00:00,83945.609375,83972.2265625,83934.046875,83972.2265625,0
2026-09-26 14:30:00+00:00,83972.2265625,84021.421875,83972.2265625,84006.40625,0
2026-09-26 14:45:00+00:00,84006.40625,84041.9296875,83985.40625,84014.5625,0
2026-09-26 15:00:00+00:00,84014.5625,84031.9921875,83997.046875,84010.6796875,0
2026-09-26 15:15:00+00:00,84010.6796875,84047.6796875,84010.21875,84047.6015625,0
2026-09-26 15:30:00+00:00,84047.6015625,84183.59375,84047.6015625,84122.1796875,4803584
2026-09-26 15:45:00+00:00,84121.8203125,84148.6015625,84057.6015625,84146.859375,510976
2026-09-26 16:00:00+00:00,84150.3125,84150.3125,84083.6171875,84113.578125,0
2026-09-26 16:15:00+00:00,84113.59375,84126.1015625,84077.0703125,84101.828125,0
2026-09-26 16:30:00+00:00,84101.828125,84150.296875,84101.828125,84138.640625,4373504
2026-09-26 16:45:00+00:00,84138.6328125,84150.296875,84082.421875,84104.296875,0
2026-09-26 17:00:00+00:00,84104.3125,84118.6171875,84043.296875,84076.3125,0
2026-09-26 17:15:00+00:00,84060.8828125,84069.609375,84037.8515625,84044.3515625,21277696
2026-09-26 17:30:00+00:00,84052.203125,84095.09375,84025.109375,84095.09375,0
2026-09-26 17:45:00+00:00,84095.09375,84130.5390625,84089.03125,84126.640625,11828224
2026-09-26 18:00:00+00:00,84126.640625,84156.4921875,84089.7578125,84089.7578125,0
2026-09-26 18:15:00+00:00,84089.7578125,84089.7578125,84039.7734375,84058.5,44722176
2026-09-26 18:30:00+00:00,84058.4921875,84068.0234375,83992.4609375,83996.40625,11749376
2026-09-26 18:45:00+00:00,83996.40625,84012.2578125,83966.3828125,83994.609375,163957760
2026-09-26 19:00:00+00:00,83994.609375,84043.8203125,83994.609375,84022.296875,22886400
2026-09-26 19:15:00+00:00,84022.296875,84024.5,84001.0,84011.953125,13929472
2026-09-26 19:30:00+00:00,84004.9921875,84020.40625,83946.703125,83997.6484375,16312320
2026-09-26 19:45:00+00:00,83997.640625,84007.7578125,83975.2734375,84000.65625,10720256
2026-09-26 20:00:00+00:00,84000.6484375,84047.5390625,83973.1171875,83995.1015625,0
2026-09-26 20:15:00+00:00,83995.09375,84073.5234375,83995.09375,84066.8828125,0
2026-09-26 20:30:00+00:00,84066.8828125,84080.3984375,83852.0234375,83877.9921875,32632832
2026-09-26 20:45:00+00:00,83898.828125,84036.46875,83818.0078125,84016.328125,77797376
2026-09-26 21:00:00+00:00,84014.6484375,84107.15625,84013.9921875,84107.1484375,0
2026-09-26 21:15:00+00:00,84107.1484375,84191.7109375,84078.96875,84191.7109375,53126144
2026-09-26 21:30:00+00:00,84222.0,84232.0078125,84127.40625,84149.9921875,106934272
2026-09-26 21:45:00+00:00,84149.9921875,84149.9921875,84090.0234375,84137.6328125,102038528
2026-09-26 22:00:00+00:00,84137.6328125,84402.796875,84137.6171875,84302.1015625,3613696
2026-09-26 22:15:00+00:00,84332.1484375,84347.296875,84222.703125,84329.8828125,604805120
2026-09-26 22:30:00+00:00,84329.8828125,84331.5234375,84242.78125,84269.7890625,72662016
2026-09-26 22:45:00+00:00,84258.4609375,84332.7109375,84248.75,84266.359375,114115584
2026-09-26 23:00:00+00:00,84266.3671875,84369.5703125,84266.3671875,84342.203125,47428608
2026-09-26 23:15:00+00:00,84350.546875,84428.203125,84312.25,84363.2578125,41309184
2026-09-26 23:30:00+00:00,84363.2578125,84427.1796875,84325.7109375,84335.953125,321411072
2026-09-26 23:45:00+00:00,84335.9609375,84443.9375,84335.21875,84422.5,168762368
2026-09-27 00:00:00+00:00,84419.8828125,84433.90625,84300.0,84308.5703125,54629376
2026-09-27 00:15:00+00:00,84308.5703125,84308.578125,84233.71875,84242.5078125,0
2026-09-27 00:30:00+00:00,84242.5078125,84372.65625,84242.5078125,84326.109375,35312640
2026-09-27 00:45:00+00:00,84326.1015625,84343.03125,84277.4375,84291.2109375,62186496
2026-09-27 01:00:00+00:00,84291.2109375,84381.8671875,84261.28125,84381.859375,13432832
2026-09-27 01:15:00+00:00,84381.859375,84392.8515625,84311.0390625,84311.0390625,0
2026-09-27 01:30:00+00:00,84311.0390625,84393.578125,84287.703125,84390.109375,101654528
2026-09-27 01:45:00+00:00,84395.5078125,84560.46875,84395.5078125,84471.4765625,78211072
2026-09-27 02:00:00+00:00,84471.4765625,84520.0,84427.640625,84475.9765625,140594176
2026-09-27 02:15:00+00:00,84475.9765625,84522.8515625,84444.609375,84487.328125,28024832
2026-09-27 02:30:00+00:00,84487.328125,84522.2265625,84452.21875,84454.703125,17187840
2026-09-27 02:45:00+00:00,84454.703125,84460.328125,84418.0,84435.3515625,0
2026-09-27 03:00:00+00:00,84432.8515625,84502.3515625,84431.5390625,84467.3203125,9544704
2026-09-27 03:15:00+00:00,84467.3203125,84467.3203125,84352.921875,84372.71875,81620992
2026-09-27 03:30:00+00:00,84372.71875,84424.3984375,84368.609375,84385.8125,32095232
2026-09-27 03:45:00+00:00,84385.8125,84396.953125,84353.296875,84375.3125,35969024
2026-09-27 04:00:00+00:00,84364.2109375,84482.59375,84364.203125,84464.4765625,18851840
2026-09-27 04:15:00+00:00,84464.4765625,84472.6171875,84395.5234375,84395.53125,0
2026-09-27 04:30:00+00:00,84390.7265625,84390.7265625,84285.0,84286.03125,0
2026-09-27 04:45:00+00:00,84286.03125,84336.4296875,84274.0078125,84316.8125,0
2026-09-27 05:00:00+00:00,84316.796875,84389.109375,84300.4765625,84363.84375,37089280
2026-09-27 05:15:00+00:00,84373.4375,84385.8828125,84363.84375,84369.1796875,0
2026-09-27 05:30:00+00:00,84369.1796875,84626.828125,84369.1796875,84522.2265625,631906304
2026-09-27 05:45:00+00:00,84530.140625,84553.6796875,84437.7578125,84437.7578125,134129664
2026-09-27 06:00:00+00:00,84449.7109375,84585.59375,84448.09375,84577.1015625,36889600
2026-09-27 06:15:00+00:00,84577.09375,84613.8203125,84496.0078125,84564.4765625,206265344
2026-09-27 06:30:00+00:00,84568.1875,84580.1796875,84492.078125,84506.3125,35433472
2026-09-27 06:45:00+00:00,84504.5,84538.546875,84451.828125,84506.5234375,80750592
2026-09-27 07:00:00+00:00,84495.3828125,84525.921875,84485.8125,84504.5625,0
2026-09-27 07:15:00+00:00,84519.3203125,84525.921875,84467.3984375,84501.84375,95992832
2026-09-27 07:30:00+00:00,84501.8515625,84612.0,84501.8515625,84598.40625,82807808
2026-09-27 07:45:00+00:00,84598.3984375,84779.7109375,84586.0078125,84773.2578125,50488320
2026-09-27 08:00:00+00:00,84786.671875,84839.9921875,84704.9921875,84805.140625,365322240
2026-09-27 08:15:00+00:00,84805.140625,84866.0390625,84754.2890625,84797.46875,207385600
2026-09-27 08:30:00+00:00,84800.1171875,84882.3984375,84682.0,84757.828125,128317440
2026-09-27 08:45:00+00:00,84749.328125,84805.9609375,84700.203125,84775.6796875,291777536
2026-09-27 09:00:00+00:00,84779.8203125,84786.21875,84575.0390625,84649.7421875,193001472
2026-09-27 09:15:00+00:00,84649.7421875,84691.203125,84617.2890625,84684.7734375,159812608
2026-09-27 09:30:00+00:00,84687.75,84782.1875,84683.8125,84781.7890625,161942528
2026-09-27 09:45:00+00:00,84791.8125,84943.71875,84791.8125,84942.0390625,742158336
2026-09-27 10:00:00+00:00,84919.1484375,85040.9375,84882.796875,85027.71875,86140928
2026-09-27 10:15:00+00:00,85039.421875,85110.9921875,84888.9921875,84912.7890625,211730432
2026-09-27 10:30:00+00:00,84912.7890625,84925.046875,84834.6328125,84834.6328125,132402176
2026-09-27 10:45:00+00:00,84834.6328125,84901.71875,84781.7890625,84872.6484375,57214976
2026-09-27 11:00:00+00:00,84854.8515625,84935.8125,84829.453125,84894.5,16626688
2026-09-27 11:15:00+00:00,84894.4921875,84930.703125,84828.6171875,84874.421875,167028736
2026-09-27 11:30:00+00:00,84883.109375,84902.390625,84819.0703125,84902.390625,17252352
2026-09-27 11:45:00+00:00,84906.921875,84909.2265625,84827.078125,84877.0234375,29640704
2026-09-27 12:00:00+00:00,84876.9296875,84994.7734375,84876.9296875,84993.390625,2314240
2026-09-27 12:15:00+00:00,84993.3828125,85018.9921875,84935.953125,84937.5234375,147359744
2026-09-27 12:30:00+00:00,84951.578125,84994.1015625,84938.34375,84970.171875,11274240
2026-09-27 12:45:00+00:00,84965.78125,84978.6484375,84778.75,84783.8828125,40998912
2026-09-27 13:00:00+00:00,84766.1796875,84800.890625,84616.2734375,84636.7109375,162465792
2026-09-27 13:15:00+00:00,84636.703125,84932.7109375,84636.703125,84920.0,103436288
2026-09-27 13:30:00+00:00,84920.0078125,85133.453125,84780.1328125,84780.1328125,132288512
2026-09-27 13:45:00+00:00,84749.21875,85029.34375,84725.859375,85029.34375,157097984
2026-09-27 14:00:00+00:00,85011.703125,85042.1875,84900.0,84986.2734375,170000384
2026-09-27 14:15:00+00:00,84986.2734375,85016.2734375,84680.8125,84695.796875,1230848
2026-09-27 14:30:00+00:00,84680.640625,84777.6484375,84653.7578125,84718.46875,274495488
2026-09-27 14:45:00+00:00,84707.203125,84734.8984375,84437.7578125,84520.0,274225152
2026-09-27 15:00:00+00:00,84524.703125,84582.7265625,84346.1875,84480.390625,232826880
2026-09-27 15:15:00+00:00,84500.0,84610.890625,84437.7578125,84605.3515625,175069184
2026-09-27 15:30:00+00:00,84605.3515625,84626.1015625,84417.3203125,84417.703125,135917568
2026-09-27 15:45:00+00:00,84425.8515625,84490.546875,84406.09375,84449.4765625,77895680
2026-09-27 16:00:00+00:00,84446.09375,84582.0078125,84446.09375,84552.8125,80984064
2026-09-27 16:15:00+00:00,84549.453125,84648.640625,84485.0,84556.40625,125558784
2026-09-27 16:30:00+00:00,84551.8984375,84551.8984375,84361.0703125,84369.4375,106047488
2026-09-27 16:45:00+00:00,84374.25,84435.9765625,84363.84375,84409.671875,155129856
2026-09-27 17:00:00+00:00,84410.3125,84457.1484375,84317.28125,84370.9375,126918656
2026-09-27 17:15:00+00:00,84371.109375,84447.078125,84371.109375,84418.03125,40083456
2026-09-27 17:30:00+00:00,84420.703125,84518.2734375,84420.6875,84467.7734375,67934208
2026-09-27 17:45:00+00:00,84467.7734375,84564.2890625,84467.7578125,84559.7421875,0
2026-09-27 18:00:00+00:00,84544.4765625,84593.0078125,84542.3515625,84593.0078125,4579328
2026-09-27 18:15:00+00:00,84593.0,84732.8828125,84585.640625,84732.8671875,37421056
2026-09-27 18:30:00+00:00,84732.8828125,84768.203125,84656.8203125,84751.6875,100734976
2026-09-27 18:45:00+00:00,84751.6875,84809.6484375,84712.3203125,84798.7265625,844863488
2026-09-27 19:00:00+00:00,84802.9765625,84828.46875,84711.3203125,84775.0078125,20908032
2026-09-27 19:15:00+00:00,84775.0078125,84830.84375,84663.2265625,84689.5,0
2026-09-27 19:30:00+00:00,84676.21875,84786.25,84642.5,84762.3515625,91320320
2026-09-27 19:45:00+00:00,84762.34375,84807.359375,84714.7109375,84717.8203125,0
2026-09-27 20:00:00+00:00,84719.7265625,84800.2109375,84719.7265625,84800.203125,61638656
2026-09-27 20:15:00+00:00,84800.2109375,84800.2109375,84597.3984375,84604.8203125,1699840
2026-09-27 20:30:00+00:00,84604.828125,84635.4921875,84561.8671875,84626.921875,205508608
2026-09-27 20:45:00+00:00,84626.9296875,84626.9296875,84521.0078125,84532.203125,4958208
2026-09-27 21:00:00+00:00,84538.9375,84675.609375,84538.3125,84674.15625,57657344
2026-09-27 21:15:00+00:00,84674.15625,84709.0703125,84594.390625,84594.3984375,195846144
2026-09-27 21:30:00+00:00,84594.3984375,84612.5390625,84421.28125,84538.78125,15163392
2026-09-27 21:45:00+00:00,84542.6484375,84680.6328125,84542.6484375,84664.53125,132073472
2026-09-27 22:00:00+00:00,84676.40625,84736.921875,84265.15625,84315.3828125,93546496
2026-09-27 22:15:00+00:00,84299.6328125,84557.921875,84262.59375,84538.40625,153167872
2026-09-27 22:30:00+00:00,84520.9765625,84520.9765625,84170.0,84170.0078125,106010624
2026-09-27 22:45:00+00:00,84152.9375,84224.703125,84120.0,84187.8828125,170618880
2026-09-27 23:00:00+00:00,84167.8515625,84285.8828125,84115.0,84195.8984375,49819648
2026-09-27 23:15:00+00:00,84196.109375,84435.46875,84184.3203125,84378.2890625,84197376
2026-09-27 23:30:00+00:00,84384.3984375,84454.4375,84321.0,84321.0,8888320
2026-09-27 23:45:00+00:00,84342.7109375,84525.703125,84311.859375,84462.1328125,40583168
2026-09-28 00:00:00+00:00,84462.140625,84555.6015625,84355.1328125,84420.1875,125663232
2026-09-28 00:15:00+00:00,84420.1875,84979.4375,84399.25,84771.046875,381239296
2026-09-28 00:30:00+00:00,84744.390625,84744.390625,84187.671875,84288.71875,735668224
2026-09-28 00:45:00+00:00,84296.2734375,84614.609375,84125.296875,84125.796875,157093888
2026-09-28 01:00:00+00:00,84120.953125,84210.921875,83920.75,83942.6171875,661262336
2026-09-28 01:15:00+00:00,83934.9765625,84152.640625,83870.9375,84074.0234375,442583040
2026-09-28 01:30:00+00:00,84057.3828125,84143.34375,83791.78125,83791.78125,460224512
2026-09-28 01:45:00+00:00,83790.078125,83909.75,83606.9921875,83686.7265625,360564736
2026-09-28 02:00:00+00:00,83675.0,83772.46875,83468.59375,83728.4921875,465633280
2026-09-28 02:15:00+00:00,83734.84375,83737.546875,83540.15625,83610.0078125,439289856
2026-09-28 02:30:00+00:00,83611.2890625,83623.828125,83415.84375,83482.46875,268437504
2026-09-28 02:45:00+00:00,83474.0390625,83522.2265625,83370.640625,83405.0,349362176
2026-09-28 03:00:00+00:00,83448.2578125,83515.171875,83364.0078125,83413.4375,218552320
2026-09-28 03:15:00+00:00,83392.328125,83494.59375,83282.6875,83310.7890625,200284160
2026-09-28 03:30:00+00:00,83307.28125,83475.21875,83190.3203125,83434.546875,322625536
2026-09-28 03:45:00+00:00,83427.421875,83473.25,83300.0,83325.15625,920582144
2026-09-28 04:00:00+00:00,83338.75,83415.25,83215.5390625,83412.1875,159954944
2026-09-28 04:15:00+00:00,83398.1875,83501.3125,83350.09375,83459.0625,156485632
2026-09-28 04:30:00+00:00,83452.3828125,83494.1015625,83411.5078125,83476.796875,107032576
2026-09-28 04:45:00+00:00,83476.796875,83494.328125,83411.3515625,83482.46875,803725312
2026-09-28 05:00:00+00:00,83466.2421875,83514.671875,83228.7265625,83312.15625,342937600
2026-09-28 05:15:00+00:00,83320.21875,83332.7421875,83001.109375,83059.296875,579274752
2026-09-28 05:30:00+00:00,83042.0390625,83122.3125,82713.296875,83122.3125,341968896
2026-09-28 05:45:00+00:00,83128.3125,83179.9609375,83029.921875,83162.296875,662206464
2026-09-28 06:00:00+00:00,83160.2265625,83286.6015625,83117.7578125,83236.5703125,220260352
2026-09-28 06:15:00+00:00,83234.8984375,83234.8984375,83028.3203125,83028.40625,207509504
2026-09-28 06:30:00+00:00,83030.0390625,83203.7578125,83013.171875,83160.0078125,162979840
2026-09-28 06:45:00+00:00,83160.0,83202.2421875,83089.6796875,83134.0078125,157691904
2026-09-28 07:00:00+00:00,83138.8671875,83252.5,83020.3203125,83051.9296875,138182656
2026-09-28 07:15:00+00:00,83041.6171875,83123.9921875,82903.609375,82911.3828125,1065498624
2026-09-28 07:30:00+00:00,82911.3828125,83020.3203125,82875.0078125,82898.8828125,644433920
2026-09-28 07:45:00+00:00,82883.421875,83086.046875,82883.421875,82912.0390625,244707328
2026-09-28 08:00:00+00:00,82898.2578125,83113.921875,82883.9921875,82972.6484375,649437184
2026-09-28 08:15:00+00:00,82977.546875,83002.7890625,82775.5234375,82780.09375,476321792
2026-09-28 08:30:00+00:00,82820.1484375,82928.640625,82731.640625,82881.0625,326191104
2026-09-28 08:45:00+00:00,82881.046875,82984.75,82855.84375,82913.578125,378501120
2026-09-28 09:00:00+00:00,82913.59375,82961.5703125,82571.0,82840.7734375,420816896
2026-09-28 09:15:00+00:00,82840.7734375,82928.7734375,82719.5,82783.5390625,320026624
2026-09-28 09:30:00+00:00,82789.5390625,82813.109375,82561.203125,82580.0234375,192122880
2026-09-28 09:45:00+00:00,82593.40625,82749.890625,82577.75,82624.1796875,88557568
2026-09-28 10:00:00+00:00,82636.21875,82819.421875,82635.0625,82717.171875,3065856
2026-09-28 10:15:00+00:00,82729.3984375,82819.15625,82688.7265625,82774.1875,957960192
2026-09-28 10:30:00+00:00,82785.8515625,82924.171875,82733.71875,82918.390625,18110464
2026-09-28 10:45:00+00:00,82918.3828125,83000.25,82820.3984375,82908.1328125,434577408
2026-09-28 11:00:00+00:00,82931.90625,83014.21875,82928.2109375,82946.890625,258476032
2026-09-28 11:15:00+00:00,82957.5625,83039.140625,82924.9296875,82988.7890625,146896896
2026-09-28 11:30:00+00:00,82988.78125,83082.578125,82950.0,83047.0703125,391071744
2026-09-28 11:45:00+00:00,83044.7734375,83066.84375,82945.9375,83058.9296875,160710656
2026-09-28 12:00:00+00:00,83031.6875,83487.03125,82979.15625,83360.921875,1595334656
2026-09-28 12:15:00+00:00,83352.5625,83439.96875,83250.0078125,83342.3203125,410822656
2026-09-28 12:30:00+00:00,83346.4921875,83407.78125,83242.640625,83315.9609375,410277888
2026-09-28 12:45:00+00:00,83328.171875,83615.96875,83328.171875,83539.0234375,174761984
2026-09-28 13:00:00+00:00,83549.75,83549.75,83281.078125,83386.3984375,74657792
2026-09-28 13:15:00+00:00,83386.3984375,83535.90625,83335.4296875,83535.90625,173625344
2026-09-28 13:30:00+00:00,83543.1484375,83794.6484375,83359.6484375,83713.8125,783343616
2026-09-28 13:45:00+00:00,83704.3125,83803.34375,83453.4765625,83629.890625,501141504
2026-09-28 14:00:00+00:00,83600.0078125,83600.0078125,83302.8125,83384.6328125,413249536
2026-09-28 14:15:00+00:00,83393.0,83587.546875,83098.8515625,83215.296875,314638336
2026-09-28 14:30:00+00:00,83232.1015625,83460.2265625,82848.6015625,82917.2890625,700559360
2026-09-28 14:45:00+00:00,82919.53125,83016.078125,82566.0234375,82988.6328125,611389440
2026-09-28 15:00:00+00:00,83002.5234375,83242.6328125,82904.3671875,82944.2109375,527519744
2026-09-28 15:15:00+00:00,82900.640625,83108.203125,82773.7578125,83053.1015625,322670592
2026-09-28 15:30:00+00:00,83057.7421875,83340.390625,82989.5390625,83186.7890625,661172224
2026-09-28 15:45:00+00:00,83193.75,83375.8203125,83181.5625,83365.7890625,353992704
2026-09-28 16:00:00+00:00,83343.6796875,83457.453125,83227.9296875,83368.4375,143020032
2026-09-28 16:15:00+00:00,83389.796875,84158.03125,83350.0,83988.0625,601972736
2026-09-28 16:30:00+00:00,83989.7421875,84093.59375,83654.75,83707.453125,550346752
2026-09-28 16:45:00+00:00,83707.453125,83716.7109375,83555.09375,83677.390625,296943616
2026-09-28 17:00:00+00:00,83698.2265625,84211.78125,83533.2890625,84211.78125,344150016
2026-09-28 17:15:00+00:00,84226.0078125,84327.296875,83836.0,83868.1171875,926720000
2026-09-28 17:30:00+00:00,83890.296875,84001.40625,83818.046875,83985.953125,185671680
2026-09-28 17:45:00+00:00,83979.1875,84025.2578125,83809.359375,83846.953125,181923840
2026-09-28 18:00:00+00:00,83846.953125,83975.9609375,83816.9765625,83952.03125,294502400
2026-09-28 18:15:00+00:00,83952.03125,83979.8203125,83870.671875,83902.2109375,79441920
2026-09-28 18:30:00+00:00,83907.3984375,83934.15625,83771.5390625,83845.1484375,209002496
2026-09-28 18:45:00+00:00,83826.546875,84030.5078125,83780.328125,84017.421875,276168704
2026-09-28 19:00:00+00:00,84024.03125,84024.03125,83630.1796875,83701.453125,1159225344
2026-09-28 19:15:00+00:00,83679.2578125,83706.9921875,83600.0,83602.921875,278392832
2026-09-28 19:30:00+00:00,83610.71875,83621.453125,83073.0234375,83282.0078125,274735104
2026-09-28 19:45:00+00:00,83293.8671875,83394.34375,83236.578125,83364.84375,174145536
2026-09-28 20:00:00+00:00,83350.03125,83581.953125,83232.3515625,83536.5625,313466880
2026-09-28 20:15:00+00:00,83511.4921875,83525.40625,83422.2578125,83452.21875,223297536
2026-09-28 20:30:00+00:00,83452.21875,83546.640625,83424.6015625,83451.546875,51245056
2026-09-28 20:45:00+00:00,83448.7734375,83509.90625,83396.21875,83501.4765625,64724992
2026-09-28 21:00:00+00:00,83516.203125,83629.4765625,83516.203125,83535.921875,110362624
2026-09-28 21:15:00+00:00,83535.921875,83548.3984375,83407.5,83413.90625,196628480
2026-09-28 21:30:00+00:00,83423.7890625,83437.9296875,83362.09375,83389.4765625,0
2026-09-28 21:45:00+00:00,83389.4765625,83395.2578125,83170.0,83181.03125,139399168
2026-09-28 22:00:00+00:00,83196.0,83200.4921875,83057.53125,83161.4609375,1047965696
2026-09-28 22:15:00+00:00,83120.4375,83204.890625,83114.3671875,83204.8828125,15200256
2026-09-28 22:30:00+00:00,83201.84375,83454.5625,83201.84375,83449.15625,0
2026-09-28 22:45:00+00:00,83449.15625,83513.2890625,83432.78125,83513.2890625,171094016
2026-09-28 23:00:00+00:00,83513.2890625,83602.8515625,83404.84375,83411.1328125,0
2026-09-28 23:15:00+00:00,83411.1328125,83549.328125,83411.1328125,83549.328125,0
2026-09-28 23:30:00+00:00,83558.0,83590.3203125,83533.8828125,83552.1328125,92258304
2026-09-28 23:45:00+00:00,83558.3984375,83558.40625,83456.34375,83456.7421875,62984192
2026-09-29 00:00:00+00:00,83456.359375,83511.46875,83420.3984375,83486.859375,127164416
2026-09-29 00:15:00+00:00,83484.9609375,83513.9921875,83304.8515625,83504.921875,20172800
2026-09-29 00:30:00+00:00,83495.6015625,83586.5078125,83419.1796875,83499.3515625,0
2026-09-29 00:45:00+00:00,83479.6015625,83479.6015625,83136.8203125,83146.4765625,45547520
2026-09-29 01:00:00+00:00,83127.4765625,83205.9765625,82961.8125,82973.796875,0
2026-09-29 01:15:00+00:00,82973.9921875,83023.2734375,82782.6328125,82782.6328125,0
2026-09-29 01:30:00+00:00,82767.0,82969.421875,82738.078125,82926.7265625,1406246912
2026-09-29 01:45:00+00:00,82926.0078125,83067.8671875,82878.7421875,83024.78125,0
2026-09-29 02:00:00+00:00,83024.796875,83068.859375,82880.390625,82988.671875,0
2026-09-29 02:15:00+00:00,82991.640625,83130.15625,82890.328125,82941.9375,212537344
2026-09-29 02:30:00+00:00,82957.96875,83002.421875,82859.0078125,83002.421875,130015232
2026-09-29 02:45:00+00:00,82995.609375,83083.7734375,82867.390625,82930.046875,144445440
2026-09-29 03:00:00+00:00,82941.328125,83016.96875,82860.03125,82860.03125,131440640
2026-09-29 03:15:00+00:00,82861.6875,83182.8515625,82831.25,83172.953125,15458304
2026-09-29 03:30:00+00:00,83144.890625,83179.640625,83074.890625,83084.5625,322646016
2026-09-29 03:45:00+00:00,83084.5625,83144.8671875,83010.65625,83038.3828125,36741120
2026-09-29 04:00:00+00:00,83038.3828125,83139.078125,82990.75,83100.75,129626112
2026-09-29 04:15:00+00:00,83109.9609375,83264.9375,83105.5,83185.4921875,301187072
2026-09-29 04:30:00+00:00,83185.4921875,83188.4921875,83075.0,83141.0,555159552
2026-09-29 04:45:00+00:00,83132.7109375,83184.9921875,83039.5078125,83170.5625,212234240
2026-09-29 05:00:00+00:00,83174.71875,83230.40625,83174.71875,83217.609375,0
