Datetime,open,high,low,close,volume
2026-07-08 09:15:00+05:30,24259.55078125,24294.25,24232.05078125,24239.19921875,0
2026-07-08 09:30:00+05:30,24239.599609375,24240.900390625,24207.30078125,24226.80078125,0
2026-07-08 09:45:00+05:30,24227.44921875,24267.150390625,24223.349609375,24251.75,0
2026-07-08 10:00:00+05:30,24250.849609375,24258.099609375,24233.0,24238.19921875,0
2026-07-08 10:15:00+05:30,24236.19921875,24251.5,24219.25,24244.400390625,0
2026-07-08 10:30:00+05:30,24246.099609375,24294.19921875,24246.099609375,24279.25,0
2026-07-08 10:45:00+05:30,24281.44921875,24294.30078125,24268.75,24293.5,0
2026-07-08 11:00:00+05:30,24294.55078125,24299.75,24280.900390625,24290.55078125,0
2026-07-08 11:15:00+05:30,24290.80078125,24294.400390625,24274.75,24285.400390625,0
2026-07-08 11:30:00+05:30,24286.19921875,24286.19921875,24252.55078125,24259.25,0
2026-07-08 11:45:00+05:30,24259.599609375,24261.55078125,24233.599609375,24248.75,0
2026-07-08 12:00:00+05:30,24249.650390625,24252.349609375,24218.400390625,24222.400390625,0
2026-07-08 12:15:00+05:30,24224.05078125,24234.25,24202.69921875,24206.55078125,0
2026-07-08 12:30:00+05:30,24207.599609375,24208.400390625,24184.599609375,24204.69921875,0
2026-07-08 12:45:00+05:30,24206.099609375,24225.30078125,24197.849609375,24215.900390625,0
2026-07-08 13:00:00+05:30,24217.150390625,24235.80078125,24214.80078125,24216.94921875,0
2026-07-08 13:15:00+05:30,24217.94921875,24230.099609375,24209.5,24216.30078125,0
2026-07-08 13:30:00+05:30,24217.55078125,24220.5,24200.099609375,24205.150390625,0
2026-07-08 13:45:00+05:30,24206.099609375,24209.05078125,24008.099609375,24009.55078125,0
2026-07-08 14:00:00+05:30,24012.05078125,24026.900390625,23878.150390625,23897.599609375,0
2026-07-08 14:15:00+05:30,23898.94921875,23956.599609375,23874.150390625,23874.150390625,0
2026-07-08 14:30:00+05:30,23874.44921875,23918.0,23844.5,23863.400390625,0
2026-07-08 14:45:00+05:30,23863.25,23864.5,23807.25,23828.650390625,0
2026-07-08 15:00:00+05:30,23826.55078125,23885.05078125,23826.55078125,23883.400390625,0
2026-07-08 15:15:00+05:30,23883.349609375,23919.55078125,23882.19921875,23897.19921875,0
2026-07-09 09:15:00+05:30,23930.05078125,24038.05078125,23930.05078125,24024.150390625,0
2026-07-09 09:30:00+05:30,24022.650390625,24061.25,24004.19921875,24047.19921875,0
2026-07-09 09:45:00+05:30,24047.900390625,24067.05078125,24031.150390625,24044.650390625,0
2026-07-09 10:00:00+05:30,24044.69921875,24074.69921875,24041.80078125,24044.25,0
2026-07-09 10:15:00+05:30,24045.05078125,24058.349609375,24029.650390625,24042.849609375,0
2026-07-09 10:30:00+05:30,24042.900390625,24133.349609375,23998.900390625,24077.400390625,0
2026-07-09 10:45:00+05:30,24078.099609375,24082.849609375,24001.150390625,24013.900390625,0
2026-07-09 11:00:00+05:30,24014.849609375,24023.349609375,23988.349609375,24015.25,0
2026-07-09 11:15:00+05:30,24014.849609375,24090.5,24008.849609375,24079.80078125,0
2026-07-09 11:30:00+05:30,24079.80078125,24081.55078125,24039.69921875,24056.44921875,0
2026-07-09 11:45:00+05:30,24058.05078125,24059.30078125,24037.599609375,24047.650390625,0
2026-07-09 12:00:00+05:30,24047.650390625,24076.55078125,24042.150390625,24060.400390625,0
2026-07-09 12:15:00+05:30,24062.69921875,24071.55078125,24050.30078125,24063.30078125,0
2026-07-09 12:30:00+05:30,24063.900390625,24068.44921875,24015.849609375,24023.349609375,0
2026-07-09 12:45:00+05:30,24023.599609375,24054.400390625,24019.099609375,24038.400390625,0
2026-07-09 13:00:00+05:30,24038.94921875,24055.55078125,24027.75,24051.650390625,0
2026-07-09 13:15:00+05:30,24051.849609375,24058.44921875,24025.099609375,24035.55078125,0
2026-07-09 13:30:00+05:30,24035.349609375,24082.349609375,24034.150390625,24069.349609375,0
2026-07-09 13:45:00+05:30,24068.80078125,24076.849609375,24048.099609375,24050.05078125,0
2026-07-09 14:00:00+05:30,24050.849609375,24058.5,24024.349609375,24049.0,0
2026-07-09 14:15:00+05:30,24049.19921875,24062.599609375,24027.5,24058.849609375,0
2026-07-09 14:30:00+05:30,24057.94921875,24078.599609375,24001.94921875,24026.150390625,0
2026-07-09 14:45:00+05:30,24026.5,24044.30078125,24015.150390625,24039.650390625,0
2026-07-09 15:00:00+05:30,24037.849609375,24037.849609375,23926.599609375,23940.5,0
2026-07-09 15:15:00+05:30,23940.30078125,23983.400390625,23938.75,23981.900390625,0
2026-07-10 09:15:00+05:30,24125.05078125,24187.30078125,24125.05078125,24168.400390625,0
2026-07-10 09:30:00+05:30,24168.599609375,24208.0,24166.19921875,24194.19921875,0
2026-07-10 09:45:00+05:30,24196.5,24216.69921875,24195.25,24216.400390625,0
2026-07-10 10:00:00+05:30,24216.75,24225.75,24202.150390625,24211.25,0
2026-07-10 10:15:00+05:30,24212.80078125,24218.849609375,24202.349609375,24203.30078125,0
2026-07-10 10:30:00+05:30,24205.349609375,24211.5,24187.94921875,24210.849609375,0
2026-07-10 10:45:00+05:30,24213.30078125,24213.44921875,24195.650390625,24199.099609375,0
2026-07-10 11:00:00+05:30,24201.349609375,24206.150390625,24174.94921875,24180.0,0
2026-07-10 11:15:00+05:30,24181.650390625,24182.25,24156.849609375,24157.849609375,0
2026-07-10 11:30:00+05:30,24161.05078125,24172.349609375,24155.94921875,24163.099609375,0
2026-07-10 11:45:00+05:30,24165.19921875,24177.30078125,24152.05078125,24170.400390625,0
2026-07-10 12:00:00+05:30,24171.30078125,24185.650390625,24157.75,24164.75,0
2026-07-10 12:15:00+05:30,24165.849609375,24193.5,24160.900390625,24189.25,0
2026-07-10 12:30:00+05:30,24190.30078125,24194.150390625,24178.0,24188.25,0
2026-07-10 12:45:00+05:30,24190.650390625,24199.80078125,24178.400390625,24181.349609375,0
2026-07-10 13:00:00+05:30,24184.44921875,24201.849609375,24177.94921875,24185.80078125,0
2026-07-10 13:15:00+05:30,24186.849609375,24188.44921875,24160.75,24176.55078125,0
2026-07-10 13:30:00+05:30,24177.400390625,24203.30078125,24171.900390625,24196.75,0
2026-07-10 13:45:00+05:30,24198.150390625,24207.30078125,24186.150390625,24193.349609375,0
2026-07-10 14:00:00+05:30,24194.849609375,24199.94921875,24173.599609375,24186.44921875,0
2026-07-10 14:15:00+05:30,24187.0,24214.5,24184.099609375,24212.30078125,0
2026-07-10 14:30:00+05:30,24213.400390625,24216.650390625,24198.80078125,24208.5,0
2026-07-10 14:45:00+05:30,24210.44921875,24228.150390625,24188.599609375,24198.44921875,0
2026-07-10 15:00:00+05:30,24199.599609375,24219.400390625,24187.30078125,24208.650390625,0
2026-07-10 15:15:00+05:30,24208.349609375,24220.94921875,24197.25,24211.650390625,0
2026-07-13 09:15:00+05:30,24039.400390625,24044.0,24000.849609375,24027.900390625,0
2026-07-13 09:30:00+05:30,24027.44921875,24089.900390625,24019.349609375,24075.0,0
2026-07-13 09:45:00+05:30,24075.0,24122.19921875,24070.349609375,24119.599609375,0
2026-07-13 10:00:00+05:30,24121.19921875,24128.650390625,24092.80078125,24112.94921875,0
2026-07-13 10:15:00+05:30,24114.150390625,24157.349609375,24104.599609375,24145.19921875,0
2026-07-13 10:30:00+05:30,24145.80078125,24156.849609375,24132.0,24141.5,0
2026-07-13 10:45:00+05:30,24141.650390625,24147.30078125,24117.0,24132.30078125,0
2026-07-13 11:00:00+05:30,24132.599609375,24161.900390625,24116.19921875,24147.400390625,0
2026-07-13 11:15:00+05:30,24147.25,24158.80078125,24133.0,24138.400390625,0
2026-07-13 11:30:00+05:30,24138.150390625,24152.099609375,24123.25,24130.5,0
2026-07-13 11:45:00+05:30,24130.650390625,24156.650390625,24130.55078125,24141.349609375,0
2026-07-13 12:00:00+05:30,24140.5,24195.099609375,24139.650390625,24181.849609375,0
2026-07-13 12:15:00+05:30,24182.0,24198.150390625,24168.900390625,24181.900390625,0
2026-07-13 12:30:00+05:30,24181.75,24216.650390625,24172.650390625,24214.900390625,0
2026-07-13 12:45:00+05:30,24214.75,24259.650390625,24209.599609375,24223.94921875,0
2026-07-13 13:00:00+05:30,24223.75,24225.19921875,24206.30078125,24223.0,0
2026-07-13 13:15:00+05:30,24222.0,24222.650390625,24161.80078125,24171.599609375,0
2026-07-13 13:30:00+05:30,24171.400390625,24203.80078125,24169.30078125,24191.94921875,0
2026-07-13 13:45:00+05:30,24191.0,24200.94921875,24186.05078125,24196.80078125,0
2026-07-13 14:00:00+05:30,24197.349609375,24216.599609375,24190.19921875,24215.75,0
2026-07-13 14:15:00+05:30,24215.349609375,24238.25,24209.75,24229.900390625,0
2026-07-13 14:30:00+05:30,24229.400390625,24235.0,24214.05078125,24228.44921875,0
2026-07-13 14:45:00+05:30,24227.94921875,24250.849609375,24226.94921875,24231.099609375,0
2026-07-13 15:00:00+05:30,24229.69921875,24233.55078125,24201.349609375,24205.30078125,0
2026-07-13 15:15:00+05:30,24205.69921875,24209.69921875,24191.900390625,24208.599609375,0
2026-07-14 09:15:00+05:30,24092.75,24156.400390625,24050.55078125,24140.900390625,0
2026-07-14 09:30:00+05:30,24140.599609375,24147.349609375,24079.69921875,24100.0,0
2026-07-14 09:45:00+05:30,24101.849609375,24101.849609375,24062.44921875,24076.69921875,0
2026-07-14 10:00:00+05:30,24077.55078125,24097.30078125,24068.44921875,24085.150390625,0
2026-07-14 10:15:00+05:30,24086.650390625,24089.0,24038.599609375,24086.55078125,0
2026-07-14 10:30:00+05:30,24087.55078125,24109.94921875,24077.349609375,24100.5,0
2026-07-14 10:45:00+05:30,24102.05078125,24131.05078125,24091.75,24121.30078125,0
2026-07-14 11:00:00+05:30,24122.400390625,24146.349609375,24119.150390625,24139.19921875,0
2026-07-14 11:15:00+05:30,24141.19921875,24145.400390625,24120.30078125,24141.150390625,0
2026-07-14 11:30:00+05:30,24142.19921875,24142.19921875,24096.05078125,24105.0,0
2026-07-14 11:45:00+05:30,24106.150390625,24126.94921875,24093.25,24102.19921875,0
2026-07-14 12:00:00+05:30,24103.0,24116.25,24085.44921875,24091.900390625,0
2026-07-14 12:15:00+05:30,24093.349609375,24093.349609375,24054.849609375,24059.599609375,0
2026-07-14 12:30:00+05:30,24061.75,24083.25,24057.5,24079.150390625,0
2026-07-14 12:45:00+05:30,24080.099609375,24097.0,24070.19921875,24078.0,0
2026-07-14 13:00:00+05:30,24080.19921875,24092.75,24063.650390625,24081.44921875,0
2026-07-14 13:15:00+05:30,24082.94921875,24097.349609375,24070.400390625,24093.30078125,0
2026-07-14 13:30:00+05:30,24093.30078125,24093.94921875,24038.55078125,24052.150390625,0
2026-07-14 13:45:00+05:30,24053.19921875,24073.25,24051.849609375,24065.05078125,0
2026-07-14 14:00:00+05:30,24065.400390625,24071.55078125,24048.599609375,24064.44921875,0
2026-07-14 14:15:00+05:30,24066.30078125,24068.94921875,24040.30078125,24046.400390625,0
2026-07-14 14:30:00+05:30,24048.150390625,24066.30078125,24042.0,24051.19921875,0
2026-07-14 14:45:00+05:30,24053.0,24053.0,24023.900390625,24040.55078125,0
2026-07-14 15:00:00+05:30,24041.55078125,24075.0,24041.55078125,24052.05078125,0
2026-07-14 15:15:00+05:30,24052.5,24057.05078125,24027.44921875,24035.150390625,0
2026-07-15 09:15:00+05:30,24082.44921875,24211.69921875,24074.69921875,24195.69921875,0
2026-07-15 09:30:00+05:30,24196.5,24217.849609375,24187.69921875,24195.099609375,0
2026-07-15 09:45:00+05:30,24195.900390625,24207.400390625,24184.099609375,24184.94921875,0
2026-07-15 10:00:00+05:30,24185.0,24203.55078125,24173.5,24202.30078125,0
2026-07-15 10:15:00+05:30,24202.19921875,24220.05078125,24200.400390625,24204.94921875,0
2026-07-15 10:30:00+05:30,24205.80078125,24212.650390625,24190.599609375,24207.75,0
2026-07-15 10:45:00+05:30,24207.44921875,24210.05078125,24184.099609375,24185.0,0
2026-07-15 11:00:00+05:30,24184.599609375,24198.30078125,24171.0,24172.849609375,0
2026-07-15 11:15:00+05:30,24173.599609375,24206.150390625,24172.150390625,24202.650390625,0
2026-07-15 11:30:00+05:30,24202.44921875,24214.650390625,24173.349609375,24174.400390625,0
2026-07-15 11:45:00+05:30,24174.19921875,24189.44921875,24166.80078125,24180.80078125,0
2026-07-15 12:00:00+05:30,24181.900390625,24191.75,24175.0,24191.05078125,0
2026-07-15 12:15:00+05:30,24193.400390625,24194.349609375,24168.44921875,24168.44921875,0
2026-07-15 12:30:00+05:30,24168.400390625,24174.19921875,24143.150390625,24160.099609375,0
2026-07-15 12:45:00+05:30,24160.150390625,24162.69921875,24010.94921875,24054.0,0
2026-07-15 13:00:00+05:30,24053.400390625,24077.69921875,24039.30078125,24054.400390625,0
2026-07-15 13:15:00+05:30,24053.69921875,24087.44921875,24046.75,24074.94921875,0
2026-07-15 13:30:00+05:30,24075.0,24076.650390625,24048.5,24061.599609375,0
2026-07-15 13:45:00+05:30,24061.30078125,24080.30078125,24044.849609375,24078.349609375,0
2026-07-15 14:00:00+05:30,24077.900390625,24098.80078125,24069.400390625,24086.44921875,0
2026-07-15 14:15:00+05:30,24086.349609375,24100.849609375,24066.650390625,24077.650390625,0
2026-07-15 14:30:00+05:30,24077.94921875,24107.05078125,24072.099609375,24101.5,0
2026-07-15 14:45:00+05:30,24099.849609375,24105.75,24066.19921875,24067.849609375,0
2026-07-15 15:00:00+05:30,24067.150390625,24091.599609375,24061.05078125,24077.75,0
2026-07-15 15:15:00+05:30,24076.099609375,24091.30078125,24069.80078125,24073.44921875,0
2026-07-16 09:15:00+05:30,24140.69921875,24166.75,24118.650390625,24127.5,0
2026-07-16 09:30:00+05:30,24129.25,24141.69921875,24097.30078125,24140.849609375,0
2026-07-16 09:45:00+05:30,24141.599609375,24145.75,24111.650390625,24128.099609375,0
2026-07-16 10:00:00+05:30,24128.150390625,24141.0,24114.80078125,24126.44921875,0
2026-07-16 10:15:00+05:30,24128.400390625,24140.400390625,24107.44921875,24123.5,0
2026-07-16 10:30:00+05:30,24124.400390625,24126.75,24109.55078125,24126.55078125,0
2026-07-16 10:45:00+05:30,24127.44921875,24169.19921875,24123.94921875,24168.599609375,0
2026-07-16 11:00:00+05:30,24170.650390625,24186.0,24156.44921875,24157.900390625,0
2026-07-16 11:15:00+05:30,24159.099609375,24163.5,24142.099609375,24146.349609375,0
2026-07-16 11:30:00+05:30,24148.94921875,24166.80078125,24143.55078125,24149.5,0
2026-07-16 11:45:00+05:30,24151.55078125,24155.400390625,24139.0,24151.0,0
2026-07-16 12:00:00+05:30,24153.05078125,24154.05078125,24132.44921875,24133.900390625,0
2026-07-16 12:15:00+05:30,24136.30078125,24163.44921875,24131.94921875,24159.599609375,0
2026-07-16 12:30:00+05:30,24160.650390625,24160.650390625,24126.349609375,24130.400390625,0
2026-07-16 12:45:00+05:30,24133.099609375,24136.25,24120.25,24124.30078125,0
2026-07-16 13:00:00+05:30,24124.55078125,24130.75,24110.5,24120.599609375,0
2026-07-16 13:15:00+05:30,24120.94921875,24122.19921875,24102.69921875,24105.80078125,0
2026-07-16 13:30:00+05:30,24107.400390625,24107.400390625,24053.19921875,24053.5,0
2026-07-16 13:45:00+05:30,24055.5,24097.150390625,24051.75,24096.19921875,0
2026-07-16 14:00:00+05:30,24096.400390625,24101.599609375,24085.349609375,24091.55078125,0
2026-07-16 14:15:00+05:30,24094.150390625,24111.900390625,24079.69921875,24085.849609375,0
2026-07-16 14:30:00+05:30,24089.05078125,24101.94921875,24083.25,24096.0,0
2026-07-16 14:45:00+05:30,24099.55078125,24124.099609375,24091.69921875,24111.650390625,0
2026-07-16 15:00:00+05:30,24114.44921875,24126.55078125,24065.94921875,24071.099609375,0
2026-07-16 15:15:00+05:30,24071.150390625,24090.150390625,24050.44921875,24081.099609375,0
2026-07-17 09:15:00+05:30,24127.599609375,24211.400390625,24100.900390625,24211.30078125,0
2026-07-17 09:30:00+05:30,24210.0,24231.44921875,24193.19921875,24230.400390625,0
2026-07-17 09:45:00+05:30,24231.30078125,24246.150390625,24217.349609375,24228.5,0
2026-07-17 10:00:00+05:30,24228.849609375,24248.94921875,24210.25,24239.349609375,0
2026-07-17 10:15:00+05:30,24239.849609375,24281.69921875,24238.19921875,24281.349609375,0
2026-07-17 10:30:00+05:30,24281.55078125,24288.349609375,24244.19921875,24259.30078125,0
2026-07-17 10:45:00+05:30,24259.099609375,24262.75,24245.05078125,24257.05078125,0
2026-07-17 11:00:00+05:30,24257.0,24264.150390625,24230.900390625,24235.900390625,0
2026-07-17 11:15:00+05:30,24235.69921875,24250.900390625,24232.650390625,24244.400390625,0
2026-07-17 11:30:00+05:30,24243.0,24269.0,24241.0,24267.25,0
2026-07-17 11:45:00+05:30,24267.19921875,24283.19921875,24264.900390625,24277.150390625,0
2026-07-17 12:00:00+05:30,24277.849609375,24279.94921875,24260.69921875,24276.75,0
2026-07-17 12:15:00+05:30,24276.55078125,24286.349609375,24267.349609375,24277.55078125,0
2026-07-17 12:30:00+05:30,24277.650390625,24284.599609375,24259.75,24277.05078125,0
2026-07-17 12:45:00+05:30,24277.05078125,24297.30078125,24270.69921875,24283.349609375,0
2026-07-17 13:00:00+05:30,24283.30078125,24287.44921875,24275.94921875,24282.75,0
2026-07-17 13:15:00+05:30,24282.55078125,24283.599609375,24257.400390625,24268.05078125,0
2026-07-17 13:30:00+05:30,24267.30078125,24276.44921875,24245.900390625,24254.30078125,0
2026-07-17 13:45:00+05:30,24254.25,24255.25,24213.44921875,24249.94921875,0
2026-07-17 14:00:00+05:30,24250.099609375,24284.44921875,24241.80078125,24281.599609375,0
2026-07-17 14:15:00+05:30,24280.55078125,24367.150390625,24280.55078125,24288.650390625,0
2026-07-17 14:30:00+05:30,24287.400390625,24321.05078125,24286.849609375,24318.25,0
2026-07-17 14:45:00+05:30,24317.650390625,24334.80078125,24311.69921875,24312.099609375,0
2026-07-17 15:00:00+05:30,24311.75,24338.25,24311.19921875,24329.349609375,0
2026-07-17 15:15:00+05:30,24328.75,24352.650390625,24320.30078125,24343.650390625,0
2026-07-20 09:15:00+05:30,24190.05078125,24261.599609375,24170.94921875,24191.69921875,0
2026-07-20 09:30:00+05:30,24191.900390625,24193.05078125,24159.599609375,24171.44921875,0
2026-07-20 09:45:00+05:30,24170.599609375,24198.5,24157.5,24190.25,0
2026-07-20 10:00:00+05:30,24191.25,24219.400390625,24179.80078125,24209.94921875,0
2026-07-20 10:15:00+05:30,24210.400390625,24232.349609375,24207.349609375,24230.25,0
2026-07-20 10:30:00+05:30,24229.900390625,24239.19921875,24213.55078125,24218.44921875,0
2026-07-20 10:45:00+05:30,24218.400390625,24232.400390625,24216.55078125,24228.650390625,0
2026-07-20 11:00:00+05:30,24228.599609375,24234.900390625,24211.05078125,24214.599609375,0
2026-07-20 11:15:00+05:30,24215.44921875,24224.80078125,24203.05078125,24209.900390625,0
2026-07-20 11:30:00+05:30,24210.05078125,24215.44921875,24194.94921875,24196.0,0
2026-07-20 11:45:00+05:30,24196.44921875,24197.150390625,24177.0,24189.5,0
2026-07-20 12:00:00+05:30,24189.599609375,24192.44921875,24174.25,24187.69921875,0
2026-07-20 12:15:00+05:30,24187.69921875,24199.900390625,24168.19921875,24171.69921875,0
2026-07-20 12:30:00+05:30,24172.0,24182.30078125,24156.05078125,24157.19921875,0
2026-07-20 12:45:00+05:30,24157.400390625,24190.30078125,24136.25,24186.80078125,0
2026-07-20 13:00:00+05:30,24186.69921875,24226.0,24175.80078125,24225.0,0
2026-07-20 13:15:00+05:30,24224.75,24246.349609375,24212.400390625,24243.30078125,0
2026-07-20 13:30:00+05:30,24243.19921875,24250.05078125,24227.5,24228.80078125,0
2026-07-20 13:45:00+05:30,24228.25,24257.900390625,24227.150390625,24254.650390625,0
2026-07-20 14:00:00+05:30,24254.5,24265.55078125,24248.25,24250.900390625,0
2026-07-20 14:15:00+05:30,24250.55078125,24259.099609375,24241.05078125,24254.75,0
2026-07-20 14:30:00+05:30,24254.80078125,24256.55078125,24224.75,24237.099609375,0
2026-07-20 14:45:00+05:30,24237.099609375,24251.0,24230.099609375,24230.69921875,0
2026-07-20 15:00:00+05:30,24233.599609375,24246.5,24228.400390625,24238.150390625,0
2026-07-20 15:15:00+05:30,24240.150390625,24248.44921875,24233.349609375,24239.5,0
2026-07-21 09:15:00+05:30,24216.05078125,24262.19921875,24206.849609375,24247.400390625,0
2026-07-21 09:30:00+05:30,24247.75,24255.80078125,24217.349609375,24236.25,0
2026-07-21 09:45:00+05:30,24236.94921875,24240.900390625,24216.900390625,24229.94921875,0
2026-07-21 10:00:00+05:30,24229.400390625,24233.599609375,24211.75,24212.900390625,0
2026-07-21 10:15:00+05:30,24212.30078125,24214.69921875,24186.650390625,24199.5,0
2026-07-21 10:30:00+05:30,24199.599609375,24202.400390625,24174.400390625,24188.94921875,0
2026-07-21 10:45:00+05:30,24187.80078125,24189.05078125,24163.900390625,24185.099609375,0
2026-07-21 11:00:00+05:30,24185.150390625,24196.599609375,24180.75,24186.400390625,0
2026-07-21 11:15:00+05:30,24186.5,24188.69921875,24166.650390625,24173.30078125,0
2026-07-21 11:30:00+05:30,24173.05078125,24188.099609375,24159.650390625,24161.25,0
2026-07-21 11:45:00+05:30,24161.650390625,24175.19921875,24158.349609375,24169.849609375,0
2026-07-21 12:00:00+05:30,24169.30078125,24183.69921875,24168.44921875,24173.099609375,0
2026-07-21 12:15:00+05:30,24173.650390625,24182.69921875,24169.849609375,24172.099609375,0
2026-07-21 12:30:00+05:30,24171.94921875,24190.5,24167.69921875,24172.55078125,0
2026-07-21 12:45:00+05:30,24172.80078125,24177.30078125,24148.900390625,24151.69921875,0
2026-07-21 13:00:00+05:30,24151.05078125,24159.099609375,24135.900390625,24151.75,0
2026-07-21 13:15:00+05:30,24151.55078125,24174.099609375,24148.400390625,24172.099609375,0
2026-07-21 13:30:00+05:30,24171.849609375,24195.30078125,24170.44921875,24190.5,0
2026-07-21 13:45:00+05:30,24190.44921875,24192.5,24158.44921875,24163.44921875,0
2026-07-21 14:00:00+05:30,24163.25,24182.05078125,24161.099609375,24164.05078125,0
2026-07-21 14:15:00+05:30,24163.25,24180.5,24154.30078125,24168.849609375,0
2026-07-21 14:30:00+05:30,24167.94921875,24176.30078125,24156.05078125,24172.69921875,0
2026-07-21 14:45:00+05:30,24173.0,24192.75,24164.849609375,24182.349609375,0
2026-07-21 15:00:00+05:30,24182.099609375,24197.19921875,24180.05078125,24183.849609375,0
2026-07-21 15:15:00+05:30,24184.099609375,24196.150390625,24182.099609375,24193.94921875,0
2026-07-22 09:15:00+05:30,24146.900390625,24164.650390625,24047.150390625,24048.900390625,0
2026-07-22 09:30:00+05:30,24051.0,24058.05078125,24016.400390625,24027.0,0
2026-07-22 09:45:00+05:30,24028.349609375,24031.30078125,24008.900390625,24020.19921875,0
2026-07-22 10:00:00+05:30,24021.80078125,24052.75,24012.75,24033.44921875,0
2026-07-22 10:15:00+05:30,24033.80078125,24033.80078125,23973.849609375,24007.599609375,0
2026-07-22 10:30:00+05:30,24009.25,24013.5,23989.19921875,23989.19921875,0
2026-07-22 10:45:00+05:30,23991.599609375,24030.80078125,23988.25,24025.94921875,0
2026-07-22 11:00:00+05:30,24027.349609375,24028.099609375,24011.349609375,24013.69921875,0
2026-07-22 11:15:00+05:30,24015.19921875,24042.0,24012.900390625,24041.55078125,0
2026-07-22 11:30:00+05:30,24042.75,24050.650390625,24036.5,24046.25,0
2026-07-22 11:45:00+05:30,24046.80078125,24049.0,24022.0,24022.0,0
2026-07-22 12:00:00+05:30,24023.400390625,24024.5,23995.25,23996.25,0
2026-07-22 12:15:00+05:30,23997.849609375,23999.80078125,23968.650390625,23980.900390625,0
2026-07-22 12:30:00+05:30,23982.400390625,23983.400390625,23961.599609375,23983.25,0
2026-07-22 12:45:00+05:30,23985.099609375,24017.05078125,23978.0,24003.599609375,0
2026-07-22 13:00:00+05:30,24003.30078125,24003.80078125,23968.30078125,23978.849609375,0
2026-07-22 13:15:00+05:30,23980.44921875,23986.349609375,23973.150390625,23979.30078125,0
2026-07-22 13:30:00+05:30,23981.44921875,24014.400390625,23979.30078125,23995.349609375,0
2026-07-22 13:45:00+05:30,23996.44921875,23996.55078125,23974.400390625,23976.5,0
2026-07-22 14:00:00+05:30,23978.150390625,23984.599609375,23964.599609375,23973.349609375,0
2026-07-22 14:15:00+05:30,23975.25,23988.80078125,23970.599609375,23972.349609375,0
2026-07-22 14:30:00+05:30,23974.30078125,23992.05078125,23968.5,23976.30078125,0
2026-07-22 14:45:00+05:30,23978.44921875,23991.849609375,23974.94921875,23979.900390625,0
2026-07-22 15:00:00+05:30,23979.900390625,24023.94921875,23973.349609375,24021.150390625,0
2026-07-22 15:15:00+05:30,24021.599609375,24024.80078125,23990.80078125,23991.05078125,0
2026-07-23 09:15:00+05:30,23904.80078125,23951.5,23876.75,23921.099609375,0
2026-07-23 09:30:00+05:30,23921.55078125,23929.80078125,23892.599609375,23907.849609375,0
2026-07-23 09:45:00+05:30,23907.599609375,23944.0,23901.44921875,23943.69921875,0
2026-07-23 10:00:00+05:30,23942.94921875,23969.75,23940.25,23958.25,0
2026-07-23 10:15:00+05:30,23957.349609375,23973.599609375,23943.80078125,23969.650390625,0
2026-07-23 10:30:00+05:30,23969.650390625,23978.849609375,23958.19921875,23974.400390625,0
2026-07-23 10:45:00+05:30,23974.94921875,23984.19921875,23966.150390625,23977.0,0
2026-07-23 11:00:00+05:30,23977.30078125,23990.69921875,23971.44921875,23972.400390625,0
2026-07-23 11:15:00+05:30,23972.099609375,23973.80078125,23944.25,23945.5,0
2026-07-23 11:30:00+05:30,23945.05078125,23956.30078125,23939.94921875,23947.75,0
2026-07-23 11:45:00+05:30,23947.599609375,23956.44921875,23930.650390625,23953.69921875,0
2026-07-23 12:00:00+05:30,23953.5,23964.30078125,23933.19921875,23934.099609375,0
2026-07-23 12:15:00+05:30,23934.849609375,23939.349609375,23911.849609375,23911.849609375,0
2026-07-23 12:30:00+05:30,23911.849609375,23915.0,23855.150390625,23857.25,0
2026-07-23 12:45:00+05:30,23856.94921875,23864.44921875,23843.44921875,23852.400390625,0
2026-07-23 13:00:00+05:30,23852.599609375,23854.349609375,23826.75,23832.0,0
2026-07-23 13:15:00+05:30,23831.94921875,23846.150390625,23812.0,23838.150390625,0
2026-07-23 13:30:00+05:30,23838.05078125,23864.349609375,23825.94921875,23850.30078125,0
2026-07-23 13:45:00+05:30,23850.80078125,23871.94921875,23850.80078125,23861.55078125,0
2026-07-23 14:00:00+05:30,23861.900390625,23868.099609375,23849.900390625,23850.94921875,0
2026-07-23 14:15:00+05:30,23850.599609375,23869.30078125,23846.80078125,23859.099609375,0
2026-07-23 14:30:00+05:30,23859.650390625,23891.25,23829.5,23835.75,0
2026-07-23 14:45:00+05:30,23835.75,23843.30078125,23807.349609375,23840.150390625,0
2026-07-23 15:00:00+05:30,23840.349609375,23880.0,23830.400390625,23872.400390625,0
2026-07-23 15:15:00+05:30,23873.05078125,23889.900390625,23858.55078125,23872.19921875,0
2026-07-24 09:15:00+05:30,23674.400390625,23762.75,23650.30078125,23703.55078125,0
2026-07-24 09:30:00+05:30,23703.400390625,23713.0,23652.599609375,23656.69921875,0
2026-07-24 09:45:00+05:30,23657.400390625,23664.75,23631.599609375,23646.05078125,0
2026-07-24 10:00:00+05:30,23647.05078125,23648.099609375,23607.599609375,23608.69921875,0
2026-07-24 10:15:00+05:30,23608.30078125,23627.650390625,23606.44921875,23622.25,0
2026-07-24 10:30:00+05:30,23622.19921875,23646.05078125,23610.900390625,23640.900390625,0
2026-07-24 10:45:00+05:30,23640.400390625,23652.25,23626.30078125,23627.650390625,0
2026-07-24 11:00:00+05:30,23627.30078125,23637.400390625,23617.099609375,23624.25,0
2026-07-24 11:15:00+05:30,23624.25,23678.150390625,23622.599609375,23655.69921875,0
2026-07-24 11:30:00+05:30,23655.69921875,23687.5,23649.150390625,23682.19921875,0
2026-07-24 11:45:00+05:30,23682.25,23710.69921875,23682.19921875,23696.69921875,0
2026-07-24 12:00:00+05:30,23697.25,23717.900390625,23689.25,23702.849609375,0
2026-07-24 12:15:00+05:30,23702.44921875,23792.099609375,23701.349609375,23784.25,0
2026-07-24 12:30:00+05:30,23783.80078125,23796.400390625,23756.0,23793.650390625,0
2026-07-24 12:45:00+05:30,23793.80078125,23808.55078125,23784.650390625,23797.5,0
2026-07-24 13:00:00+05:30,23797.349609375,23800.25,23763.30078125,23783.849609375,0
2026-07-24 13:15:00+05:30,23783.75,23800.05078125,23775.19921875,23790.650390625,0
2026-07-24 13:30:00+05:30,23790.599609375,23791.650390625,23736.0,23747.75,0
2026-07-24 13:45:00+05:30,23747.900390625,23803.05078125,23742.25,23802.94921875,0
2026-07-24 14:00:00+05:30,23803.05078125,23823.599609375,23788.80078125,23797.400390625,0
2026-07-24 14:15:00+05:30,23797.5,23805.75,23770.400390625,23777.650390625,0
2026-07-24 14:30:00+05:30,23777.349609375,23783.30078125,23760.19921875,23768.400390625,0
2026-07-24 14:45:00+05:30,23768.099609375,23794.150390625,23761.849609375,23776.80078125,0
2026-07-24 15:00:00+05:30,23777.94921875,23782.44921875,23747.650390625,23771.900390625,0
2026-07-24 15:15:00+05:30,23771.44921875,23792.94921875,23767.44921875,23787.0,0
2026-07-27 09:15:00+05:30,23929.5,23963.19921875,23897.19921875,23939.94921875,0
2026-07-27 09:30:00+05:30,23941.80078125,23952.30078125,23927.75,23951.05078125,0
2026-07-27 09:45:00+05:30,23952.099609375,23955.900390625,23916.80078125,23933.849609375,0
2026-07-27 10:00:00+05:30,23933.349609375,23934.900390625,23909.0,23933.30078125,0
2026-07-27 10:15:00+05:30,23934.0,23935.75,23908.75,23915.19921875,0
2026-07-27 10:30:00+05:30,23917.05078125,23927.650390625,23891.69921875,23925.30078125,0
2026-07-27 10:45:00+05:30,23927.25,23939.30078125,23907.80078125,23933.44921875,0
2026-07-27 11:00:00+05:30,23935.599609375,23938.400390625,23920.0,23924.75,0
2026-07-27 11:15:00+05:30,23926.0,23968.19921875,23923.349609375,23961.900390625,0
2026-07-27 11:30:00+05:30,23963.55078125,23971.75,23956.30078125,23963.55078125,0
2026-07-27 11:45:00+05:30,23966.05078125,23972.80078125,23949.099609375,23963.400390625,0
2026-07-27 12:00:00+05:30,23965.69921875,23967.400390625,23945.599609375,23956.19921875,0
2026-07-27 12:15:00+05:30,23959.05078125,23965.80078125,23952.900390625,23954.75,0
2026-07-27 12:30:00+05:30,23956.900390625,23967.30078125,23943.05078125,23951.19921875,0
2026-07-27 12:45:00+05:30,23952.55078125,23958.05078125,23943.75,23953.900390625,0
2026-07-27 13:00:00+05:30,23955.849609375,23970.80078125,23948.19921875,23970.099609375,0
2026-07-27 13:15:00+05:30,23971.900390625,23979.150390625,23954.30078125,23954.55078125,0
2026-07-27 13:30:00+05:30,23956.25,23960.849609375,23935.400390625,23956.25,0
2026-07-27 13:45:00+05:30,23958.25,23972.400390625,23953.25,23971.349609375,0
2026-07-27 14:00:00+05:30,23973.599609375,23998.30078125,23970.5,23995.900390625,0
2026-07-27 14:15:00+05:30,23997.55078125,24009.69921875,23984.55078125,24006.69921875,0
2026-07-27 14:30:00+05:30,24008.650390625,24011.099609375,23988.30078125,23996.25,0
2026-07-27 14:45:00+05:30,23997.650390625,24003.5,23984.099609375,23989.150390625,0
2026-07-27 15:00:00+05:30,23989.55078125,24001.75,23986.400390625,23987.150390625,0
2026-07-27 15:15:00+05:30,23985.099609375,24008.099609375,23985.099609375,24003.650390625,0
2026-07-28 09:15:00+05:30,23971.25,24039.849609375,23969.25,24006.80078125,0
2026-07-28 09:30:00+05:30,24006.25,24025.19921875,23985.75,24017.94921875,0
2026-07-28 09:45:00+05:30,24018.05078125,24019.900390625,23995.25,24011.349609375,0
2026-07-28 10:00:00+05:30,24012.25,24013.55078125,23962.150390625,23986.25,0
2026-07-28 10:15:00+05:30,23985.599609375,24006.099609375,23984.80078125,23985.849609375,0
2026-07-28 10:30:00+05:30,23986.55078125,24023.349609375,23986.19921875,24019.75,0
2026-07-28 10:45:00+05:30,24020.099609375,24041.0,24020.0,24036.19921875,0
2026-07-28 11:00:00+05:30,24036.650390625,24039.55078125,24010.05078125,24014.599609375,0
2026-07-28 11:15:00+05:30,24015.19921875,24029.69921875,24010.650390625,24014.0,0
2026-07-28 11:30:00+05:30,24013.900390625,24025.05078125,23999.94921875,24021.05078125,0
2026-07-28 11:45:00+05:30,24020.900390625,24036.80078125,24003.650390625,24011.349609375,0
2026-07-28 12:00:00+05:30,24011.0,24028.599609375,24003.75,24026.5,0
2026-07-28 12:15:00+05:30,24026.25,24028.900390625,24010.849609375,24023.349609375,0
2026-07-28 12:30:00+05:30,24023.5,24027.25,24009.400390625,24015.55078125,0
2026-07-28 12:45:00+05:30,24015.650390625,24022.0,24003.900390625,24003.900390625,0
2026-07-28 13:00:00+05:30,24004.05078125,24008.75,23982.900390625,23983.099609375,0
2026-07-28 13:15:00+05:30,23983.05078125,23993.69921875,23968.650390625,23985.599609375,0
2026-07-28 13:30:00+05:30,23984.849609375,23993.099609375,23977.400390625,23983.349609375,0
2026-07-28 13:45:00+05:30,23983.349609375,24011.75,23972.400390625,24002.0,0
2026-07-28 14:00:00+05:30,24001.900390625,24005.900390625,23989.75,23993.69921875,0
2026-07-28 14:15:00+05:30,23993.349609375,24001.25,23985.0,23988.5,0
2026-07-28 14:30:00+05:30,23987.55078125,23998.5,23970.099609375,23996.19921875,0
2026-07-28 14:45:00+05:30,23995.349609375,23995.44921875,23968.099609375,23980.94921875,0
2026-07-28 15:00:00+05:30,23980.900390625,23985.150390625,23954.69921875,23969.400390625,0
2026-07-28 15:15:00+05:30,23969.400390625,24013.349609375,23968.69921875,23983.94921875,0
2026-07-29 09:15:00+05:30,24188.05078125,24196.19921875,24141.75,24178.5,0
2026-07-29 09:30:00+05:30,24175.599609375,24217.650390625,24175.599609375,24212.19921875,0
2026-07-29 09:45:00+05:30,24211.849609375,24221.599609375,24184.94921875,24187.650390625,0
2026-07-29 10:00:00+05:30,24186.30078125,24223.75,24186.30078125,24221.30078125,0
2026-07-29 10:15:00+05:30,24220.900390625,24235.349609375,24214.0,24225.30078125,0
2026-07-29 10:30:00+05:30,24224.75,24238.349609375,24221.75,24233.80078125,0
2026-07-29 10:45:00+05:30,24233.69921875,24234.05078125,24213.400390625,24220.80078125,0
2026-07-29 11:00:00+05:30,24221.19921875,24243.849609375,24215.25,24233.69921875,0
2026-07-29 11:15:00+05:30,24233.30078125,24241.349609375,24223.349609375,24232.55078125,0
2026-07-29 11:30:00+05:30,24232.150390625,24237.099609375,24218.75,24232.25,0
2026-07-29 11:45:00+05:30,24232.5,24240.349609375,24219.80078125,24225.650390625,0
2026-07-29 12:00:00+05:30,24225.849609375,24247.44921875,24223.25,24238.44921875,0
2026-07-29 12:15:00+05:30,24238.80078125,24240.400390625,24219.69921875,24221.5,0
2026-07-29 12:30:00+05:30,24222.099609375,24234.94921875,24218.900390625,24220.80078125,0
2026-07-29 12:45:00+05:30,24221.44921875,24231.44921875,24209.94921875,24228.75,0
2026-07-29 13:00:00+05:30,24228.849609375,24261.349609375,24228.650390625,24257.55078125,0
2026-07-29 13:15:00+05:30,24257.400390625,24259.900390625,24244.55078125,24245.80078125,0
2026-07-29 13:30:00+05:30,24245.75,24256.849609375,24236.0,24238.400390625,0
2026-07-29 13:45:00+05:30,24236.19921875,24259.94921875,24235.650390625,24250.5,0
2026-07-29 14:00:00+05:30,24249.75,24271.69921875,24249.75,24263.80078125,0
2026-07-29 14:15:00+05:30,24263.80078125,24278.05078125,24263.30078125,24272.650390625,0
2026-07-29 14:30:00+05:30,24272.099609375,24279.0,24251.44921875,24259.599609375,0
2026-07-29 14:45:00+05:30,24259.650390625,24283.0,24259.650390625,24272.5,0
2026-07-29 15:00:00+05:30,24274.400390625,24278.55078125,24249.69921875,24252.0,0
2026-07-29 15:15:00+05:30,24251.44921875,24251.900390625,24231.05078125,24242.0,0
2026-07-30 09:15:00+05:30,24250.400390625,24280.25,24190.0,24276.94921875,0
2026-07-30 09:30:00+05:30,24274.5,24287.25,24245.80078125,24256.25,0
2026-07-30 09:45:00+05:30,24257.25,24285.55078125,24250.05078125,24275.849609375,0
2026-07-30 10:00:00+05:30,24276.75,24281.30078125,24241.5,24243.5,0
2026-07-30 10:15:00+05:30,24243.75,24261.150390625,24231.150390625,24232.099609375,0
2026-07-30 10:30:00+05:30,24232.75,24261.349609375,24224.849609375,24259.150390625,0
2026-07-30 10:45:00+05:30,24260.25,24270.650390625,24253.19921875,24256.900390625,0
2026-07-30 11:00:00+05:30,24256.44921875,24270.55078125,24248.150390625,24265.05078125,0
2026-07-30 11:15:00+05:30,24264.900390625,24282.5,24262.099609375,24274.599609375,0
2026-07-30 11:30:00+05:30,24274.19921875,24279.44921875,24264.849609375,24265.5,0
2026-07-30 11:45:00+05:30,24265.80078125,24266.69921875,24251.05078125,24262.599609375,0
2026-07-30 12:00:00+05:30,24262.599609375,24266.400390625,24248.849609375,24254.099609375,0
2026-07-30 12:15:00+05:30,24253.94921875,24267.44921875,24249.0,24264.05078125,0
2026-07-30 12:30:00+05:30,24264.30078125,24331.05078125,24261.94921875,24308.349609375,0
2026-07-30 12:45:00+05:30,24308.44921875,24309.55078125,24290.80078125,24295.69921875,0
2026-07-30 13:00:00+05:30,24295.650390625,24297.55078125,24248.849609375,24264.0,0
2026-07-30 13:15:00+05:30,24264.05078125,24285.55078125,24259.099609375,24269.400390625,0
2026-07-30 13:30:00+05:30,24269.150390625,24300.25,24266.900390625,24289.44921875,0
2026-07-30 13:45:00+05:30,24288.400390625,24299.44921875,24272.30078125,24283.849609375,0
2026-07-30 14:00:00+05:30,24283.349609375,24287.75,24255.44921875,24255.69921875,0
2026-07-30 14:15:00+05:30,24255.19921875,24260.25,24228.94921875,24235.0,0
2026-07-30 14:30:00+05:30,24235.30078125,24269.599609375,24227.25,24258.69921875,0
2026-07-30 14:45:00+05:30,24258.849609375,24283.44921875,24251.099609375,24272.849609375,0
2026-07-30 15:00:00+05:30,24273.099609375,24329.55078125,24268.75,24318.25,0
2026-07-30 15:15:00+05:30,24316.900390625,24342.94921875,24292.75,24296.599609375,0
2026-07-31 09:15:00+05:30,24359.80078125,24377.55078125,24328.19921875,24345.75,0
2026-07-31 09:30:00+05:30,24344.75,24352.900390625,24299.69921875,24349.30078125,0
2026-07-31 09:45:00+05:30,24348.900390625,24362.94921875,24335.75,24357.55078125,0
2026-07-31 10:00:00+05:30,24357.599609375,24359.650390625,24333.650390625,24346.05078125,0
2026-07-31 10:15:00+05:30,24346.19921875,24355.44921875,24332.900390625,24352.099609375,0
2026-07-31 10:30:00+05:30,24350.80078125,24361.05078125,24336.150390625,24353.55078125,0
2026-07-31 10:45:00+05:30,24353.0,24362.349609375,24345.30078125,24354.19921875,0
2026-07-31 11:00:00+05:30,24354.099609375,24357.900390625,24334.150390625,24357.75,0
2026-07-31 11:15:00+05:30,24357.75,24374.94921875,24355.69921875,24365.69921875,0
2026-07-31 11:30:00+05:30,24366.25,24370.0,24357.849609375,24364.69921875,0
2026-07-31 11:45:00+05:30,24364.599609375,24369.099609375,24358.349609375,24364.44921875,0
2026-07-31 12:00:00+05:30,24364.849609375,24382.5,24360.94921875,24382.099609375,0
2026-07-31 12:15:00+05:30,24381.55078125,24392.900390625,24374.30078125,24386.30078125,0
2026-07-31 12:30:00+05:30,24385.69921875,24404.44921875,24378.650390625,24401.75,0
2026-07-31 12:45:00+05:30,24402.0,24424.55078125,24400.05078125,24413.75,0
2026-07-31 13:00:00+05:30,24412.94921875,24427.849609375,24407.55078125,24414.80078125,0
2026-07-31 13:15:00+05:30,24414.30078125,24429.400390625,24412.69921875,24417.849609375,0
2026-07-31 13:30:00+05:30,24417.900390625,24419.80078125,24391.44921875,24395.19921875,0
2026-07-31 13:45:00+05:30,24395.75,24413.099609375,24390.19921875,24412.19921875,0
2026-07-31 14:00:00+05:30,24413.05078125,24413.75,24386.0,24402.650390625,0
2026-07-31 14:15:00+05:30,24403.5,24407.05078125,24390.150390625,24394.30078125,0
2026-07-31 14:30:00+05:30,24395.80078125,24401.900390625,24357.099609375,24361.849609375,0
2026-07-31 14:45:00+05:30,24361.650390625,24375.05078125,24355.05078125,24360.55078125,0
2026-07-31 15:00:00+05:30,24361.19921875,24399.150390625,24361.19921875,24390.19921875,0
2026-07-31 15:15:00+05:30,24391.30078125,24392.400390625,24359.650390625,24366.69921875,0
2026-08-03 09:15:00+05:30,24568.0,24568.0,24515.5,24550.19921875,0
2026-08-03 09:30:00+05:30,24550.25,24560.44921875,24541.80078125,24558.05078125,0
2026-08-03 09:45:00+05:30,24558.44921875,24571.599609375,24545.75,24564.69921875,0
2026-08-03 10:00:00+05:30,24564.099609375,24581.69921875,24559.05078125,24579.19921875,0
2026-08-03 10:15:00+05:30,24579.0,24592.44921875,24572.80078125,24580.80078125,0
2026-08-03 10:30:00+05:30,24580.150390625,24585.69921875,24562.69921875,24583.650390625,0
2026-08-03 10:45:00+05:30,24583.75,24595.44921875,24579.44921875,24586.44921875,0
2026-08-03 11:00:00+05:30,24586.900390625,24602.400390625,24584.900390625,24589.44921875,0
2026-08-03 11:15:00+05:30,24588.94921875,24600.94921875,24586.05078125,24591.75,0
2026-08-03 11:30:00+05:30,24591.849609375,24600.30078125,24579.80078125,24592.30078125,0
2026-08-03 11:45:00+05:30,24592.5,24605.5,24584.80078125,24592.0,0
2026-08-03 12:00:00+05:30,24591.55078125,24602.599609375,24585.69921875,24601.30078125,0
2026-08-03 12:15:00+05:30,24601.30078125,24609.44921875,24598.05078125,24604.05078125,0
2026-08-03 12:30:00+05:30,24604.44921875,24606.55078125,24584.400390625,24593.0,0
2026-08-03 12:45:00+05:30,24594.650390625,24602.150390625,24570.150390625,24584.650390625,0
2026-08-03 13:00:00+05:30,24584.19921875,24585.94921875,24575.75,24577.69921875,0
2026-08-03 13:15:00+05:30,24578.19921875,24592.05078125,24576.05078125,24589.69921875,0
2026-08-03 13:30:00+05:30,24589.25,24606.05078125,24581.19921875,24596.099609375,0
2026-08-03 13:45:00+05:30,24595.19921875,24601.150390625,24581.69921875,24586.80078125,0
2026-08-03 14:00:00+05:30,24586.69921875,24595.05078125,24583.5,24593.5,0
2026-08-03 14:15:00+05:30,24594.5,24595.05078125,24577.69921875,24589.849609375,0
2026-08-03 14:30:00+05:30,24589.44921875,24602.0,24585.400390625,24597.55078125,0
2026-08-03 14:45:00+05:30,24598.349609375,24602.75,24588.849609375,24595.0,0
2026-08-03 15:00:00+05:30,24594.849609375,24596.55078125,24554.19921875,24573.55078125,0
2026-08-03 15:15:00+05:30,24573.349609375,24774.30078125,24573.349609375,24774.30078125,0
2026-08-04 09:15:00+05:30,24666.650390625,24666.650390625,24591.30078125,24597.599609375,0
2026-08-04 09:30:00+05:30,24598.5,24629.55078125,24589.80078125,24623.599609375,0
2026-08-04 09:45:00+05:30,24623.69921875,24647.650390625,24621.849609375,24631.55078125,0
2026-08-04 10:00:00+05:30,24633.80078125,24634.75,24607.44921875,24615.5,0
2026-08-04 10:15:00+05:30,24617.599609375,24620.75,24588.400390625,24592.80078125,0
2026-08-04 10:30:00+05:30,24594.150390625,24594.94921875,24578.650390625,24582.0,0
2026-08-04 10:45:00+05:30,24583.94921875,24588.900390625,24569.05078125,24575.400390625,0
2026-08-04 11:00:00+05:30,24577.94921875,24593.69921875,24576.150390625,24590.900390625,0
2026-08-04 11:15:00+05:30,24591.849609375,24598.80078125,24575.599609375,24577.05078125,0
2026-08-04 11:30:00+05:30,24578.19921875,24579.55078125,24553.900390625,24555.44921875,0
2026-08-04 11:45:00+05:30,24557.5,24557.5,24522.05078125,24524.150390625,0
2026-08-04 12:00:00+05:30,24524.75,24529.099609375,24496.94921875,24511.30078125,0
2026-08-04 12:15:00+05:30,24513.400390625,24524.349609375,24505.400390625,24515.69921875,0
2026-08-04 12:30:00+05:30,24517.650390625,24519.650390625,24488.150390625,24493.349609375,0
2026-08-04 12:45:00+05:30,24495.0,24509.80078125,24489.349609375,24491.75,0
2026-08-04 13:00:00+05:30,24493.400390625,24500.849609375,24477.349609375,24479.599609375,0
2026-08-04 13:15:00+05:30,24481.69921875,24493.44921875,24469.349609375,24471.19921875,0
2026-08-04 13:30:00+05:30,24473.5,24474.0,24453.80078125,24453.80078125,0
2026-08-04 13:45:00+05:30,24454.80078125,24468.44921875,24428.19921875,24448.900390625,0
2026-08-04 14:00:00+05:30,24450.599609375,24463.30078125,24436.150390625,24462.349609375,0
2026-08-04 14:15:00+05:30,24463.80078125,24494.30078125,24460.44921875,24470.5,0
2026-08-04 14:30:00+05:30,24470.099609375,24490.30078125,24456.30078125,24456.650390625,0
2026-08-04 14:45:00+05:30,24459.400390625,24481.44921875,24455.94921875,24465.849609375,0
2026-08-04 15:00:00+05:30,24469.099609375,24474.30078125,24443.599609375,24462.94921875,0
2026-08-04 15:15:00+05:30,24463.44921875,24614.900390625,24463.44921875,24614.900390625,0
2026-08-05 09:15:00+05:30,24669.19921875,24669.19921875,24611.44921875,24621.44921875,0
2026-08-05 09:30:00+05:30,24621.400390625,24635.94921875,24604.94921875,24627.94921875,0
2026-08-05 09:45:00+05:30,24628.05078125,24631.69921875,24581.69921875,24594.05078125,0
2026-08-05 10:00:00+05:30,24594.25,24623.19921875,24588.44921875,24620.900390625,0
2026-08-05 10:15:00+05:30,24621.25,24621.75,24580.69921875,24582.400390625,0
2026-08-05 10:30:00+05:30,24582.150390625,24605.05078125,24562.400390625,24594.400390625,0
2026-08-05 10:45:00+05:30,24594.400390625,24644.75,24593.900390625,24643.05078125,0
2026-08-05 11:00:00+05:30,24643.5,24662.599609375,24617.900390625,24631.400390625,0
2026-08-05 11:15:00+05:30,24631.44921875,24637.650390625,24608.0,24611.25,0
2026-08-05 11:30:00+05:30,24610.94921875,24612.25,24586.5,24594.400390625,0
2026-08-05 11:45:00+05:30,24594.400390625,24595.75,24561.75,24570.94921875,0
2026-08-05 12:00:00+05:30,24570.05078125,24579.05078125,24564.75,24573.599609375,0
2026-08-05 12:15:00+05:30,24572.849609375,24580.349609375,24560.94921875,24566.900390625,0
2026-08-05 12:30:00+05:30,24566.900390625,24568.30078125,24525.94921875,24532.05078125,0
2026-08-05 12:45:00+05:30,24531.849609375,24535.099609375,24515.650390625,24516.099609375,0
2026-08-05 13:00:00+05:30,24516.349609375,24540.099609375,24508.44921875,24535.05078125,0
2026-08-05 13:15:00+05:30,24534.94921875,24559.30078125,24515.75,24528.69921875,0
2026-08-05 13:30:00+05:30,24528.55078125,24535.099609375,24498.69921875,24503.150390625,0
2026-08-05 13:45:00+05:30,24502.94921875,24532.5,24502.099609375,24514.55078125,0
2026-08-05 14:00:00+05:30,24514.44921875,24534.30078125,24512.599609375,24513.650390625,0
2026-08-05 14:15:00+05:30,24513.25,24516.80078125,24498.25,24504.5,0
2026-08-05 14:30:00+05:30,24504.75,24520.349609375,24500.75,24505.69921875,0
2026-08-05 14:45:00+05:30,24505.0,24530.80078125,24503.849609375,24524.19921875,0
2026-08-05 15:00:00+05:30,24523.80078125,24575.75,24517.30078125,24572.25,0
2026-08-05 15:15:00+05:30,24570.19921875,24624.650390625,24570.19921875,24624.650390625,0
2026-08-06 09:15:00+05:30,24632.69921875,24646.900390625,24607.75,24635.25,0
2026-08-06 09:30:00+05:30,24637.75,24649.30078125,24620.650390625,24645.150390625,0
2026-08-06 09:45:00+05:30,24647.900390625,24664.94921875,24635.30078125,24636.349609375,0
2026-08-06 10:00:00+05:30,24637.55078125,24638.900390625,24605.94921875,24630.849609375,0
2026-08-06 10:15:00+05:30,24631.75,24639.69921875,24617.75,24635.69921875,0
2026-08-06 10:30:00+05:30,24636.55078125,24643.349609375,24630.349609375,24636.650390625,0
2026-08-06 10:45:00+05:30,24637.0,24640.599609375,24616.099609375,24630.69921875,0
2026-08-06 11:00:00+05:30,24630.900390625,24655.599609375,24621.599609375,24652.44921875,0
2026-08-06 11:15:00+05:30,24653.80078125,24674.80078125,24647.900390625,24672.55078125,0
2026-08-06 11:30:00+05:30,24674.0,24676.80078125,24628.94921875,24633.650390625,0
2026-08-06 11:45:00+05:30,24633.75,24664.349609375,24626.900390625,24659.900390625,0
2026-08-06 12:00:00+05:30,24660.55078125,24661.80078125,24638.30078125,24643.150390625,0
2026-08-06 12:15:00+05:30,24644.19921875,24660.75,24627.19921875,24637.05078125,0
2026-08-06 12:30:00+05:30,24637.349609375,24651.099609375,24636.400390625,24646.25,0
2026-08-06 12:45:00+05:30,24646.19921875,24648.44921875,24622.05078125,24629.05078125,0
2026-08-06 13:00:00+05:30,24629.25,24650.94921875,24621.25,24622.19921875,0
2026-08-06 13:15:00+05:30,24623.0,24655.900390625,24611.849609375,24628.0,0
2026-08-06 13:30:00+05:30,24628.05078125,24659.650390625,24626.0,24633.05078125,0
2026-08-06 13:45:00+05:30,24634.55078125,24649.75,24606.900390625,24647.25,0
2026-08-06 14:00:00+05:30,24646.25,24658.5,24634.099609375,24651.099609375,0
2026-08-06 14:15:00+05:30,24651.849609375,24662.80078125,24649.349609375,24654.900390625,0
2026-08-06 14:30:00+05:30,24655.44921875,24659.44921875,24632.650390625,24638.349609375,0
2026-08-06 14:45:00+05:30,24639.55078125,24647.55078125,24629.349609375,24633.0,0
2026-08-06 15:00:00+05:30,24633.19921875,24642.05078125,24614.69921875,24628.5,0
2026-08-06 15:15:00+05:30,24627.94921875,24636.0,24627.94921875,24636.0,0
2026-08-07 09:15:00+05:30,24535.05078125,24620.0,24535.05078125,24601.599609375,0
2026-08-07 09:30:00+05:30,24604.0,24618.650390625,24593.25,24618.0,0
2026-08-07 09:45:00+05:30,24618.19921875,24629.80078125,24600.80078125,24626.5,0
2026-08-07 10:00:00+05:30,24625.80078125,24627.05078125,24594.0,24599.69921875,0
2026-08-07 10:15:00+05:30,24599.150390625,24601.650390625,24562.94921875,24566.900390625,0
2026-08-07 10:30:00+05:30,24566.55078125,24576.599609375,24561.30078125,24569.349609375,0
2026-08-07 10:45:00+05:30,24569.5,24586.5,24569.400390625,24570.349609375,0
2026-08-07 11:00:00+05:30,24572.150390625,24575.25,24552.25,24567.599609375,0
2026-08-07 11:15:00+05:30,24569.099609375,24591.599609375,24558.44921875,24584.80078125,0
2026-08-07 11:30:00+05:30,24584.75,24589.5,24575.099609375,24579.349609375,0
2026-08-07 11:45:00+05:30,24581.5,24581.900390625,24550.650390625,24560.94921875,0
2026-08-07 12:00:00+05:30,24562.5,24563.44921875,24540.150390625,24540.69921875,0
2026-08-07 12:15:00+05:30,24541.150390625,24558.400390625,24532.900390625,24549.5,0
2026-08-07 12:30:00+05:30,24550.0,24562.44921875,24544.80078125,24557.05078125,0
2026-08-07 12:45:00+05:30,24559.349609375,24570.05078125,24551.30078125,24554.599609375,0
2026-08-07 13:00:00+05:30,24553.650390625,24567.25,24546.69921875,24547.0,0
2026-08-07 13:15:00+05:30,24547.0,24573.5,24546.099609375,24565.94921875,0
2026-08-07 13:30:00+05:30,24567.55078125,24568.44921875,24545.349609375,24548.5,0
2026-08-07 13:45:00+05:30,24550.69921875,24590.5,24547.69921875,24563.94921875,0
2026-08-07 14:00:00+05:30,24565.849609375,24579.650390625,24522.900390625,24526.849609375,0
2026-08-07 14:15:00+05:30,24526.849609375,24547.099609375,24523.150390625,24534.19921875,0
2026-08-07 14:30:00+05:30,24534.099609375,24549.599609375,24526.150390625,24538.25,0
2026-08-07 14:45:00+05:30,24537.900390625,24561.44921875,24528.55078125,24541.80078125,0
2026-08-07 15:00:00+05:30,24542.150390625,24565.099609375,24541.599609375,24558.94921875,0
2026-08-07 15:15:00+05:30,24554.55078125,24570.650390625,24554.55078125,24570.650390625,0
2026-08-10 09:15:00+05:30,24584.05078125,24620.55078125,24555.25,24555.900390625,0
2026-08-10 09:30:00+05:30,24557.900390625,24560.900390625,24511.30078125,24521.150390625,0
2026-08-10 09:45:00+05:30,24521.75,24542.80078125,24518.44921875,24534.25,0
2026-08-10 10:00:00+05:30,24536.349609375,24551.400390625,24530.25,24544.75,0
2026-08-10 10:15:00+05:30,24545.900390625,24595.400390625,24545.599609375,24594.80078125,0
2026-08-10 10:30:00+05:30,24595.19921875,24605.349609375,24584.849609375,24603.650390625,0
2026-08-10 10:45:00+05:30,24604.099609375,24614.400390625,24585.849609375,24588.19921875,0
2026-08-10 11:00:00+05:30,24588.80078125,24602.69921875,24586.19921875,24602.349609375,0
2026-08-10 11:15:00+05:30,24602.900390625,24610.44921875,24592.650390625,24603.900390625,0
2026-08-10 11:30:00+05:30,24604.25,24604.94921875,24581.05078125,24583.150390625,0
2026-08-10 11:45:00+05:30,24583.5,24599.400390625,24574.650390625,24588.19921875,0
2026-08-10 12:00:00+05:30,24588.900390625,24609.900390625,24584.25,24606.80078125,0
2026-08-10 12:15:00+05:30,24606.599609375,24618.900390625,24601.30078125,24610.599609375,0
2026-08-10 12:30:00+05:30,24610.349609375,24616.900390625,24598.099609375,24598.25,0
2026-08-10 12:45:00+05:30,24599.400390625,24603.75,24583.75,24587.75,0
2026-08-10 13:00:00+05:30,24587.099609375,24596.0,24571.349609375,24573.55078125,0
2026-08-10 13:15:00+05:30,24573.099609375,24595.349609375,24573.099609375,24589.80078125,0
2026-08-10 13:30:00+05:30,24590.55078125,24608.5,24587.650390625,24606.349609375,0
2026-08-10 13:45:00+05:30,24606.650390625,24610.30078125,24591.099609375,24591.849609375,0
2026-08-10 14:00:00+05:30,24591.80078125,24605.349609375,24582.5,24587.55078125,0
2026-08-10 14:15:00+05:30,24587.94921875,24594.400390625,24583.150390625,24586.75,0
2026-08-10 14:30:00+05:30,24586.75,24591.0,24565.55078125,24572.5,0
2026-08-10 14:45:00+05:30,24572.55078125,24572.55078125,24549.0,24567.849609375,0
2026-08-10 15:00:00+05:30,24566.55078125,24575.30078125,24543.05078125,24560.05078125,0
2026-08-10 15:15:00+05:30,24560.150390625,24583.80078125,24560.150390625,24583.80078125,0
2026-08-11 09:15:00+05:30,24575.5,24575.5,24487.400390625,24487.400390625,0
2026-08-11 09:30:00+05:30,24486.900390625,24497.599609375,24468.400390625,24479.25,0
2026-08-11 09:45:00+05:30,24480.55078125,24487.55078125,24461.0,24486.849609375,0
2026-08-11 10:00:00+05:30,24486.400390625,24491.849609375,24472.599609375,24473.0,0
2026-08-11 10:15:00+05:30,24473.5,24484.80078125,24463.599609375,24479.0,0
2026-08-11 10:30:00+05:30,24479.150390625,24485.0,24471.5,24474.75,0
2026-08-11 10:45:00+05:30,24474.400390625,24481.0,24464.849609375,24469.0,0
2026-08-11 11:00:00+05:30,24469.55078125,24471.25,24440.400390625,24451.25,0
2026-08-11 11:15:00+05:30,24450.94921875,24455.69921875,24437.55078125,24442.599609375,0
2026-08-11 11:30:00+05:30,24442.80078125,24452.30078125,24436.94921875,24448.599609375,0
2026-08-11 11:45:00+05:30,24448.75,24456.44921875,24435.650390625,24444.05078125,0
2026-08-11 12:00:00+05:30,24444.099609375,24450.75,24429.25,24444.650390625,0
2026-08-11 12:15:00+05:30,24444.0,24449.0,24430.349609375,24439.650390625,0
2026-08-11 12:30:00+05:30,24439.349609375,24452.400390625,24433.5,24451.19921875,0
2026-08-11 12:45:00+05:30,24451.94921875,24461.75,24439.55078125,24440.5,0
2026-08-11 13:00:00+05:30,24440.650390625,24466.650390625,24438.900390625,24453.150390625,0
2026-08-11 13:15:00+05:30,24453.349609375,24474.900390625,24441.80078125,24455.05078125,0
2026-08-11 13:30:00+05:30,24454.94921875,24471.44921875,24451.25,24460.55078125,0
2026-08-11 13:45:00+05:30,24460.650390625,24469.099609375,24445.80078125,24450.150390625,0
2026-08-11 14:00:00+05:30,24451.0,24466.150390625,24441.099609375,24462.55078125,0
2026-08-11 14:15:00+05:30,24464.19921875,24470.0,24447.30078125,24449.150390625,0
2026-08-11 14:30:00+05:30,24450.150390625,24455.650390625,24435.05078125,24448.05078125,0
2026-08-11 14:45:00+05:30,24450.30078125,24469.19921875,24448.0,24464.19921875,0
2026-08-11 15:00:00+05:30,24465.30078125,24476.44921875,24442.650390625,24450.0,0
2026-08-11 15:15:00+05:30,24450.25,24471.69921875,24450.25,24471.69921875,0
2026-08-12 09:15:00+05:30,24472.44921875,24472.44921875,24390.900390625,24457.25,0
2026-08-12 09:30:00+05:30,24457.400390625,24458.55078125,24420.80078125,24428.150390625,0
2026-08-12 09:45:00+05:30,24428.0,24428.849609375,24376.55078125,24377.94921875,0
2026-08-12 10:00:00+05:30,24378.55078125,24379.5,24357.599609375,24365.30078125,0
2026-08-12 10:15:00+05:30,24365.099609375,24383.349609375,24359.25,24371.900390625,0
2026-08-12 10:30:00+05:30,24371.5,24400.94921875,24370.19921875,24375.650390625,0
2026-08-12 10:45:00+05:30,24375.650390625,24376.150390625,24309.400390625,24318.30078125,0
2026-08-12 11:00:00+05:30,24318.650390625,24322.69921875,24293.69921875,24302.400390625,0
2026-08-12 11:15:00+05:30,24302.900390625,24318.80078125,24293.099609375,24296.94921875,0
2026-08-12 11:30:00+05:30,24297.05078125,24304.69921875,24278.5,24293.69921875,0
2026-08-12 11:45:00+05:30,24294.19921875,24298.05078125,24271.25,24279.55078125,0
2026-08-12 12:00:00+05:30,24279.650390625,24282.25,24265.94921875,24267.099609375,0
2026-08-12 12:15:00+05:30,24267.099609375,24282.80078125,24266.400390625,24281.30078125,0
2026-08-12 12:30:00+05:30,24282.099609375,24303.19921875,24275.25,24283.099609375,0
2026-08-12 12:45:00+05:30,24283.19921875,24289.75,24270.150390625,24275.900390625,0
2026-08-12 13:00:00+05:30,24276.55078125,24288.400390625,24272.900390625,24287.94921875,0
2026-08-12 13:15:00+05:30,24288.25,24300.69921875,24282.0,24291.55078125,0
2026-08-12 13:30:00+05:30,24292.849609375,24301.44921875,24285.55078125,24289.30078125,0
2026-08-12 13:45:00+05:30,24289.69921875,24292.400390625,24280.0,24286.44921875,0
2026-08-12 14:00:00+05:30,24286.400390625,24288.900390625,24275.400390625,24278.400390625,0
2026-08-12 14:15:00+05:30,24278.19921875,24300.69921875,24277.44921875,24297.5,0
2026-08-12 14:30:00+05:30,24298.55078125,24334.69921875,24297.75,24325.94921875,0
2026-08-12 14:45:00+05:30,24326.0,24384.900390625,24316.75,24370.05078125,0
2026-08-12 15:00:00+05:30,24371.150390625,24375.55078125,24341.80078125,24369.30078125,0
2026-08-12 15:15:00+05:30,24361.69921875,24435.94921875,24361.69921875,24435.94921875,0
2026-08-13 09:15:00+05:30,24428.900390625,24428.900390625,24326.75,24339.150390625,0
2026-08-13 09:30:00+05:30,24342.05078125,24350.94921875,24316.5,24346.349609375,0
2026-08-13 09:45:00+05:30,24347.5,24356.650390625,24336.650390625,24351.55078125,0
2026-08-13 10:00:00+05:30,24351.80078125,24354.55078125,24330.30078125,24343.55078125,0
2026-08-13 10:15:00+05:30,24346.25,24346.25,24318.19921875,24319.150390625,0
2026-08-13 10:30:00+05:30,24320.400390625,24332.80078125,24311.44921875,24330.80078125,0
2026-08-13 10:45:00+05:30,24331.099609375,24348.650390625,24326.69921875,24338.25,0
2026-08-13 11:00:00+05:30,24339.849609375,24340.0,24314.30078125,24319.05078125,0
2026-08-13 11:15:00+05:30,24319.849609375,24339.599609375,24317.80078125,24338.80078125,0
2026-08-13 11:30:00+05:30,24339.650390625,24363.349609375,24338.099609375,24350.05078125,0
2026-08-13 11:45:00+05:30,24350.650390625,24386.80078125,24346.849609375,24386.44921875,0
2026-08-13 12:00:00+05:30,24387.599609375,24414.900390625,24386.30078125,24395.650390625,0
2026-08-13 12:15:00+05:30,24397.400390625,24403.55078125,24388.25,24393.349609375,0
2026-08-13 12:30:00+05:30,24395.80078125,24401.25,24385.599609375,24391.69921875,0
2026-08-13 12:45:00+05:30,24393.55078125,24393.55078125,24361.349609375,24369.150390625,0
2026-08-13 13:00:00+05:30,24370.150390625,24371.849609375,24353.599609375,24362.25,0
2026-08-13 13:15:00+05:30,24364.599609375,24372.80078125,24348.849609375,24356.75,0
2026-08-13 13:30:00+05:30,24358.55078125,24388.0,24348.80078125,24383.80078125,0
2026-08-13 13:45:00+05:30,24385.05078125,24396.55078125,24370.650390625,24394.150390625,0
2026-08-13 14:00:00+05:30,24395.5,24395.75,24353.150390625,24356.05078125,0
2026-08-13 14:15:00+05:30,24356.400390625,24377.5,24349.19921875,24371.650390625,0
2026-08-13 14:30:00+05:30,24373.5,24375.5,24353.099609375,24359.849609375,0
2026-08-13 14:45:00+05:30,24362.44921875,24362.44921875,24336.5,24344.44921875,0
2026-08-13 15:00:00+05:30,24345.55078125,24364.5,24339.25,24352.69921875,0
2026-08-13 15:15:00+05:30,24353.349609375,24395.849609375,24353.349609375,24395.849609375,0
2026-08-14 09:15:00+05:30,24363.75,24363.75,24307.19921875,24309.099609375,0
2026-08-14 09:30:00+05:30,24309.44921875,24345.19921875,24304.599609375,24332.05078125,0
2026-08-14 09:45:00+05:30,24333.150390625,24346.80078125,24322.55078125,24343.55078125,0
2026-08-14 10:00:00+05:30,24343.55078125,24359.19921875,24340.650390625,24345.44921875,0
2026-08-14 10:15:00+05:30,24345.150390625,24347.0,24329.55078125,24331.25,0
2026-08-14 10:30:00+05:30,24331.900390625,24332.25,24298.349609375,24324.69921875,0
2026-08-14 10:45:00+05:30,24325.25,24338.69921875,24312.0,24312.19921875,0
2026-08-14 11:00:00+05:30,24313.05078125,24322.349609375,24306.400390625,24315.0,0
2026-08-14 11:15:00+05:30,24315.5,24332.25,24313.44921875,24315.80078125,0
2026-08-14 11:30:00+05:30,24315.69921875,24330.69921875,24309.400390625,24327.69921875,0
2026-08-14 11:45:00+05:30,24328.0,24336.94921875,24321.94921875,24326.900390625,0
2026-08-14 12:00:00+05:30,24328.19921875,24345.55078125,24319.25,24341.44921875,0
2026-08-14 12:15:00+05:30,24342.0,24354.650390625,24339.900390625,24347.30078125,0
2026-08-14 12:30:00+05:30,24346.80078125,24347.94921875,24333.44921875,24335.849609375,0
2026-08-14 12:45:00+05:30,24336.650390625,24353.30078125,24334.80078125,24349.55078125,0
2026-08-14 13:00:00+05:30,24349.400390625,24352.150390625,24340.44921875,24346.849609375,0
2026-08-14 13:15:00+05:30,24347.0,24348.80078125,24337.30078125,24340.55078125,0
2026-08-14 13:30:00+05:30,24340.19921875,24358.30078125,24327.349609375,24357.349609375,0
2026-08-14 13:45:00+05:30,24357.400390625,24397.80078125,24356.80078125,24395.0,0
2026-08-14 14:00:00+05:30,24395.0,24405.19921875,24382.5,24383.55078125,0
2026-08-14 14:15:00+05:30,24383.19921875,24389.19921875,24369.650390625,24371.599609375,0
2026-08-14 14:30:00+05:30,24372.599609375,24375.0,24366.400390625,24369.44921875,0
2026-08-14 14:45:00+05:30,24370.0,24384.400390625,24364.75,24374.599609375,0
2026-08-14 15:00:00+05:30,24374.25,24382.25,24354.44921875,24354.44921875,0
2026-08-14 15:15:00+05:30,24354.849609375,24366.0,24354.849609375,24366.0,0
2026-08-17 09:15:00+05:30,24343.44921875,24357.599609375,24283.05078125,24306.349609375,0
2026-08-17 09:30:00+05:30,24306.05078125,24312.44921875,24281.44921875,24301.0,0
2026-08-17 09:45:00+05:30,24301.349609375,24309.25,24283.849609375,24283.849609375,0
2026-08-17 10:00:00+05:30,24283.94921875,24295.650390625,24277.400390625,24281.5,0
2026-08-17 10:15:00+05:30,24281.44921875,24283.900390625,24250.0,24260.30078125,0
2026-08-17 10:30:00+05:30,24260.44921875,24261.900390625,24235.55078125,24238.75,0
2026-08-17 10:45:00+05:30,24239.19921875,24247.44921875,24228.44921875,24238.19921875,0
2026-08-17 11:00:00+05:30,24237.55078125,24246.599609375,24231.44921875,24236.44921875,0
2026-08-17 11:15:00+05:30,24236.19921875,24243.599609375,24226.94921875,24240.0,0
2026-08-17 11:30:00+05:30,24239.849609375,24248.349609375,24234.25,24244.69921875,0
2026-08-17 11:45:00+05:30,24244.75,24275.25,24242.099609375,24271.69921875,0
2026-08-17 12:00:00+05:30,24271.650390625,24275.650390625,24256.55078125,24270.75,0
2026-08-17 12:15:00+05:30,24270.75,24292.0,24269.80078125,24290.80078125,0
2026-08-17 12:30:00+05:30,24289.94921875,24306.75,24286.099609375,24303.5,0
2026-08-17 12:45:00+05:30,24303.19921875,24336.69921875,24302.400390625,24333.94921875,0
2026-08-17 13:00:00+05:30,24334.0,24354.30078125,24332.5,24346.349609375,0
2026-08-17 13:15:00+05:30,24346.599609375,24356.150390625,24342.099609375,24351.849609375,0
2026-08-17 13:30:00+05:30,24352.94921875,24359.30078125,24339.80078125,24353.25,0
2026-08-17 13:45:00+05:30,24353.650390625,24359.349609375,24332.44921875,24337.75,0
2026-08-17 14:00:00+05:30,24338.30078125,24346.75,24329.5,24331.0,0
2026-08-17 14:15:00+05:30,24331.150390625,24343.05078125,24322.55078125,24326.150390625,0
2026-08-17 14:30:00+05:30,24326.75,24337.900390625,24317.900390625,24334.349609375,0
2026-08-17 14:45:00+05:30,24335.400390625,24346.05078125,24330.94921875,24338.19921875,0
2026-08-17 15:00:00+05:30,24337.69921875,24359.900390625,24330.69921875,24341.900390625,0
2026-08-17 15:15:00+05:30,24339.599609375,24339.80078125,24287.650390625,24287.650390625,0
2026-08-18 09:15:00+05:30,24223.05078125,24269.5,24214.599609375,24245.099609375,0
2026-08-18 09:30:00+05:30,24246.400390625,24249.19921875,24220.650390625,24224.55078125,0
2026-08-18 09:45:00+05:30,24226.150390625,24241.349609375,24214.849609375,24234.5,0
2026-08-18 10:00:00+05:30,24234.099609375,24234.599609375,24213.0,24220.19921875,0
2026-08-18 10:15:00+05:30,24221.099609375,24231.05078125,24208.150390625,24225.849609375,0
2026-08-18 10:30:00+05:30,24227.0,24233.400390625,24210.05078125,24214.80078125,0
2026-08-18 10:45:00+05:30,24216.150390625,24216.400390625,24187.650390625,24200.25,0
2026-08-18 11:00:00+05:30,24201.94921875,24211.5,24194.849609375,24202.349609375,0
2026-08-18 11:15:00+05:30,24203.75,24208.55078125,24182.55078125,24182.650390625,0
2026-08-18 11:30:00+05:30,24183.75,24201.900390625,24174.5,24198.400390625,0
2026-08-18 11:45:00+05:30,24198.349609375,24214.400390625,24195.900390625,24206.80078125,0
2026-08-18 12:00:00+05:30,24208.30078125,24220.80078125,24201.849609375,24212.94921875,0
2026-08-18 12:15:00+05:30,24213.19921875,24217.400390625,24203.650390625,24212.80078125,0
2026-08-18 12:30:00+05:30,24213.25,24220.349609375,24196.0,24198.05078125,0
2026-08-18 12:45:00+05:30,24198.0,24210.69921875,24194.44921875,24199.05078125,0
2026-08-18 13:00:00+05:30,24200.0,24204.900390625,24185.599609375,24202.599609375,0
2026-08-18 13:15:00+05:30,24204.5,24210.69921875,24198.650390625,24207.849609375,0
2026-08-18 13:30:00+05:30,24208.349609375,24209.0,24190.099609375,24202.0,0
2026-08-18 13:45:00+05:30,24202.650390625,24207.599609375,24187.900390625,24190.80078125,0
2026-08-18 14:00:00+05:30,24192.94921875,24209.5,24189.19921875,24195.55078125,0
2026-08-18 14:15:00+05:30,24196.94921875,24203.5,24181.75,24199.099609375,0
2026-08-18 14:30:00+05:30,24201.099609375,24207.5,24191.849609375,24205.19921875,0
2026-08-18 14:45:00+05:30,24206.0,24221.099609375,24198.900390625,24214.30078125,0
2026-08-18 15:00:00+05:30,24216.599609375,24230.75,24165.80078125,24165.80078125,0
2026-08-18 15:15:00+05:30,24166.349609375,24166.349609375,24154.900390625,24154.900390625,0
2026-08-19 09:15:00+05:30,24163.05078125,24166.94921875,24093.25,24096.75,0
2026-08-19 09:30:00+05:30,24098.25,24099.0,24065.5,24084.55078125,0
2026-08-19 09:45:00+05:30,24085.349609375,24108.44921875,24079.55078125,24097.80078125,0
2026-08-19 10:00:00+05:30,24097.150390625,24107.80078125,24085.150390625,24091.80078125,0
2026-08-19 10:15:00+05:30,24093.25,24094.5,24063.19921875,24065.19921875,0
2026-08-19 10:30:00+05:30,24066.400390625,24066.400390625,24043.400390625,24058.400390625,0
2026-08-19 10:45:00+05:30,24060.099609375,24068.30078125,24048.650390625,24056.099609375,0
2026-08-19 11:00:00+05:30,24058.94921875,24059.19921875,24028.19921875,24048.5,0
2026-08-19 11:15:00+05:30,24051.650390625,24062.25,24045.30078125,24054.349609375,0
2026-08-19 11:30:00+05:30,24056.75,24059.0,24042.650390625,24052.44921875,0
2026-08-19 11:45:00+05:30,24054.5,24082.19921875,24049.75,24078.30078125,0
2026-08-19 12:00:00+05:30,24080.349609375,24081.150390625,24050.25,24052.80078125,0
2026-08-19 12:15:00+05:30,24054.05078125,24067.150390625,24050.94921875,24059.849609375,0
2026-08-19 12:30:00+05:30,24061.55078125,24062.099609375,24048.44921875,24055.30078125,0
2026-08-19 12:45:00+05:30,24056.94921875,24057.75,24046.94921875,24055.30078125,0
2026-08-19 13:00:00+05:30,24056.19921875,24066.150390625,24045.150390625,24046.150390625,0
2026-08-19 13:15:00+05:30,24048.0,24051.19921875,24038.0,24041.099609375,0
2026-08-19 13:30:00+05:30,24042.5,24050.599609375,24037.75,24042.19921875,0
2026-08-19 13:45:00+05:30,24044.349609375,24052.69921875,24035.69921875,24044.94921875,0
2026-08-19 14:00:00+05:30,24046.5,24064.55078125,24044.25,24051.349609375,0
2026-08-19 14:15:00+05:30,24052.349609375,24054.05078125,24026.099609375,24039.05078125,0
2026-08-19 14:30:00+05:30,24040.44921875,24087.05078125,24037.900390625,24049.0,0
2026-08-19 14:45:00+05:30,24049.44921875,24058.599609375,24039.75,24053.099609375,0
2026-08-19 15:00:00+05:30,24052.75,24065.349609375,24034.19921875,24048.55078125,0
2026-08-19 15:15:00+05:30,24048.55078125,24078.30078125,24048.55078125,24078.30078125,0
2026-08-20 09:15:00+05:30,24225.19921875,24225.19921875,24185.099609375,24190.80078125,0
2026-08-20 09:30:00+05:30,24190.94921875,24212.849609375,24185.099609375,24210.94921875,0
2026-08-20 09:45:00+05:30,24211.05078125,24215.05078125,24195.94921875,24203.80078125,0
2026-08-20 10:00:00+05:30,24204.05078125,24221.900390625,24199.69921875,24221.849609375,0
2026-08-20 10:15:00+05:30,24220.75,24226.69921875,24207.25,24210.150390625,0
2026-08-20 10:30:00+05:30,24209.650390625,24215.349609375,24201.25,24211.849609375,0
2026-08-20 10:45:00+05:30,24211.44921875,24218.099609375,24203.900390625,24212.55078125,0
2026-08-20 11:00:00+05:30,24212.5,24223.55078125,24202.5,24204.400390625,0
2026-08-20 11:15:00+05:30,24204.75,24207.69921875,24194.19921875,24201.0,0
2026-08-20 11:30:00+05:30,24200.75,24217.400390625,24200.099609375,24212.349609375,0
2026-08-20 11:45:00+05:30,24212.099609375,24220.5,24209.94921875,24216.599609375,0
2026-08-20 12:00:00+05:30,24216.55078125,24219.80078125,24210.150390625,24214.75,0
2026-08-20 12:15:00+05:30,24214.55078125,24223.0,24208.150390625,24213.75,0
2026-08-20 12:30:00+05:30,24213.75,24221.849609375,24207.400390625,24217.19921875,0
2026-08-20 12:45:00+05:30,24216.900390625,24263.94921875,24216.05078125,24244.25,0
2026-08-20 13:00:00+05:30,24244.150390625,24251.69921875,24239.05078125,24246.80078125,0
2026-08-20 13:15:00+05:30,24247.150390625,24251.75,24237.150390625,24247.55078125,0
2026-08-20 13:30:00+05:30,24246.849609375,24252.150390625,24238.400390625,24246.05078125,0
2026-08-20 13:45:00+05:30,24245.099609375,24249.849609375,24231.19921875,24232.94921875,0
2026-08-20 14:00:00+05:30,24231.69921875,24241.650390625,24227.25,24238.44921875,0
2026-08-20 14:15:00+05:30,24238.05078125,24246.30078125,24223.30078125,24245.80078125,0
2026-08-20 14:30:00+05:30,24244.849609375,24249.55078125,24236.0,24237.0,0
2026-08-20 14:45:00+05:30,24237.0,24240.900390625,24231.150390625,24238.099609375,0
2026-08-20 15:00:00+05:30,24238.05078125,24240.69921875,24205.30078125,24212.349609375,0
2026-08-20 15:15:00+05:30,24211.599609375,24231.849609375,24211.599609375,24231.849609375,0
2026-08-21 09:15:00+05:30,24282.0,24282.0,24210.80078125,24230.80078125,0
2026-08-21 09:30:00+05:30,24230.94921875,24247.849609375,24206.94921875,24243.849609375,0
2026-08-21 09:45:00+05:30,24243.900390625,24256.400390625,24238.599609375,24246.900390625,0
2026-08-21 10:00:00+05:30,24246.900390625,24253.650390625,24224.599609375,24235.69921875,0
2026-08-21 10:15:00+05:30,24235.55078125,24256.849609375,24229.349609375,24255.0,0
2026-08-21 10:30:00+05:30,24255.69921875,24258.849609375,24245.400390625,24253.19921875,0
2026-08-21 10:45:00+05:30,24253.349609375,24267.650390625,24247.94921875,24261.0,0
2026-08-21 11:00:00+05:30,24260.650390625,24267.30078125,24257.849609375,24262.650390625,0
2026-08-21 11:15:00+05:30,24262.900390625,24265.849609375,24248.150390625,24256.599609375,0
2026-08-21 11:30:00+05:30,24256.55078125,24261.75,24248.849609375,24251.05078125,0
2026-08-21 11:45:00+05:30,24251.30078125,24259.69921875,24238.349609375,24239.30078125,0
2026-08-21 12:00:00+05:30,24237.80078125,24244.05078125,24232.55078125,24233.30078125,0
2026-08-21 12:15:00+05:30,24233.19921875,24243.349609375,24227.5,24238.25,0
2026-08-21 12:30:00+05:30,24238.0,24246.69921875,24227.44921875,24233.30078125,0
2026-08-21 12:45:00+05:30,24233.099609375,24239.400390625,24228.55078125,24232.80078125,0
2026-08-21 13:00:00+05:30,24232.599609375,24253.099609375,24231.94921875,24244.0,0
2026-08-21 13:15:00+05:30,24244.0,24248.19921875,24234.900390625,24246.80078125,0
2026-08-21 13:30:00+05:30,24247.05078125,24250.349609375,24229.75,24235.80078125,0
2026-08-21 13:45:00+05:30,24235.599609375,24242.900390625,24226.099609375,24233.94921875,0
2026-08-21 14:00:00+05:30,24232.900390625,24236.44921875,24223.650390625,24230.55078125,0
2026-08-21 14:15:00+05:30,24230.599609375,24243.25,24229.94921875,24243.099609375,0
2026-08-21 14:30:00+05:30,24242.69921875,24246.25,24232.900390625,24235.349609375,0
2026-08-21 14:45:00+05:30,24234.849609375,24244.400390625,24233.30078125,24236.30078125,0
2026-08-21 15:00:00+05:30,24235.849609375,24243.44921875,24223.599609375,24234.75,0
2026-08-21 15:15:00+05:30,24234.75,24252.0,24234.75,24252.0,0
2026-08-24 09:15:00+05:30,24285.05078125,24312.849609375,24276.75,24288.099609375,0
2026-08-24 09:30:00+05:30,24287.150390625,24291.05078125,24272.55078125,24281.75,0
2026-08-24 09:45:00+05:30,24281.650390625,24285.150390625,24267.30078125,24268.19921875,0
2026-08-24 10:00:00+05:30,24268.650390625,24276.55078125,24267.650390625,24273.099609375,0
2026-08-24 10:15:00+05:30,24273.05078125,24284.25,24271.75,24277.599609375,0
2026-08-24 10:30:00+05:30,24277.69921875,24287.69921875,24275.05078125,24279.25,0
2026-08-24 10:45:00+05:30,24279.69921875,24280.900390625,24240.94921875,24242.900390625,0
2026-08-24 11:00:00+05:30,24243.25,24255.0,24209.599609375,24210.69921875,0
2026-08-24 11:15:00+05:30,24210.75,24220.80078125,24196.400390625,24202.150390625,0
2026-08-24 11:30:00+05:30,24202.05078125,24204.05078125,24173.849609375,24186.80078125,0
2026-08-24 11:45:00+05:30,24187.150390625,24200.5,24180.400390625,24181.099609375,0
2026-08-24 12:00:00+05:30,24181.19921875,24198.849609375,24179.69921875,24194.05078125,0
2026-08-24 12:15:00+05:30,24194.099609375,24199.55078125,24182.94921875,24183.900390625,0
2026-08-24 12:30:00+05:30,24183.849609375,24193.099609375,24175.650390625,24180.0,0
2026-08-24 12:45:00+05:30,24180.099609375,24190.400390625,24179.0,24181.849609375,0
2026-08-24 13:00:00+05:30,24180.94921875,24182.849609375,24153.349609375,24166.400390625,0
2026-08-24 13:15:00+05:30,24166.150390625,24181.849609375,24161.75,24178.75,0
2026-08-24 13:30:00+05:30,24178.75,24181.05078125,24162.650390625,24167.599609375,0
2026-08-24 13:45:00+05:30,24167.05078125,24172.80078125,24157.400390625,24158.5,0
2026-08-24 14:00:00+05:30,24158.55078125,24169.0,24148.30078125,24150.400390625,0
2026-08-24 14:15:00+05:30,24151.099609375,24166.75,24144.44921875,24160.80078125,0
2026-08-24 14:30:00+05:30,24161.05078125,24180.900390625,24158.349609375,24169.05078125,0
2026-08-24 14:45:00+05:30,24165.25,24175.0,24158.0,24172.69921875,0
2026-08-24 15:00:00+05:30,24172.44921875,24185.650390625,24161.94921875,24182.150390625,0
2026-08-24 15:15:00+05:30,24182.80078125,24219.05078125,24182.80078125,24219.05078125,0
2026-08-25 09:15:00+05:30,24184.44921875,24198.099609375,24129.150390625,24181.5,0
2026-08-25 09:30:00+05:30,24182.19921875,24197.75,24153.0,24154.849609375,0
2026-08-25 09:45:00+05:30,24156.900390625,24166.099609375,24133.80078125,24138.849609375,0
2026-08-25 10:00:00+05:30,24141.94921875,24149.5,24130.349609375,24141.19921875,0
2026-08-25 10:15:00+05:30,24141.94921875,24142.69921875,24115.55078125,24126.349609375,0
2026-08-25 10:30:00+05:30,24128.30078125,24140.44921875,24123.55078125,24135.94921875,0
2026-08-25 10:45:00+05:30,24140.05078125,24166.900390625,24135.69921875,24142.69921875,0
2026-08-25 11:00:00+05:30,24144.55078125,24149.25,24133.44921875,24147.55078125,0
2026-08-25 11:15:00+05:30,24147.75,24157.5,24141.75,24149.19921875,0
2026-08-25 11:30:00+05:30,24150.900390625,24157.650390625,24140.349609375,24152.05078125,0
2026-08-25 11:45:00+05:30,24154.55078125,24189.94921875,24138.900390625,24178.30078125,0
2026-08-25 12:00:00+05:30,24180.44921875,24183.80078125,24163.80078125,24171.599609375,0
2026-08-25 12:15:00+05:30,24174.30078125,24181.0,24163.80078125,24169.849609375,0
2026-08-25 12:30:00+05:30,24172.25,24175.25,24150.599609375,24156.30078125,0
2026-08-25 12:45:00+05:30,24157.75,24162.400390625,24147.099609375,24157.05078125,0
2026-08-25 13:00:00+05:30,24157.599609375,24160.849609375,24125.900390625,24129.900390625,0
2026-08-25 13:15:00+05:30,24129.19921875,24137.30078125,24122.25,24126.44921875,0
2026-08-25 13:30:00+05:30,24127.94921875,24146.0,24125.05078125,24140.400390625,0
2026-08-25 13:45:00+05:30,24142.349609375,24179.900390625,24128.94921875,24156.599609375,0
2026-08-25 14:00:00+05:30,24157.30078125,24161.599609375,24139.30078125,24154.19921875,0
2026-08-25 14:15:00+05:30,24153.94921875,24185.19921875,24150.900390625,24181.849609375,0
2026-08-25 14:30:00+05:30,24183.150390625,24215.599609375,24173.400390625,24209.150390625,0
2026-08-25 14:45:00+05:30,24208.900390625,24256.75,24207.05078125,24253.099609375,0
2026-08-25 15:00:00+05:30,24252.80078125,24266.849609375,24239.099609375,24260.150390625,0
2026-08-25 15:15:00+05:30,24260.05078125,24334.55078125,24260.05078125,24334.55078125,0
2026-08-26 09:15:00+05:30,24343.05078125,24362.900390625,24309.94921875,24351.150390625,0
2026-08-26 09:30:00+05:30,24350.900390625,24375.69921875,24341.099609375,24371.599609375,0
2026-08-26 09:45:00+05:30,24371.349609375,24378.0,24360.80078125,24365.80078125,0
2026-08-26 10:00:00+05:30,24366.05078125,24369.05078125,24333.44921875,24342.94921875,0
2026-08-26 10:15:00+05:30,24343.099609375,24348.30078125,24294.349609375,24304.599609375,0
2026-08-26 10:30:00+05:30,24304.650390625,24331.30078125,24303.44921875,24327.44921875,0
2026-08-26 10:45:00+05:30,24328.25,24329.25,24311.900390625,24320.400390625,0
2026-08-26 11:00:00+05:30,24319.94921875,24331.599609375,24306.849609375,24330.80078125,0
2026-08-26 11:15:00+05:30,24330.599609375,24332.650390625,24297.94921875,24304.94921875,0
2026-08-26 11:30:00+05:30,24305.80078125,24313.400390625,24292.75,24308.19921875,0
2026-08-26 11:45:00+05:30,24308.19921875,24309.099609375,24282.94921875,24288.44921875,0
2026-08-26 12:00:00+05:30,24288.650390625,24290.05078125,24266.650390625,24280.75,0
2026-08-26 12:15:00+05:30,24281.599609375,24291.400390625,24273.69921875,24278.099609375,0
2026-08-26 12:30:00+05:30,24278.44921875,24286.05078125,24268.900390625,24283.900390625,0
2026-08-26 12:45:00+05:30,24283.44921875,24285.44921875,24273.75,24279.05078125,0
2026-08-26 13:00:00+05:30,24279.19921875,24283.05078125,24268.150390625,24269.19921875,0
2026-08-26 13:15:00+05:30,24269.400390625,24269.94921875,24254.05078125,24265.44921875,0
2026-08-26 13:30:00+05:30,24265.0,24271.25,24261.05078125,24261.900390625,0
2026-08-26 13:45:00+05:30,24262.0,24269.94921875,24257.0,24263.349609375,0
2026-08-26 14:00:00+05:30,24262.69921875,24279.55078125,24258.650390625,24273.5,0
2026-08-26 14:15:00+05:30,24272.80078125,24281.19921875,24266.05078125,24273.25,0
2026-08-26 14:30:00+05:30,24273.099609375,24284.0,24270.099609375,24278.69921875,0
2026-08-26 14:45:00+05:30,24278.80078125,24297.05078125,24276.80078125,24290.80078125,0
2026-08-26 15:00:00+05:30,24288.94921875,24292.349609375,24270.650390625,24276.599609375,0
2026-08-26 15:15:00+05:30,24276.900390625,24276.900390625,24207.75,24207.75,0
2026-08-27 09:15:00+05:30,24277.599609375,24296.900390625,24198.400390625,24201.099609375,0
2026-08-27 09:30:00+05:30,24202.5,24216.900390625,24188.80078125,24214.400390625,0
2026-08-27 09:45:00+05:30,24214.349609375,24228.19921875,24189.30078125,24196.75,0
2026-08-27 10:00:00+05:30,24196.099609375,24197.599609375,24180.05078125,24183.55078125,0
2026-08-27 10:15:00+05:30,24184.44921875,24192.30078125,24178.650390625,24182.5,0
2026-08-27 10:30:00+05:30,24183.05078125,24191.900390625,24169.099609375,24169.099609375,0
2026-08-27 10:45:00+05:30,24172.099609375,24179.75,24154.25,24159.650390625,0
2026-08-27 11:00:00+05:30,24161.150390625,24168.75,24148.80078125,24155.849609375,0
2026-08-27 11:15:00+05:30,24156.849609375,24158.75,24137.650390625,24144.05078125,0
2026-08-27 11:30:00+05:30,24144.55078125,24162.19921875,24141.599609375,24151.55078125,0
2026-08-27 11:45:00+05:30,24151.5,24163.400390625,24143.25,24158.80078125,0
2026-08-27 12:00:00+05:30,24158.849609375,24160.5,24133.80078125,24154.849609375,0
2026-08-27 12:15:00+05:30,24154.849609375,24162.25,24140.55078125,24158.349609375,0
2026-08-27 12:30:00+05:30,24158.0,24177.400390625,24150.19921875,24173.0,0
2026-08-27 12:45:00+05:30,24172.849609375,24192.349609375,24166.0,24180.05078125,0
2026-08-27 13:00:00+05:30,24180.5,24195.55078125,24175.25,24194.099609375,0
2026-08-27 13:15:00+05:30,24193.099609375,24199.900390625,24174.44921875,24182.30078125,0
2026-08-27 13:30:00+05:30,24181.05078125,24187.849609375,24163.150390625,24163.900390625,0
2026-08-27 13:45:00+05:30,24163.30078125,24165.150390625,24129.25,24131.25,0
2026-08-27 14:00:00+05:30,24130.80078125,24143.05078125,24120.80078125,24131.75,0
2026-08-27 14:15:00+05:30,24131.900390625,24158.0,24129.150390625,24158.0,0
2026-08-27 14:30:00+05:30,24158.150390625,24167.19921875,24138.099609375,24143.30078125,0
2026-08-27 14:45:00+05:30,24143.150390625,24157.55078125,24140.900390625,24156.30078125,0
2026-08-27 15:00:00+05:30,24155.94921875,24162.25,24128.599609375,24134.30078125,0
2026-08-27 15:15:00+05:30,24133.599609375,24133.599609375,24090.849609375,24090.849609375,0
2026-08-28 09:15:00+05:30,24128.94921875,24157.650390625,24107.099609375,24149.55078125,0
2026-08-28 09:30:00+05:30,24148.349609375,24166.150390625,24130.400390625,24160.900390625,0
2026-08-28 09:45:00+05:30,24161.400390625,24163.05078125,24136.150390625,24156.5,0
2026-08-28 10:00:00+05:30,24158.30078125,24167.849609375,24141.5,24167.19921875,0
2026-08-28 10:15:00+05:30,24168.25,24188.30078125,24158.55078125,24169.849609375,0
2026-08-28 10:30:00+05:30,24171.25,24171.25,24154.75,24156.150390625,0
2026-08-28 10:45:00+05:30,24157.05078125,24170.599609375,24149.75,24155.69921875,0
2026-08-28 11:00:00+05:30,24156.80078125,24166.05078125,24141.55078125,24160.94921875,0
2026-08-28 11:15:00+05:30,24162.69921875,24163.400390625,24117.0,24117.849609375,0
2026-08-28 11:30:00+05:30,24117.849609375,24123.19921875,24092.849609375,24105.69921875,0
2026-08-28 11:45:00+05:30,24106.349609375,24109.650390625,24077.0,24083.150390625,0
2026-08-28 12:00:00+05:30,24084.25,24098.69921875,24077.0,24086.900390625,0
2026-08-28 12:15:00+05:30,24087.599609375,24096.099609375,24083.849609375,24094.650390625,0
2026-08-28 12:30:00+05:30,24096.150390625,24108.099609375,24093.44921875,24105.599609375,0
2026-08-28 12:45:00+05:30,24105.80078125,24110.94921875,24096.44921875,24096.44921875,0
2026-08-28 13:00:00+05:30,24098.69921875,24110.0,24089.349609375,24103.55078125,0
2026-08-28 13:15:00+05:30,24105.349609375,24116.44921875,24095.5,24096.150390625,0
2026-08-28 13:30:00+05:30,24097.25,24119.0,24095.30078125,24113.099609375,0
2026-08-28 13:45:00+05:30,24114.25,24114.599609375,24097.44921875,24110.849609375,0
2026-08-28 14:00:00+05:30,24111.900390625,24113.349609375,24098.55078125,24110.80078125,0
2026-08-28 14:15:00+05:30,24111.900390625,24121.30078125,24107.150390625,24120.349609375,0
2026-08-28 14:30:00+05:30,24120.44921875,24123.80078125,24113.099609375,24118.099609375,0
2026-08-28 14:45:00+05:30,24119.0,24140.75,24113.5,24129.44921875,0
2026-08-28 15:00:00+05:30,24128.44921875,24159.099609375,24104.900390625,24142.94921875,0
2026-08-28 15:15:00+05:30,24142.44921875,24175.650390625,24142.44921875,24175.650390625,0
2026-08-31 09:15:00+05:30,24117.099609375,24126.55078125,24037.05078125,24043.05078125,0
2026-08-31 09:30:00+05:30,24045.5,24067.400390625,24024.400390625,24024.599609375,0
2026-08-31 09:45:00+05:30,24026.650390625,24038.400390625,24013.25,24025.5,0
2026-08-31 10:00:00+05:30,24027.650390625,24043.349609375,24010.5,24017.849609375,0
2026-08-31 10:15:00+05:30,24018.69921875,24033.30078125,24004.849609375,24028.849609375,0
2026-08-31 10:30:00+05:30,24029.650390625,24032.099609375,23997.44921875,24010.650390625,0
2026-08-31 10:45:00+05:30,24012.25,24015.80078125,23997.150390625,24010.30078125,0
2026-08-31 11:00:00+05:30,24012.650390625,24017.19921875,23993.849609375,24001.599609375,0
2026-08-31 11:15:00+05:30,24003.30078125,24010.849609375,24000.25,24009.75,0
2026-08-31 11:30:00+05:30,24011.25,24031.349609375,24008.400390625,24024.849609375,0
2026-08-31 11:45:00+05:30,24027.0,24088.69921875,24018.80078125,24063.900390625,0
2026-08-31 12:00:00+05:30,24067.0,24078.69921875,24053.5,24055.94921875,0
2026-08-31 12:15:00+05:30,24057.75,24080.19921875,24052.44921875,24064.19921875,0
2026-08-31 12:30:00+05:30,24066.25,24079.349609375,24054.05078125,24073.94921875,0
2026-08-31 12:45:00+05:30,24076.5,24079.05078125,24062.150390625,24062.150390625,0
2026-08-31 13:00:00+05:30,24064.849609375,24076.80078125,24057.400390625,24074.150390625,0
2026-08-31 13:15:00+05:30,24076.0,24076.150390625,24063.0,24067.05078125,0
2026-08-31 13:30:00+05:30,24069.099609375,24073.69921875,24053.650390625,24055.05078125,0
2026-08-31 13:45:00+05:30,24058.150390625,24067.150390625,24043.19921875,24047.05078125,0
2026-08-31 14:00:00+05:30,24049.05078125,24050.69921875,24024.80078125,24031.55078125,0
2026-08-31 14:15:00+05:30,24033.5,24040.25,24020.599609375,24022.19921875,0
2026-08-31 14:30:00+05:30,24023.849609375,24063.599609375,24020.5,24054.099609375,0
2026-08-31 14:45:00+05:30,24056.150390625,24114.0,24055.400390625,24075.19921875,0
2026-08-31 15:00:00+05:30,24074.94921875,24074.94921875,24044.650390625,24051.94921875,0
2026-08-31 15:15:00+05:30,24050.25,24080.400390625,24050.25,24080.400390625,0
2026-09-01 09:15:00+05:30,24077.05078125,24077.05078125,24028.0,24063.94921875,0
2026-09-01 09:30:00+05:30,24064.75,24076.650390625,24025.55078125,24028.349609375,0
2026-09-01 09:45:00+05:30,24030.150390625,24031.349609375,24010.55078125,24018.25,0
2026-09-01 10:00:00+05:30,24019.0,24040.94921875,24015.05078125,24036.25,0
2026-09-01 10:15:00+05:30,24037.55078125,24066.25,24035.30078125,24061.05078125,0
2026-09-01 10:30:00+05:30,24062.80078125,24073.19921875,24058.599609375,24064.94921875,0
2026-09-01 10:45:00+05:30,24066.0,24092.44921875,24062.099609375,24082.0,0
2026-09-01 11:00:00+05:30,24083.650390625,24111.75,24072.400390625,24107.05078125,0
2026-09-01 11:15:00+05:30,24108.75,24130.25,24107.0,24126.30078125,0
2026-09-01 11:30:00+05:30,24127.900390625,24142.849609375,24104.0,24119.0,0
2026-09-01 11:45:00+05:30,24120.0,24125.400390625,24108.19921875,24116.69921875,0
2026-09-01 12:00:00+05:30,24118.650390625,24132.19921875,24110.599609375,24117.75,0
2026-09-01 12:15:00+05:30,24118.5,24120.75,24094.650390625,24109.650390625,0
2026-09-01 12:30:00+05:30,24110.900390625,24117.349609375,24102.75,24115.150390625,0
2026-09-01 12:45:00+05:30,24116.5,24118.69921875,24087.44921875,24092.25,0
2026-09-01 13:00:00+05:30,24094.05078125,24094.099609375,24049.80078125,24050.19921875,0
2026-09-01 13:15:00+05:30,24050.75,24060.25,24041.80078125,24049.80078125,0
2026-09-01 13:30:00+05:30,24051.44921875,24065.650390625,24021.19921875,24034.19921875,0
2026-09-01 13:45:00+05:30,24034.900390625,24034.94921875,23988.05078125,24000.150390625,0
2026-09-01 14:00:00+05:30,24001.80078125,24001.80078125,23953.900390625,23965.05078125,0
2026-09-01 14:15:00+05:30,23967.25,23982.25,23952.599609375,23981.599609375,0
2026-09-01 14:30:00+05:30,23982.44921875,23989.69921875,23958.400390625,23961.94921875,0
2026-09-01 14:45:00+05:30,23963.69921875,23993.349609375,23960.599609375,23980.5,0
2026-09-01 15:00:00+05:30,23980.80078125,23990.25,23959.150390625,23984.44921875,0
2026-09-01 15:15:00+05:30,23980.55078125,24055.80078125,23980.55078125,24055.80078125,0
2026-09-02 09:15:00+05:30,23879.400390625,23879.400390625,23788.05078125,23821.69921875,0
2026-09-02 09:30:00+05:30,23822.55078125,23849.94921875,23813.400390625,23841.599609375,0
2026-09-02 09:45:00+05:30,23842.0,23855.900390625,23821.55078125,23851.0,0
2026-09-02 10:00:00+05:30,23851.0,23862.19921875,23839.900390625,23848.30078125,0
2026-09-02 10:15:00+05:30,23848.05078125,23883.099609375,23844.75,23882.75,0
2026-09-02 10:30:00+05:30,23882.599609375,23895.55078125,23860.05078125,23860.650390625,0
2026-09-02 10:45:00+05:30,23861.25,23871.55078125,23840.599609375,23859.94921875,0
2026-09-02 11:00:00+05:30,23859.80078125,23862.05078125,23826.150390625,23832.349609375,0
2026-09-02 11:15:00+05:30,23832.099609375,23840.900390625,23818.5,23819.599609375,0
2026-09-02 11:30:00+05:30,23819.0,23821.900390625,23807.099609375,23810.69921875,0
2026-09-02 11:45:00+05:30,23811.94921875,23830.150390625,23806.05078125,23812.94921875,0
2026-09-02 12:00:00+05:30,23814.80078125,23839.400390625,23801.099609375,23838.349609375,0
2026-09-02 12:15:00+05:30,23838.849609375,23843.400390625,23815.94921875,23836.25,0
2026-09-02 12:30:00+05:30,23836.19921875,23868.19921875,23834.30078125,23860.94921875,0
2026-09-02 12:45:00+05:30,23860.650390625,23870.55078125,23850.69921875,23869.69921875,0
2026-09-02 13:00:00+05:30,23869.94921875,23876.80078125,23855.650390625,23873.849609375,0
2026-09-02 13:15:00+05:30,23874.19921875,23884.80078125,23867.19921875,23875.099609375,0
2026-09-02 13:30:00+05:30,23875.80078125,23888.099609375,23859.05078125,23868.650390625,0
2026-09-02 13:45:00+05:30,23868.400390625,23878.30078125,23850.80078125,23872.0,0
2026-09-02 14:00:00+05:30,23872.30078125,23895.0,23872.0,23885.25,0
2026-09-02 14:15:00+05:30,23885.75,23886.900390625,23871.80078125,23886.400390625,0
2026-09-02 14:30:00+05:30,23886.650390625,23910.44921875,23886.30078125,23887.650390625,0
2026-09-02 14:45:00+05:30,23887.650390625,23905.80078125,23867.94921875,23873.150390625,0
2026-09-02 15:00:00+05:30,23872.80078125,23888.94921875,23851.900390625,23883.5,0
2026-09-02 15:15:00+05:30,23882.849609375,23914.44921875,23882.849609375,23914.44921875,0
2026-09-03 09:15:00+05:30,23997.94921875,24018.849609375,23955.400390625,23981.94921875,0
2026-09-03 09:30:00+05:30,23982.19921875,24020.599609375,23980.05078125,24017.05078125,0
2026-09-03 09:45:00+05:30,24016.849609375,24022.849609375,24000.099609375,24006.900390625,0
2026-09-03 10:00:00+05:30,24007.599609375,24008.099609375,23990.80078125,23992.55078125,0
2026-09-03 10:15:00+05:30,23991.150390625,24004.650390625,23984.25,23985.25,0
2026-09-03 10:30:00+05:30,23984.69921875,23989.44921875,23952.599609375,23965.80078125,0
2026-09-03 10:45:00+05:30,23967.05078125,23976.05078125,23954.94921875,23960.650390625,0
2026-09-03 11:00:00+05:30,23960.900390625,23966.150390625,23922.75,23926.900390625,0
2026-09-03 11:15:00+05:30,23926.900390625,23966.599609375,23920.650390625,23964.30078125,0
2026-09-03 11:30:00+05:30,23964.150390625,23978.0,23959.94921875,23965.05078125,0
2026-09-03 11:45:00+05:30,23965.25,23974.05078125,23948.19921875,23956.55078125,0
2026-09-03 12:00:00+05:30,23956.75,23960.099609375,23927.099609375,23936.650390625,0
2026-09-03 12:15:00+05:30,23935.94921875,23938.150390625,23905.150390625,23908.55078125,0
2026-09-03 12:30:00+05:30,23907.75,23919.900390625,23903.5,23910.0,0
2026-09-03 12:45:00+05:30,23909.05078125,23930.349609375,23908.5,23920.0,0
2026-09-03 13:00:00+05:30,23920.30078125,23936.150390625,23911.849609375,23925.94921875,0
2026-09-03 13:15:00+05:30,23926.0,23937.30078125,23898.25,23910.19921875,0
2026-09-03 13:30:00+05:30,23910.05078125,23936.900390625,23903.25,23907.349609375,0
2026-09-03 13:45:00+05:30,23907.349609375,23923.900390625,23894.75,23918.099609375,0
2026-09-03 14:00:00+05:30,23918.150390625,23922.650390625,23903.5,23912.94921875,0
2026-09-03 14:15:00+05:30,23913.30078125,23930.349609375,23902.05078125,23921.400390625,0
2026-09-03 14:30:00+05:30,23921.849609375,23923.75,23903.55078125,23908.599609375,0
2026-09-03 14:45:00+05:30,23908.19921875,23916.94921875,23893.69921875,23898.349609375,0
2026-09-03 15:00:00+05:30,23897.349609375,23915.150390625,23877.55078125,23904.849609375,0
2026-09-03 15:15:00+05:30,23903.900390625,23904.099609375,23873.44921875,23873.44921875,0
2026-09-04 09:15:00+05:30,23915.44921875,23948.349609375,23900.19921875,23908.349609375,0
2026-09-04 09:30:00+05:30,23908.69921875,23916.30078125,23896.0,23910.55078125,0
2026-09-04 09:45:00+05:30,23912.5,23954.900390625,23910.599609375,23948.400390625,0
2026-09-04 10:00:00+05:30,23948.69921875,23962.44921875,23936.05078125,23939.44921875,0
2026-09-04 10:15:00+05:30,23939.55078125,23964.69921875,23936.44921875,23963.80078125,0
2026-09-04 10:30:00+05:30,23964.349609375,23971.150390625,23952.44921875,23953.19921875,0
2026-09-04 10:45:00+05:30,23954.19921875,23967.25,23951.80078125,23967.05078125,0
2026-09-04 11:00:00+05:30,23967.30078125,23975.75,23959.19921875,23965.05078125,0
2026-09-04 11:15:00+05:30,23965.25,23989.55078125,23960.94921875,23982.150390625,0
2026-09-04 11:30:00+05:30,23982.849609375,24004.849609375,23980.30078125,23981.5,0
2026-09-04 11:45:00+05:30,23981.849609375,23991.75,23977.349609375,23978.650390625,0
2026-09-04 12:00:00+05:30,23979.69921875,23979.69921875,23946.80078125,23952.849609375,0
2026-09-04 12:15:00+05:30,23951.69921875,23954.349609375,23937.55078125,23947.0,0
2026-09-04 12:30:00+05:30,23948.55078125,23950.400390625,23937.150390625,23938.599609375,0
2026-09-04 12:45:00+05:30,23940.150390625,23946.69921875,23927.25,23935.099609375,0
2026-09-04 13:00:00+05:30,23936.94921875,23952.650390625,23933.55078125,23946.349609375,0
2026-09-04 13:15:00+05:30,23948.44921875,23957.900390625,23935.650390625,23939.400390625,0
2026-09-04 13:30:00+05:30,23940.900390625,23951.69921875,23931.650390625,23944.349609375,0
2026-09-04 13:45:00+05:30,23946.400390625,23953.75,23937.099609375,23939.150390625,0
2026-09-04 14:00:00+05:30,23942.19921875,23951.30078125,23938.650390625,23948.19921875,0
2026-09-04 14:15:00+05:30,23950.05078125,23961.099609375,23942.099609375,23957.599609375,0
2026-09-04 14:30:00+05:30,23958.94921875,23966.349609375,23937.05078125,23937.25,0
2026-09-04 14:45:00+05:30,23937.69921875,23944.75,23934.0,23938.099609375,0
2026-09-04 15:00:00+05:30,23936.80078125,23944.400390625,23928.25,23938.400390625,0
2026-09-04 15:15:00+05:30,23937.900390625,23937.900390625,23897.69921875,23897.69921875,0
2026-09-07 09:15:00+05:30,23881.900390625,23888.80078125,23819.150390625,23828.650390625,0
2026-09-07 09:30:00+05:30,23830.94921875,23845.650390625,23828.25,23835.849609375,0
2026-09-07 09:45:00+05:30,23837.650390625,23841.80078125,23810.349609375,23815.94921875,0
2026-09-07 10:00:00+05:30,23817.05078125,23827.05078125,23806.19921875,23806.44921875,0
2026-09-07 10:15:00+05:30,23808.099609375,23811.150390625,23789.5,23799.599609375,0
2026-09-07 10:30:00+05:30,23801.099609375,23805.44921875,23795.099609375,23802.05078125,0
2026-09-07 10:45:00+05:30,23803.05078125,23803.900390625,23785.69921875,23788.150390625,0
2026-09-07 11:00:00+05:30,23789.19921875,23789.19921875,23764.05078125,23768.30078125,0
2026-09-07 11:15:00+05:30,23770.25,23777.650390625,23762.94921875,23766.599609375,0
2026-09-07 11:30:00+05:30,23767.5,23773.099609375,23757.80078125,23771.900390625,0
2026-09-07 11:45:00+05:30,23773.75,23779.349609375,23767.900390625,23774.75,0
2026-09-07 12:00:00+05:30,23776.099609375,23788.75,23769.25,23785.94921875,0
2026-09-07 12:15:00+05:30,23786.69921875,23788.400390625,23759.80078125,23761.400390625,0
2026-09-07 12:30:00+05:30,23761.900390625,23768.150390625,23751.900390625,23758.400390625,0
2026-09-07 12:45:00+05:30,23760.44921875,23760.44921875,23739.30078125,23744.44921875,0
2026-09-07 13:00:00+05:30,23744.80078125,23755.900390625,23741.05078125,23750.150390625,0
2026-09-07 13:15:00+05:30,23751.349609375,23763.75,23747.30078125,23756.849609375,0
2026-09-07 13:30:00+05:30,23758.0,23765.349609375,23751.0,23761.80078125,0
2026-09-07 13:45:00+05:30,23763.5,23781.69921875,23759.44921875,23775.05078125,0
2026-09-07 14:00:00+05:30,23777.650390625,23784.5,23767.5,23774.05078125,0
2026-09-07 14:15:00+05:30,23776.0,23786.650390625,23768.94921875,23784.150390625,0
2026-09-07 14:30:00+05:30,23784.900390625,23786.80078125,23758.30078125,23758.69921875,0
2026-09-07 14:45:00+05:30,23759.150390625,23765.5,23745.650390625,23749.400390625,0
2026-09-07 15:00:00+05:30,23749.349609375,23765.69921875,23738.05078125,23759.400390625,0
2026-09-07 15:15:00+05:30,23760.30078125,23779.150390625,23760.30078125,23779.150390625,0
2026-09-08 09:15:00+05:30,23746.75,23755.599609375,23669.69921875,23672.5,0
2026-09-08 09:30:00+05:30,23670.849609375,23692.44921875,23669.650390625,23674.349609375,0
2026-09-08 09:45:00+05:30,23673.900390625,23691.599609375,23664.849609375,23666.94921875,0
2026-09-08 10:00:00+05:30,23666.94921875,23708.5,23657.19921875,23707.900390625,0
2026-09-08 10:15:00+05:30,23708.75,23717.25,23686.599609375,23693.900390625,0
2026-09-08 10:30:00+05:30,23694.599609375,23701.599609375,23667.75,23669.30078125,0
2026-09-08 10:45:00+05:30,23669.80078125,23698.599609375,23669.30078125,23670.349609375,0
2026-09-08 11:00:00+05:30,23671.05078125,23681.099609375,23662.099609375,23677.650390625,0
2026-09-08 11:15:00+05:30,23678.25,23687.599609375,23670.650390625,23672.900390625,0
2026-09-08 11:30:00+05:30,23673.849609375,23680.69921875,23663.69921875,23673.349609375,0
2026-09-08 11:45:00+05:30,23673.30078125,23677.19921875,23653.19921875,23657.25,0
2026-09-08 12:00:00+05:30,23658.0,23658.55078125,23638.19921875,23649.69921875,0
2026-09-08 12:15:00+05:30,23650.599609375,23663.0,23644.19921875,23662.599609375,0
2026-09-08 12:30:00+05:30,23662.94921875,23675.099609375,23657.30078125,23660.650390625,0
2026-09-08 12:45:00+05:30,23660.80078125,23663.849609375,23648.349609375,23655.099609375,0
2026-09-08 13:00:00+05:30,23655.75,23662.25,23649.150390625,23661.30078125,0
2026-09-08 13:15:00+05:30,23661.69921875,23662.849609375,23645.599609375,23647.05078125,0
2026-09-08 13:30:00+05:30,23648.44921875,23653.94921875,23638.099609375,23638.55078125,0
2026-09-08 13:45:00+05:30,23640.25,23645.650390625,23623.25,23633.75,0
2026-09-08 14:00:00+05:30,23634.80078125,23656.900390625,23633.0,23649.099609375,0
2026-09-08 14:15:00+05:30,23649.900390625,23659.25,23642.69921875,23654.0,0
2026-09-08 14:30:00+05:30,23654.94921875,23658.849609375,23645.5,23648.150390625,0
2026-09-08 14:45:00+05:30,23648.69921875,23649.19921875,23637.5,23644.55078125,0
2026-09-08 15:00:00+05:30,23642.75,23659.30078125,23634.099609375,23641.099609375,0
2026-09-08 15:15:00+05:30,23640.05078125,23640.05078125,23635.099609375,23635.099609375,0
2026-09-09 09:15:00+05:30,23522.05078125,23531.80078125,23478.94921875,23509.400390625,0
2026-09-09 09:30:00+05:30,23510.849609375,23533.44921875,23506.19921875,23525.44921875,0
2026-09-09 09:45:00+05:30,23526.599609375,23527.75,23484.400390625,23488.69921875,0
2026-09-09 10:00:00+05:30,23488.849609375,23491.0,23467.099609375,23485.400390625,0
2026-09-09 10:15:00+05:30,23484.849609375,23549.0,23484.69921875,23539.5,0
2026-09-09 10:30:00+05:30,23539.650390625,23545.44921875,23501.599609375,23509.849609375,0
2026-09-09 10:45:00+05:30,23509.75,23537.150390625,23507.849609375,23535.599609375,0
2026-09-09 11:00:00+05:30,23536.650390625,23543.69921875,23524.0,23524.94921875,0
2026-09-09 11:15:00+05:30,23527.0,23531.400390625,23512.599609375,23517.5,0
2026-09-09 11:30:00+05:30,23517.099609375,23531.44921875,23513.150390625,23528.05078125,0
2026-09-09 11:45:00+05:30,23528.75,23532.349609375,23486.94921875,23488.19921875,0
2026-09-09 12:00:00+05:30,23488.5,23491.69921875,23470.849609375,23486.650390625,0
2026-09-09 12:15:00+05:30,23487.80078125,23511.099609375,23477.05078125,23510.75,0
2026-09-09 12:30:00+05:30,23510.599609375,23571.349609375,23510.599609375,23565.94921875,0
2026-09-09 12:45:00+05:30,23566.150390625,23568.650390625,23542.69921875,23566.0,0
2026-09-09 13:00:00+05:30,23566.19921875,23569.599609375,23537.150390625,23543.94921875,0
2026-09-09 13:15:00+05:30,23544.30078125,23560.05078125,23536.94921875,23558.55078125,0
2026-09-09 13:30:00+05:30,23558.44921875,23560.599609375,23542.349609375,23553.80078125,0
2026-09-09 13:45:00+05:30,23554.099609375,23559.25,23536.650390625,23551.75,0
2026-09-09 14:00:00+05:30,23551.94921875,23568.30078125,23537.69921875,23547.19921875,0
2026-09-09 14:15:00+05:30,23546.849609375,23549.150390625,23533.5,23536.099609375,0
2026-09-09 14:30:00+05:30,23535.650390625,23537.94921875,23485.849609375,23488.0,0
2026-09-09 14:45:00+05:30,23487.650390625,23494.80078125,23477.650390625,23486.099609375,0
2026-09-09 15:00:00+05:30,23486.0,23487.80078125,23451.099609375,23462.150390625,0
2026-09-09 15:15:00+05:30,23462.400390625,23462.44921875,23431.5,23431.5,0
2026-09-10 09:15:00+05:30,23446.599609375,23489.69921875,23414.400390625,23437.19921875,0
2026-09-10 09:30:00+05:30,23437.349609375,23440.650390625,23410.150390625,23422.80078125,0
2026-09-10 09:45:00+05:30,23422.599609375,23451.599609375,23421.650390625,23428.150390625,0
2026-09-10 10:00:00+05:30,23428.05078125,23430.19921875,23404.400390625,23411.400390625,0
2026-09-10 10:15:00+05:30,23413.599609375,23435.849609375,23412.349609375,23424.75,0
2026-09-10 10:30:00+05:30,23424.80078125,23448.150390625,23424.25,23448.0,0
2026-09-10 10:45:00+05:30,23448.400390625,23451.349609375,23403.19921875,23409.75,0
2026-09-10 11:00:00+05:30,23409.75,23439.099609375,23409.75,23439.099609375,0
2026-09-10 11:15:00+05:30,23438.94921875,23446.80078125,23423.75,23426.94921875,0
2026-09-10 11:30:00+05:30,23426.69921875,23439.05078125,23405.349609375,23421.55078125,0
2026-09-10 11:45:00+05:30,23421.55078125,23439.599609375,23420.30078125,23439.099609375,0
2026-09-10 12:00:00+05:30,23439.400390625,23464.849609375,23437.099609375,23458.44921875,0
2026-09-10 12:15:00+05:30,23458.19921875,23473.900390625,23456.05078125,23457.69921875,0
2026-09-10 12:30:00+05:30,23457.5,23462.0,23439.69921875,23458.599609375,0
2026-09-10 12:45:00+05:30,23458.849609375,23465.19921875,23437.05078125,23437.80078125,0
2026-09-10 13:00:00+05:30,23437.650390625,23448.44921875,23423.150390625,23448.44921875,0
2026-09-10 13:15:00+05:30,23447.30078125,23451.099609375,23428.69921875,23430.150390625,0
2026-09-10 13:30:00+05:30,23431.150390625,23446.349609375,23424.55078125,23440.05078125,0
2026-09-10 13:45:00+05:30,23440.0,23440.849609375,23423.05078125,23425.25,0
2026-09-10 14:00:00+05:30,23425.19921875,23430.150390625,23413.80078125,23417.94921875,0
2026-09-10 14:15:00+05:30,23417.900390625,23428.150390625,23406.5,23418.55078125,0
2026-09-10 14:30:00+05:30,23418.650390625,23421.44921875,23397.80078125,23414.349609375,0
2026-09-10 14:45:00+05:30,23414.69921875,23433.349609375,23409.44921875,23412.150390625,0
2026-09-10 15:00:00+05:30,23411.80078125,23412.25,23380.650390625,23389.400390625,0
2026-09-10 15:15:00+05:30,23389.25,23477.80078125,23389.25,23477.80078125,0
2026-09-11 09:15:00+05:30,23270.900390625,23270.900390625,23232.25,23258.25,0
2026-09-11 09:30:00+05:30,23258.400390625,23267.25,23238.25,23248.19921875,0
2026-09-11 09:45:00+05:30,23249.94921875,23263.349609375,23241.25,23259.25,0
2026-09-11 10:00:00+05:30,23259.900390625,23299.349609375,23257.30078125,23297.19921875,0
2026-09-11 10:15:00+05:30,23297.650390625,23311.650390625,23275.44921875,23275.44921875,0
2026-09-11 10:30:00+05:30,23276.80078125,23305.349609375,23272.599609375,23305.30078125,0
2026-09-11 10:45:00+05:30,23307.099609375,23313.25,23273.150390625,23278.75,0
2026-09-11 11:00:00+05:30,23280.25,23339.05078125,23278.80078125,23337.900390625,0
2026-09-11 11:15:00+05:30,23338.19921875,23352.94921875,23323.849609375,23341.849609375,0
2026-09-11 11:30:00+05:30,23342.30078125,23357.849609375,23333.55078125,23355.25,0
2026-09-11 11:45:00+05:30,23357.25,23360.400390625,23334.75,23352.30078125,0
2026-09-11 12:00:00+05:30,23354.0,23354.69921875,23323.75,23332.0,0
2026-09-11 12:15:00+05:30,23333.75,23344.19921875,23327.099609375,23337.150390625,0
2026-09-11 12:30:00+05:30,23338.5,23360.75,23335.69921875,23349.5,0
2026-09-11 12:45:00+05:30,23351.25,23358.650390625,23336.69921875,23353.900390625,0
2026-09-11 13:00:00+05:30,23355.150390625,23355.150390625,23320.69921875,23337.099609375,0
2026-09-11 13:15:00+05:30,23339.05078125,23356.30078125,23325.150390625,23352.69921875,0
2026-09-11 13:30:00+05:30,23353.44921875,23359.75,23314.0,23336.650390625,0
2026-09-11 13:45:00+05:30,23336.900390625,23390.19921875,23320.30078125,23386.150390625,0
2026-09-11 14:00:00+05:30,23385.849609375,23447.900390625,23383.30078125,23417.150390625,0
2026-09-11 14:15:00+05:30,23418.099609375,23427.099609375,23403.30078125,23424.400390625,0
2026-09-11 14:30:00+05:30,23426.150390625,23440.55078125,23415.5,23433.80078125,0
2026-09-11 14:45:00+05:30,23434.25,23434.94921875,23418.349609375,23420.25,0
2026-09-11 15:00:00+05:30,23420.900390625,23436.599609375,23387.19921875,23435.30078125,0
2026-09-11 15:15:00+05:30,23435.099609375,23435.099609375,23398.099609375,23398.099609375,0
2026-09-15 09:15:00+05:30,23576.150390625,23588.30078125,23452.099609375,23463.900390625,0
2026-09-15 09:30:00+05:30,23464.19921875,23466.44921875,23439.349609375,23448.099609375,0
2026-09-15 09:45:00+05:30,23447.849609375,23448.05078125,23372.94921875,23394.599609375,0
2026-09-15 10:00:00+05:30,23394.69921875,23399.30078125,23369.80078125,23386.75,0
2026-09-15 10:15:00+05:30,23386.80078125,23396.19921875,23361.25,23362.650390625,0
2026-09-15 10:30:00+05:30,23362.75,23375.650390625,23348.5,23351.19921875,0
2026-09-15 10:45:00+05:30,23351.19921875,23353.150390625,23327.44921875,23338.349609375,0
2026-09-15 11:00:00+05:30,23337.75,23360.44921875,23323.80078125,23345.400390625,0
2026-09-15 11:15:00+05:30,23345.44921875,23355.900390625,23313.19921875,23317.650390625,0
2026-09-15 11:30:00+05:30,23317.349609375,23348.5,23311.80078125,23342.05078125,0
2026-09-15 11:45:00+05:30,23342.099609375,23343.25,23319.55078125,23336.400390625,0
2026-09-15 12:00:00+05:30,23335.55078125,23353.900390625,23330.19921875,23335.849609375,0
2026-09-15 12:15:00+05:30,23335.900390625,23340.0,23324.349609375,23337.400390625,0
2026-09-15 12:30:00+05:30,23338.099609375,23338.099609375,23313.80078125,23315.05078125,0
2026-09-15 12:45:00+05:30,23315.05078125,23337.25,23301.69921875,23308.599609375,0
2026-09-15 13:00:00+05:30,23308.94921875,23315.75,23288.80078125,23294.94921875,0
2026-09-15 13:15:00+05:30,23295.099609375,23300.5,23279.900390625,23281.05078125,0
2026-09-15 13:30:00+05:30,23281.44921875,23285.05078125,23251.849609375,23263.25,0
2026-09-15 13:45:00+05:30,23263.349609375,23276.05078125,23262.0,23272.349609375,0
2026-09-15 14:00:00+05:30,23272.80078125,23277.44921875,23229.400390625,23230.19921875,0
2026-09-15 14:15:00+05:30,23228.0,23229.30078125,23195.349609375,23202.80078125,0
2026-09-15 14:30:00+05:30,23202.55078125,23225.19921875,23199.94921875,23215.75,0
2026-09-15 14:45:00+05:30,23216.05078125,23217.55078125,23152.5,23174.900390625,0
2026-09-15 15:00:00+05:30,23174.69921875,23192.349609375,23165.69921875,23172.25,0
2026-09-15 15:15:00+05:30,23172.349609375,23172.349609375,23118.599609375,23118.599609375,0
2026-09-16 09:15:00+05:30,23201.05078125,23281.05078125,23188.30078125,23204.19921875,0
2026-09-16 09:30:00+05:30,23204.0,23213.900390625,23120.94921875,23120.94921875,0
2026-09-16 09:45:00+05:30,23121.0,23235.75,23116.349609375,23224.599609375,0
2026-09-16 10:00:00+05:30,23224.5,23225.150390625,23163.400390625,23177.75,0
2026-09-16 10:15:00+05:30,23177.849609375,23239.44921875,23172.099609375,23229.80078125,0
2026-09-16 10:30:00+05:30,23229.55078125,23250.099609375,23223.69921875,23248.5,0
2026-09-16 10:45:00+05:30,23248.599609375,23268.650390625,23236.94921875,23252.0,0
2026-09-16 11:00:00+05:30,23252.0,23278.75,23248.400390625,23250.69921875,0
2026-09-16 11:15:00+05:30,23250.849609375,23269.0,23219.349609375,23220.25,0
2026-09-16 11:30:00+05:30,23220.19921875,23245.400390625,23219.94921875,23233.650390625,0
2026-09-16 11:45:00+05:30,23233.55078125,23242.75,23213.69921875,23214.849609375,0
2026-09-16 12:00:00+05:30,23215.94921875,23246.849609375,23206.19921875,23233.05078125,0
2026-09-16 12:15:00+05:30,23232.849609375,23246.80078125,23220.55078125,23234.150390625,0
2026-09-16 12:30:00+05:30,23234.400390625,23264.44921875,23234.150390625,23258.599609375,0
2026-09-16 12:45:00+05:30,23258.650390625,23259.05078125,23241.75,23242.099609375,0
2026-09-16 13:00:00+05:30,23242.80078125,23284.75,23240.55078125,23258.69921875,0
2026-09-16 13:15:00+05:30,23258.400390625,23271.30078125,23220.599609375,23220.849609375,0
2026-09-16 13:30:00+05:30,23220.80078125,23237.349609375,23209.80078125,23212.099609375,0
2026-09-16 13:45:00+05:30,23212.19921875,23229.150390625,23212.19921875,23221.5,0
2026-09-16 14:00:00+05:30,23221.05078125,23239.25,23219.349609375,23238.55078125,0
2026-09-16 14:15:00+05:30,23238.30078125,23246.44921875,23224.400390625,23232.400390625,0
2026-09-16 14:30:00+05:30,23231.75,23237.650390625,23221.849609375,23234.349609375,0
2026-09-16 14:45:00+05:30,23234.25,23261.400390625,23230.69921875,23235.80078125,0
2026-09-16 15:00:00+05:30,23236.349609375,23237.0,23215.849609375,23224.30078125,0
2026-09-16 15:15:00+05:30,23224.150390625,23224.150390625,23217.599609375,23217.599609375,0
2026-09-17 09:15:00+05:30,23195.25,23267.69921875,23195.05078125,23252.05078125,0
2026-09-17 09:30:00+05:30,23253.44921875,23303.80078125,23229.44921875,23252.30078125,0
2026-09-17 09:45:00+05:30,23254.599609375,23290.099609375,23244.30078125,23284.5,0
2026-09-17 10:00:00+05:30,23286.650390625,23325.25,23279.80078125,23311.099609375,0
2026-09-17 10:15:00+05:30,23313.30078125,23319.5,23286.849609375,23294.94921875,0
2026-09-17 10:30:00+05:30,23295.0,23298.44921875,23265.44921875,23266.80078125,0
2026-09-17 10:45:00+05:30,23268.849609375,23283.900390625,23260.599609375,23267.849609375,0
2026-09-17 11:00:00+05:30,23268.44921875,23268.900390625,23210.30078125,23224.05078125,0
2026-09-17 11:15:00+05:30,23226.05078125,23256.849609375,23222.599609375,23246.05078125,0
2026-09-17 11:30:00+05:30,23247.25,23276.650390625,23234.650390625,23276.150390625,0
2026-09-17 11:45:00+05:30,23276.75,23315.30078125,23264.80078125,23315.30078125,0
2026-09-17 12:00:00+05:30,23316.75,23346.19921875,23296.80078125,23337.900390625,0
2026-09-17 12:15:00+05:30,23340.650390625,23363.25,23334.80078125,23346.75,0
2026-09-17 12:30:00+05:30,23347.849609375,23361.400390625,23338.349609375,23346.849609375,0
2026-09-17 12:45:00+05:30,23348.599609375,23350.30078125,23333.94921875,23340.650390625,0
2026-09-17 13:00:00+05:30,23342.30078125,23346.30078125,23319.94921875,23321.650390625,0
2026-09-17 13:15:00+05:30,23322.5,23325.25,23263.19921875,23263.30078125,0
2026-09-17 13:30:00+05:30,23266.0,23278.099609375,23244.05078125,23263.849609375,0
2026-09-17 13:45:00+05:30,23265.94921875,23277.150390625,23261.0,23263.69921875,0
2026-09-17 14:00:00+05:30,23265.400390625,23287.150390625,23262.099609375,23277.69921875,0
2026-09-17 14:15:00+05:30,23279.55078125,23291.75,23269.44921875,23282.55078125,0
2026-09-17 14:30:00+05:30,23283.75,23309.94921875,23273.400390625,23287.0,0
2026-09-17 14:45:00+05:30,23286.80078125,23311.650390625,23283.44921875,23284.94921875,0
2026-09-17 15:00:00+05:30,23285.0,23298.150390625,23278.75,23294.69921875,0
2026-09-17 15:15:00+05:30,23294.5,23294.5,23270.599609375,23270.599609375,0
2026-09-18 09:15:00+05:30,23334.69921875,23359.349609375,23292.099609375,23301.05078125,0
2026-09-18 09:30:00+05:30,23300.94921875,23325.099609375,23286.80078125,23312.80078125,0
2026-09-18 09:45:00+05:30,23312.849609375,23338.400390625,23305.0,23329.150390625,0
2026-09-18 10:00:00+05:30,23328.75,23332.94921875,23309.0,23327.55078125,0
2026-09-18 10:15:00+05:30,23327.599609375,23332.0,23299.75,23312.5,0
2026-09-18 10:30:00+05:30,23312.55078125,23317.30078125,23294.0,23305.75,0
2026-09-18 10:45:00+05:30,23305.0,23316.19921875,23297.69921875,23309.25,0
2026-09-18 11:00:00+05:30,23309.150390625,23313.30078125,23289.75,23304.349609375,0
2026-09-18 11:15:00+05:30,23304.349609375,23306.599609375,23291.55078125,23294.5,0
2026-09-18 11:30:00+05:30,23294.75,23306.80078125,23291.69921875,23298.650390625,0
2026-09-18 11:45:00+05:30,23298.55078125,23332.75,23298.19921875,23317.55078125,0
2026-09-18 12:00:00+05:30,23317.5,23332.30078125,23307.44921875,23320.30078125,0
2026-09-18 12:15:00+05:30,23320.900390625,23323.650390625,23305.94921875,23322.400390625,0
2026-09-18 12:30:00+05:30,23322.19921875,23339.5,23321.05078125,23330.849609375,0
2026-09-18 12:45:00+05:30,23331.05078125,23333.69921875,23321.80078125,23329.94921875,0
2026-09-18 13:00:00+05:30,23329.599609375,23342.55078125,23327.30078125,23330.099609375,0
2026-09-18 13:15:00+05:30,23330.05078125,23331.94921875,23318.44921875,23323.650390625,0
2026-09-18 13:30:00+05:30,23323.69921875,23334.099609375,23309.400390625,23310.099609375,0
2026-09-18 13:45:00+05:30,23310.05078125,23337.30078125,23304.69921875,23329.5,0
2026-09-18 14:00:00+05:30,23329.5,23359.55078125,23327.25,23348.5,0
2026-09-18 14:15:00+05:30,23348.44921875,23366.400390625,23346.25,23366.0,0
2026-09-18 14:30:00+05:30,23365.94921875,23375.69921875,23353.650390625,23354.05078125,0
2026-09-18 14:45:00+05:30,23354.099609375,23389.150390625,23352.30078125,23384.30078125,0
2026-09-18 15:00:00+05:30,23384.150390625,23384.150390625,23332.400390625,23341.75,0
2026-09-18 15:15:00+05:30,23341.849609375,23346.400390625,23341.849609375,23346.400390625,0
2026-09-21 09:15:00+05:30,23330.19921875,23402.94921875,23317.150390625,23400.25,0
2026-09-21 09:30:00+05:30,23400.25,23407.80078125,23385.80078125,23392.80078125,0
2026-09-21 09:45:00+05:30,23393.19921875,23410.75,23389.55078125,23394.849609375,0
2026-09-21 10:00:00+05:30,23394.849609375,23398.900390625,23373.0,23373.55078125,0
2026-09-21 10:15:00+05:30,23373.650390625,23381.80078125,23358.75,23372.69921875,0
2026-09-21 10:30:00+05:30,23372.75,23378.349609375,23356.94921875,23376.5,0
2026-09-21 10:45:00+05:30,23376.599609375,23389.94921875,23374.650390625,23386.650390625,0
2026-09-21 11:00:00+05:30,23386.80078125,23402.400390625,23381.94921875,23397.0,0
2026-09-21 11:15:00+05:30,23397.44921875,23400.25,23385.80078125,23398.400390625,0
2026-09-21 11:30:00+05:30,23398.0,23410.75,23396.400390625,23403.650390625,0
2026-09-21 11:45:00+05:30,23403.650390625,23430.849609375,23394.5,23425.599609375,0
2026-09-21 12:00:00+05:30,23425.44921875,23434.05078125,23411.150390625,23417.69921875,0
2026-09-21 12:15:00+05:30,23417.55078125,23422.099609375,23409.650390625,23419.44921875,0
2026-09-21 12:30:00+05:30,23419.44921875,23424.25,23407.94921875,23414.5,0
2026-09-21 12:45:00+05:30,23414.44921875,23418.0,23410.5,23412.69921875,0
2026-09-21 13:00:00+05:30,23412.650390625,23415.44921875,23397.650390625,23410.5,0
2026-09-21 13:15:00+05:30,23409.19921875,23432.25,23409.05078125,23430.69921875,0
2026-09-21 13:30:00+05:30,23430.75,23437.599609375,23423.349609375,23427.75,0
2026-09-21 13:45:00+05:30,23427.900390625,23466.650390625,23427.19921875,23463.30078125,0
2026-09-21 14:00:00+05:30,23463.0,23466.599609375,23449.599609375,23452.69921875,0
2026-09-21 14:15:00+05:30,23452.650390625,23464.05078125,23445.30078125,23448.94921875,0
2026-09-21 14:30:00+05:30,23448.900390625,23453.05078125,23441.349609375,23450.349609375,0
2026-09-21 14:45:00+05:30,23450.30078125,23456.30078125,23444.150390625,23447.5,0
2026-09-21 15:00:00+05:30,23447.25,23450.0,23423.599609375,23428.900390625,0
2026-09-21 15:15:00+05:30,23429.0,23429.0,23429.0,23429.0,0
2026-09-22 09:15:00+05:30,23454.05078125,23489.0,23425.80078125,23445.900390625,0
2026-09-22 09:30:00+05:30,23445.94921875,23459.55078125,23433.19921875,23455.94921875,0
2026-09-22 09:45:00+05:30,23456.0,23464.55078125,23449.55078125,23456.80078125,0
2026-09-22 10:00:00+05:30,23457.19921875,23470.599609375,23453.0,23465.30078125,0
2026-09-22 10:15:00+05:30,23465.19921875,23465.94921875,23431.349609375,23437.30078125,0
2026-09-22 10:30:00+05:30,23437.349609375,23439.75,23368.19921875,23383.30078125,0
2026-09-22 10:45:00+05:30,23382.69921875,23390.75,23363.099609375,23388.650390625,0
2026-09-22 11:00:00+05:30,23388.55078125,23395.0,23368.75,23393.44921875,0
2026-09-22 11:15:00+05:30,23393.30078125,23404.0,23384.349609375,23392.25,0
2026-09-22 11:30:00+05:30,23392.150390625,23393.650390625,23365.849609375,23371.400390625,0
2026-09-22 11:45:00+05:30,23371.400390625,23373.05078125,23341.5,23360.849609375,0
2026-09-22 12:00:00+05:30,23361.05078125,23367.25,23353.55078125,23356.849609375,0
2026-09-22 12:15:00+05:30,23356.900390625,23368.099609375,23350.0,23358.099609375,0
2026-09-22 12:30:00+05:30,23358.19921875,23365.400390625,23344.44921875,23345.849609375,0
2026-09-22 12:45:00+05:30,23345.94921875,23353.650390625,23324.650390625,23332.25,0
2026-09-22 13:00:00+05:30,23332.099609375,23343.0,23319.150390625,23339.55078125,0
2026-09-22 13:15:00+05:30,23339.150390625,23344.05078125,23325.69921875,23340.0,0
2026-09-22 13:30:00+05:30,23339.849609375,23355.349609375,23338.349609375,23339.30078125,0
2026-09-22 13:45:00+05:30,23339.349609375,23339.349609375,23299.349609375,23305.30078125,0
2026-09-22 14:00:00+05:30,23305.19921875,23383.900390625,23285.94921875,23383.0,0
2026-09-22 14:15:00+05:30,23382.599609375,23403.099609375,23359.599609375,23389.75,0
2026-09-22 14:30:00+05:30,23389.80078125,23397.650390625,23359.900390625,23368.75,0
2026-09-22 14:45:00+05:30,23369.0,23383.5,23350.75,23357.900390625,0
2026-09-22 15:00:00+05:30,23357.69921875,23365.30078125,23346.69921875,23348.099609375,0
2026-09-22 15:15:00+05:30,23349.55078125,23349.55078125,23329.0,23329.0,0
2026-09-23 09:15:00+05:30,23352.150390625,23413.900390625,23352.150390625,23367.75,0
2026-09-23 09:30:00+05:30,23367.849609375,23381.349609375,23362.69921875,23378.650390625,0
2026-09-23 09:45:00+05:30,23378.0,23388.80078125,23349.69921875,23377.05078125,0
2026-09-23 10:00:00+05:30,23377.05078125,23384.0,23355.599609375,23365.0,0
2026-09-23 10:15:00+05:30,23364.849609375,23401.150390625,23364.849609375,23398.349609375,0
2026-09-23 10:30:00+05:30,23398.400390625,23413.69921875,23395.849609375,23412.400390625,0
2026-09-23 10:45:00+05:30,23412.80078125,23423.900390625,23411.099609375,23415.5,0
2026-09-23 11:00:00+05:30,23415.5,23441.25,23413.650390625,23436.099609375,0
2026-09-23 11:15:00+05:30,23435.94921875,23437.400390625,23420.099609375,23427.80078125,0
2026-09-23 11:30:00+05:30,23427.80078125,23445.400390625,23427.05078125,23438.80078125,0
2026-09-23 11:45:00+05:30,23438.55078125,23444.400390625,23424.30078125,23429.55078125,0
2026-09-23 12:00:00+05:30,23428.94921875,23462.650390625,23428.94921875,23458.05078125,0
2026-09-23 12:15:00+05:30,23458.099609375,23466.900390625,23447.05078125,23449.400390625,0
2026-09-23 12:30:00+05:30,23449.5,23456.05078125,23443.69921875,23448.80078125,0
2026-09-23 12:45:00+05:30,23448.849609375,23454.05078125,23440.44921875,23453.25,0
2026-09-23 13:00:00+05:30,23453.0,23458.599609375,23440.80078125,23446.30078125,0
2026-09-23 13:15:00+05:30,23446.30078125,23453.75,23438.44921875,23439.0,0
2026-09-23 13:30:00+05:30,23439.400390625,23440.75,23417.599609375,23431.05078125,0
2026-09-23 13:45:00+05:30,23431.05078125,23432.5,23422.150390625,23426.349609375,0
2026-09-23 14:00:00+05:30,23426.55078125,23451.900390625,23425.94921875,23451.75,0
2026-09-23 14:15:00+05:30,23451.650390625,23458.80078125,23439.05078125,23457.55078125,0
2026-09-23 14:30:00+05:30,23457.55078125,23459.94921875,23426.80078125,23427.55078125,0
2026-09-23 14:45:00+05:30,23427.599609375,23435.400390625,23415.900390625,23422.44921875,0
2026-09-23 15:00:00+05:30,23422.44921875,23435.150390625,23408.400390625,23432.150390625,0
2026-09-23 15:15:00+05:30,23431.650390625,23446.80078125,23431.349609375,23446.80078125,0
2026-09-24 09:15:00+05:30,23220.25,23280.599609375,23215.650390625,23260.19921875,0
2026-09-24 09:30:00+05:30,23260.55078125,23272.0,23224.900390625,23226.75,0
2026-09-24 09:45:00+05:30,23226.69921875,23239.349609375,23208.900390625,23225.5,0
2026-09-24 10:00:00+05:30,23225.900390625,23245.099609375,23215.69921875,23218.5,0
2026-09-24 10:15:00+05:30,23218.80078125,23223.150390625,23196.44921875,23210.55078125,0
2026-09-24 10:30:00+05:30,23210.650390625,23236.0,23209.849609375,23218.5,0
2026-09-24 10:45:00+05:30,23218.650390625,23242.75,23215.80078125,23240.19921875,0
2026-09-24 11:00:00+05:30,23241.05078125,23241.80078125,23211.849609375,23216.55078125,0
2026-09-24 11:15:00+05:30,23216.25,23244.69921875,23211.900390625,23223.05078125,0
2026-09-24 11:30:00+05:30,23223.349609375,23224.650390625,23202.099609375,23210.25,0
2026-09-24 11:45:00+05:30,23210.900390625,23215.150390625,23190.400390625,23197.349609375,0
2026-09-24 12:00:00+05:30,23197.400390625,23212.94921875,23193.599609375,23195.69921875,0
2026-09-24 12:15:00+05:30,23195.599609375,23203.599609375,23174.80078125,23187.849609375,0
2026-09-24 12:30:00+05:30,23187.94921875,23192.19921875,23167.05078125,23172.650390625,0
2026-09-24 12:45:00+05:30,23172.599609375,23179.75,23164.849609375,23168.650390625,0
2026-09-24 13:00:00+05:30,23168.5,23189.900390625,23165.400390625,23182.80078125,0
2026-09-24 13:15:00+05:30,23183.099609375,23186.650390625,23135.25,23147.19921875,0
2026-09-24 13:30:00+05:30,23147.150390625,23163.75,23104.900390625,23106.349609375,0
2026-09-24 13:45:00+05:30,23107.19921875,23115.94921875,23048.400390625,23057.5,0
2026-09-24 14:00:00+05:30,23057.75,23096.650390625,23056.44921875,23077.75,0
2026-09-24 14:15:00+05:30,23077.900390625,23084.150390625,23046.19921875,23062.150390625,0
2026-09-24 14:30:00+05:30,23062.25,23108.5,23058.25,23092.19921875,0
2026-09-24 14:45:00+05:30,23092.150390625,23119.099609375,23088.150390625,23098.05078125,0
2026-09-24 15:00:00+05:30,23097.94921875,23107.30078125,23070.25,23083.44921875,0
2026-09-24 15:15:00+05:30,23085.599609375,23085.599609375,23063.099609375,23063.099609375,0
2026-09-25 09:15:00+05:30,23035.0,23116.650390625,23032.94921875,23116.650390625,0
2026-09-25 09:30:00+05:30,23116.5,23121.400390625,23044.05078125,23052.599609375,0
2026-09-25 09:45:00+05:30,23052.599609375,23063.75,23036.05078125,23059.0,0
2026-09-25 10:00:00+05:30,23059.0,23108.5,23053.80078125,23100.599609375,0
2026-09-25 10:15:00+05:30,23100.849609375,23106.900390625,23078.099609375,23085.400390625,0
2026-09-25 10:30:00+05:30,23085.150390625,23090.25,23059.44921875,23065.69921875,0
2026-09-25 10:45:00+05:30,23065.69921875,23068.30078125,23047.5,23063.849609375,0
2026-09-25 11:00:00+05:30,23063.80078125,23093.5,23060.69921875,23091.25,0
2026-09-25 11:15:00+05:30,23091.25,23104.94921875,23075.19921875,23077.099609375,0
2026-09-25 11:30:00+05:30,23077.099609375,23091.150390625,23075.44921875,23083.69921875,0
2026-09-25 11:45:00+05:30,23083.900390625,23091.599609375,23076.05078125,23076.25,0
2026-09-25 12:00:00+05:30,23077.0,23084.80078125,23059.5,23082.0,0
2026-09-25 12:15:00+05:30,23081.94921875,23084.25,23069.25,23082.44921875,0
2026-09-25 12:30:00+05:30,23082.44921875,23089.849609375,23056.650390625,23056.75,0
2026-09-25 12:45:00+05:30,23057.0,23058.69921875,23021.099609375,23040.69921875,0
2026-09-25 13:00:00+05:30,23040.69921875,23055.44921875,23040.19921875,23043.099609375,0
2026-09-25 13:15:00+05:30,23043.0,23045.94921875,23030.650390625,23040.44921875,0
2026-09-25 13:30:00+05:30,23040.349609375,23047.900390625,23027.25,23043.150390625,0
2026-09-25 13:45:00+05:30,23043.19921875,23063.69921875,23040.25,23063.19921875,0
2026-09-25 14:00:00+05:30,23063.099609375,23162.55078125,23063.099609375,23116.30078125,0
2026-09-25 14:15:00+05:30,23116.44921875,23132.599609375,23109.05078125,23118.900390625,0
2026-09-25 14:30:00+05:30,23119.0,23139.150390625,23116.94921875,23122.05078125,0
2026-09-25 14:45:00+05:30,23122.05078125,23127.30078125,23108.19921875,23123.400390625,0
2026-09-25 15:00:00+05:30,23123.099609375,23130.44921875,23103.5,23127.599609375,0
2026-09-25 15:15:00+05:30,23128.099609375,23140.5,23128.099609375,23140.5,0
2026-09-28 09:15:00+05:30,23064.900390625,23079.75,22905.25,22908.94921875,0
2026-09-28 09:30:00+05:30,22908.599609375,22912.099609375,22855.44921875,22856.44921875,0
2026-09-28 09:45:00+05:30,22857.400390625,22886.5,22856.30078125,22874.80078125,0
2026-09-28 10:00:00+05:30,22874.900390625,22880.349609375,22849.900390625,22865.55078125,0
2026-09-28 10:15:00+05:30,22865.400390625,22865.80078125,22833.80078125,22842.69921875,0
2026-09-28 10:30:00+05:30,22842.94921875,22852.69921875,22820.400390625,22827.099609375,0
2026-09-28 10:45:00+05:30,22827.25,22845.55078125,22819.80078125,22838.900390625,0
2026-09-28 11:00:00+05:30,22838.849609375,22840.0,22815.44921875,22820.80078125,0
2026-09-28 11:15:00+05:30,22820.69921875,22833.599609375,22807.650390625,22830.05078125,0
2026-09-28 11:30:00+05:30,22829.94921875,22849.150390625,22822.900390625,22842.099609375,0
2026-09-28 11:45:00+05:30,22842.05078125,22849.349609375,22813.900390625,22826.599609375,0
2026-09-28 12:00:00+05:30,22826.349609375,22838.099609375,22822.44921875,22834.30078125,0
2026-09-28 12:15:00+05:30,22834.150390625,22855.44921875,22824.80078125,22854.099609375,0
2026-09-28 12:30:00+05:30,22853.80078125,22855.349609375,22835.5,22838.400390625,0
2026-09-28 12:45:00+05:30,22838.44921875,22842.19921875,22822.80078125,22830.25,0
2026-09-28 13:00:00+05:30,22830.150390625,22837.650390625,22809.44921875,22820.099609375,0
2026-09-28 13:15:00+05:30,22820.400390625,22848.69921875,22818.19921875,22846.650390625,0
2026-09-28 13:30:00+05:30,22846.349609375,22848.599609375,22830.150390625,22836.0,0
2026-09-28 13:45:00+05:30,22836.099609375,22845.099609375,22828.55078125,22843.150390625,0
2026-09-28 14:00:00+05:30,22842.75,22846.099609375,22819.5,22821.80078125,0
2026-09-28 14:15:00+05:30,22821.80078125,22825.650390625,22785.55078125,22793.75,0
2026-09-28 14:30:00+05:30,22794.19921875,22805.849609375,22762.25,22778.80078125,0
2026-09-28 14:45:00+05:30,22778.80078125,22808.5,22777.5,22797.80078125,0
2026-09-28 15:00:00+05:30,22797.900390625,22798.599609375,22777.599609375,22787.19921875,0
2026-09-28 15:15:00+05:30,22788.25,22788.25,22780.25,22780.25,0
2026-09-29 09:15:00+05:30,22732.44921875,22752.44921875,22624.69921875,22625.599609375,0
2026-09-29 09:30:00+05:30,22625.30078125,22638.099609375,22569.650390625,22613.30078125,0
2026-09-29 09:45:00+05:30,22613.400390625,22619.25,22590.80078125,22604.25,0
2026-09-29 10:00:00+05:30,22604.349609375,22608.55078125,22571.55078125,22578.75,0
2026-09-29 10:15:00+05:30,22578.75,22605.30078125,22573.0,22600.849609375,0
2026-09-29 10:30:00+05:30,22600.30078125,22602.150390625,22588.19921875,22588.19921875,0
